{
"type": "FeatureCollection",
"name": "staedte_grenzen",
"crs": { "type": "name", "properties": { "name": "urn:ogc:def:crs:OGC:1.3:CRS84" } },
"xy_coordinate_resolution": 1e-05,
"features": [
{ "type": "Feature", "properties": { "stadt": "Berlin" }, "geometry": { "type": "MultiPolygon", "coordinates": [ [ [ [ 13.15277, 52.57248 ], [ 13.15239, 52.57046 ], [ 13.15126, 52.56999 ], [ 13.15118, 52.56915 ], [ 13.14986, 52.56676 ], [ 13.14751, 52.5644 ], [ 13.14714, 52.56145 ], [ 13.1458, 52.56061 ], [ 13.14685, 52.55862 ], [ 13.14728, 52.55583 ], [ 13.14691, 52.55428 ], [ 13.14557, 52.55272 ], [ 13.14459, 52.55255 ], [ 13.14422, 52.55212 ], [ 13.14321, 52.55208 ], [ 13.14137, 52.55246 ], [ 13.13633, 52.55271 ], [ 13.13445, 52.55335 ], [ 13.13249, 52.55492 ], [ 13.13047, 52.55597 ], [ 13.12496, 52.54379 ], [ 13.1256, 52.54354 ], [ 13.12418, 52.53905 ], [ 13.1231, 52.53663 ], [ 13.1218, 52.53505 ], [ 13.1212, 52.53329 ], [ 13.12034, 52.53222 ], [ 13.1195, 52.53034 ], [ 13.11832, 52.52075 ], [ 13.11738, 52.51706 ], [ 13.12699, 52.51755 ], [ 13.14318, 52.5197 ], [ 13.14436, 52.51919 ], [ 13.14563, 52.51746 ], [ 13.1475, 52.51719 ], [ 13.15738, 52.51317 ], [ 13.16882, 52.50923 ], [ 13.14959, 52.49631 ], [ 13.12833, 52.47982 ], [ 13.12628, 52.47866 ], [ 13.11769, 52.47732 ], [ 13.11723, 52.47328 ], [ 13.11621, 52.47168 ], [ 13.11379, 52.4698 ], [ 13.11395, 52.46862 ], [ 13.11186, 52.46745 ], [ 13.11056, 52.46566 ], [ 13.11143, 52.46373 ], [ 13.11134, 52.46186 ], [ 13.1105, 52.46 ], [ 13.11241, 52.45899 ], [ 13.11267, 52.45769 ], [ 13.11201, 52.45438 ], [ 13.10929, 52.45063 ], [ 13.11536, 52.44565 ], [ 13.11901, 52.44401 ], [ 13.11902, 52.44297 ], [ 13.11977, 52.44171 ], [ 13.12312, 52.43962 ], [ 13.12315, 52.43871 ], [ 13.12214, 52.43788 ], [ 13.11722, 52.43616 ], [ 13.11393, 52.43297 ], [ 13.11207, 52.43231 ], [ 13.11278, 52.4292 ], [ 13.10802, 52.42666 ], [ 13.10692, 52.42565 ], [ 13.10541, 52.42528 ], [ 13.10457, 52.42398 ], [ 13.1016, 52.42464 ], [ 13.09998, 52.42545 ], [ 13.09931, 52.42534 ], [ 13.0984, 52.42489 ], [ 13.09772, 52.42347 ], [ 13.09584, 52.42198 ], [ 13.08835, 52.41963 ], [ 13.09021, 52.41355 ], [ 13.09028, 52.41221 ], [ 13.09076, 52.41156 ], [ 13.09739, 52.40942 ], [ 13.09864, 52.41026 ], [ 13.09898, 52.41096 ], [ 13.09759, 52.41165 ], [ 13.09645, 52.41309 ], [ 13.10086, 52.41376 ], [ 13.101, 52.41054 ], [ 13.10619, 52.40956 ], [ 13.10714, 52.40999 ], [ 13.10742, 52.41209 ], [ 13.10711, 52.41318 ], [ 13.10778, 52.41333 ], [ 13.10962, 52.41294 ], [ 13.11014, 52.41129 ], [ 13.11151, 52.41141 ], [ 13.1118, 52.41048 ], [ 13.11042, 52.41035 ], [ 13.11063, 52.40944 ], [ 13.10851, 52.40924 ], [ 13.10693, 52.40949 ], [ 13.10638, 52.40869 ], [ 13.10927, 52.40818 ], [ 13.10945, 52.40805 ], [ 13.10833, 52.40726 ], [ 13.10969, 52.40654 ], [ 13.1111, 52.4053 ], [ 13.1112, 52.40451 ], [ 13.11182, 52.40399 ], [ 13.11634, 52.40232 ], [ 13.11775, 52.40212 ], [ 13.12023, 52.39985 ], [ 13.12478, 52.39687 ], [ 13.12742, 52.39664 ], [ 13.13252, 52.39866 ], [ 13.13351, 52.39937 ], [ 13.13496, 52.3986 ], [ 13.1381, 52.39786 ], [ 13.13513, 52.39737 ], [ 13.13571, 52.39618 ], [ 13.13895, 52.39599 ], [ 13.13149, 52.39188 ], [ 13.13017, 52.3905 ], [ 13.12985, 52.3907 ], [ 13.1312, 52.39184 ], [ 13.12729, 52.39161 ], [ 13.12673, 52.38958 ], [ 13.13108, 52.38725 ], [ 13.13199, 52.38752 ], [ 13.13318, 52.3873 ], [ 13.13398, 52.38874 ], [ 13.13287, 52.38874 ], [ 13.13037, 52.39037 ], [ 13.13471, 52.39356 ], [ 13.14182, 52.3971 ], [ 13.1432, 52.39725 ], [ 13.14313, 52.39667 ], [ 13.14386, 52.39614 ], [ 13.14577, 52.3955 ], [ 13.15329, 52.39484 ], [ 13.15887, 52.39394 ], [ 13.16877, 52.3944 ], [ 13.17176, 52.39564 ], [ 13.17116, 52.39782 ], [ 13.1578, 52.39636 ], [ 13.15779, 52.39723 ], [ 13.15939, 52.39991 ], [ 13.15924, 52.40277 ], [ 13.19724, 52.41554 ], [ 13.19951, 52.41543 ], [ 13.20583, 52.41606 ], [ 13.21161, 52.41728 ], [ 13.21709, 52.41917 ], [ 13.22506, 52.42108 ], [ 13.22526, 52.42084 ], [ 13.23314, 52.42034 ], [ 13.23564, 52.42087 ], [ 13.24595, 52.42117 ], [ 13.24714, 52.4189 ], [ 13.24903, 52.41176 ], [ 13.24874, 52.40841 ], [ 13.24915, 52.4079 ], [ 13.24978, 52.40498 ], [ 13.25332, 52.40604 ], [ 13.25807, 52.40639 ], [ 13.26088, 52.406 ], [ 13.26409, 52.40485 ], [ 13.26697, 52.40428 ], [ 13.27092, 52.40422 ], [ 13.27421, 52.40479 ], [ 13.27582, 52.4052 ], [ 13.28035, 52.40736 ], [ 13.29675, 52.41625 ], [ 13.29709, 52.41578 ], [ 13.29696, 52.41505 ], [ 13.29593, 52.4145 ], [ 13.31206, 52.39911 ], [ 13.31414, 52.40062 ], [ 13.3185, 52.4024 ], [ 13.34335, 52.41172 ], [ 13.34306, 52.40769 ], [ 13.35083, 52.4029 ], [ 13.35937, 52.39847 ], [ 13.37195, 52.3938 ], [ 13.37035, 52.38843 ], [ 13.37843, 52.38815 ], [ 13.3873, 52.38857 ], [ 13.38822, 52.38213 ], [ 13.38809, 52.37935 ], [ 13.38843, 52.37786 ], [ 13.39711, 52.37758 ], [ 13.40989, 52.37658 ], [ 13.41283, 52.37688 ], [ 13.41264, 52.37641 ], [ 13.42081, 52.37614 ], [ 13.42746, 52.38578 ], [ 13.42745, 52.38617 ], [ 13.42539, 52.39156 ], [ 13.41842, 52.40708 ], [ 13.4183, 52.40794 ], [ 13.41875, 52.40998 ], [ 13.43194, 52.41252 ], [ 13.44706, 52.41669 ], [ 13.45458, 52.41943 ], [ 13.45896, 52.42048 ], [ 13.46355, 52.42108 ], [ 13.46802, 52.42003 ], [ 13.47101, 52.41405 ], [ 13.47694, 52.40411 ], [ 13.47761, 52.40343 ], [ 13.4776, 52.40272 ], [ 13.47895, 52.39998 ], [ 13.47976, 52.39595 ], [ 13.48648, 52.39742 ], [ 13.50756, 52.40017 ], [ 13.516, 52.40179 ], [ 13.5218, 52.40057 ], [ 13.52638, 52.39894 ], [ 13.5297, 52.3973 ], [ 13.53843, 52.40063 ], [ 13.53708, 52.39825 ], [ 13.53721, 52.39804 ], [ 13.53631, 52.39782 ], [ 13.53669, 52.39721 ], [ 13.53515, 52.39352 ], [ 13.53482, 52.39077 ], [ 13.53549, 52.38899 ], [ 13.56416, 52.38814 ], [ 13.58289, 52.39146 ], [ 13.59269, 52.39381 ], [ 13.59414, 52.39244 ], [ 13.59368, 52.38996 ], [ 13.59432, 52.38892 ], [ 13.5952, 52.38874 ], [ 13.59491, 52.38756 ], [ 13.59534, 52.38679 ], [ 13.59612, 52.38598 ], [ 13.59938, 52.38541 ], [ 13.60047, 52.38432 ], [ 13.603, 52.38284 ], [ 13.60372, 52.38167 ], [ 13.60486, 52.38094 ], [ 13.6064, 52.37912 ], [ 13.60632, 52.37861 ], [ 13.60547, 52.37797 ], [ 13.6068, 52.37603 ], [ 13.60659, 52.37495 ], [ 13.60582, 52.37362 ], [ 13.62851, 52.38136 ], [ 13.63322, 52.37625 ], [ 13.64268, 52.37751 ], [ 13.64284, 52.37258 ], [ 13.6421, 52.37081 ], [ 13.64683, 52.37016 ], [ 13.64719, 52.36703 ], [ 13.64694, 52.36607 ], [ 13.6461, 52.36528 ], [ 13.64114, 52.3631 ], [ 13.63908, 52.36098 ], [ 13.63844, 52.35974 ], [ 13.63872, 52.35875 ], [ 13.63814, 52.3571 ], [ 13.6378, 52.34821 ], [ 13.63671, 52.34815 ], [ 13.63632, 52.34682 ], [ 13.63717, 52.34473 ], [ 13.63871, 52.34319 ], [ 13.64086, 52.34188 ], [ 13.64282, 52.33994 ], [ 13.64449, 52.33992 ], [ 13.64551, 52.33878 ], [ 13.64842, 52.33827 ], [ 13.65095, 52.33895 ], [ 13.6517, 52.33947 ], [ 13.65115, 52.3426 ], [ 13.6533, 52.34556 ], [ 13.65612, 52.34782 ], [ 13.65601, 52.34848 ], [ 13.65678, 52.34962 ], [ 13.65709, 52.35162 ], [ 13.65899, 52.35236 ], [ 13.65897, 52.35281 ], [ 13.65957, 52.35331 ], [ 13.66202, 52.35421 ], [ 13.66223, 52.35442 ], [ 13.66199, 52.35461 ], [ 13.66269, 52.35508 ], [ 13.66239, 52.35571 ], [ 13.66284, 52.35661 ], [ 13.66393, 52.35762 ], [ 13.66491, 52.35813 ], [ 13.66621, 52.35809 ], [ 13.66575, 52.35963 ], [ 13.66667, 52.36236 ], [ 13.66848, 52.36421 ], [ 13.67001, 52.36477 ], [ 13.67119, 52.36649 ], [ 13.67542, 52.36768 ], [ 13.67921, 52.36944 ], [ 13.68215, 52.36964 ], [ 13.68476, 52.36881 ], [ 13.68722, 52.3673 ], [ 13.68892, 52.36741 ], [ 13.68953, 52.36766 ], [ 13.68926, 52.36785 ], [ 13.68999, 52.36785 ], [ 13.6922, 52.36721 ], [ 13.69128, 52.36778 ], [ 13.69308, 52.36798 ], [ 13.69268, 52.36882 ], [ 13.69285, 52.36917 ], [ 13.69561, 52.37121 ], [ 13.69996, 52.37559 ], [ 13.70062, 52.37719 ], [ 13.7004, 52.37751 ], [ 13.69929, 52.37774 ], [ 13.69721, 52.37744 ], [ 13.69884, 52.3815 ], [ 13.69517, 52.38096 ], [ 13.68972, 52.38326 ], [ 13.68792, 52.38296 ], [ 13.68706, 52.38388 ], [ 13.68618, 52.38386 ], [ 13.68683, 52.3853 ], [ 13.68759, 52.38517 ], [ 13.68803, 52.38607 ], [ 13.68887, 52.38503 ], [ 13.69061, 52.3855 ], [ 13.69735, 52.38992 ], [ 13.69787, 52.39096 ], [ 13.69774, 52.3913 ], [ 13.69827, 52.39177 ], [ 13.69901, 52.39191 ], [ 13.69842, 52.39114 ], [ 13.6987, 52.39059 ], [ 13.70015, 52.39114 ], [ 13.70235, 52.39333 ], [ 13.70448, 52.39354 ], [ 13.70655, 52.39512 ], [ 13.70869, 52.39538 ], [ 13.70985, 52.39637 ], [ 13.71018, 52.39619 ], [ 13.71207, 52.39753 ], [ 13.71359, 52.398 ], [ 13.71415, 52.39885 ], [ 13.71587, 52.39969 ], [ 13.71698, 52.39964 ], [ 13.71756, 52.39893 ], [ 13.71805, 52.39882 ], [ 13.71984, 52.39907 ], [ 13.72279, 52.39826 ], [ 13.72464, 52.39885 ], [ 13.72544, 52.3997 ], [ 13.72644, 52.39961 ], [ 13.72745, 52.40023 ], [ 13.72886, 52.39977 ], [ 13.72941, 52.4002 ], [ 13.73004, 52.39965 ], [ 13.73114, 52.40001 ], [ 13.73427, 52.40214 ], [ 13.73416, 52.40334 ], [ 13.73536, 52.40598 ], [ 13.73797, 52.40672 ], [ 13.73903, 52.40734 ], [ 13.73716, 52.40965 ], [ 13.73462, 52.41057 ], [ 13.73335, 52.41249 ], [ 13.73026, 52.41535 ], [ 13.72981, 52.41635 ], [ 13.73139, 52.41918 ], [ 13.73107, 52.42051 ], [ 13.73766, 52.42669 ], [ 13.74077, 52.42642 ], [ 13.74128, 52.42676 ], [ 13.74173, 52.4282 ], [ 13.73894, 52.42885 ], [ 13.73938, 52.42952 ], [ 13.7401, 52.43247 ], [ 13.73325, 52.43322 ], [ 13.72973, 52.43398 ], [ 13.72631, 52.43519 ], [ 13.72281, 52.43683 ], [ 13.72281, 52.43714 ], [ 13.72747, 52.43503 ], [ 13.73143, 52.4338 ], [ 13.7382, 52.43296 ], [ 13.73828, 52.43329 ], [ 13.74289, 52.43294 ], [ 13.74408, 52.43807 ], [ 13.75051, 52.44148 ], [ 13.7563, 52.44161 ], [ 13.75445, 52.43668 ], [ 13.75999, 52.43617 ], [ 13.76116, 52.43771 ], [ 13.75532, 52.43842 ], [ 13.75708, 52.44296 ], [ 13.75438, 52.44328 ], [ 13.75645, 52.44618 ], [ 13.7554, 52.446 ], [ 13.75348, 52.44759 ], [ 13.74925, 52.44867 ], [ 13.74479, 52.44924 ], [ 13.7433, 52.44894 ], [ 13.73776, 52.44964 ], [ 13.73561, 52.45026 ], [ 13.73556, 52.45061 ], [ 13.73435, 52.45074 ], [ 13.73271, 52.45036 ], [ 13.72908, 52.45078 ], [ 13.72058, 52.45675 ], [ 13.71596, 52.46292 ], [ 13.71152, 52.46329 ], [ 13.70571, 52.46556 ], [ 13.70191, 52.46754 ], [ 13.70126, 52.46822 ], [ 13.69908, 52.46828 ], [ 13.7021, 52.46437 ], [ 13.70335, 52.46004 ], [ 13.70526, 52.45987 ], [ 13.70559, 52.4577 ], [ 13.70524, 52.45562 ], [ 13.70461, 52.45476 ], [ 13.69835, 52.45526 ], [ 13.69868, 52.45648 ], [ 13.69769, 52.4585 ], [ 13.69753, 52.46049 ], [ 13.69708, 52.46174 ], [ 13.69543, 52.46419 ], [ 13.68983, 52.46501 ], [ 13.68656, 52.46514 ], [ 13.68278, 52.46607 ], [ 13.67864, 52.46924 ], [ 13.67641, 52.47002 ], [ 13.6701, 52.47309 ], [ 13.66756, 52.47374 ], [ 13.66724, 52.47429 ], [ 13.66433, 52.4737 ], [ 13.66265, 52.47376 ], [ 13.65837, 52.475 ], [ 13.65546, 52.47665 ], [ 13.64831, 52.47873 ], [ 13.64322, 52.47922 ], [ 13.64257, 52.47871 ], [ 13.63615, 52.47615 ], [ 13.63104, 52.47503 ], [ 13.62818, 52.47355 ], [ 13.62534, 52.4737 ], [ 13.62471, 52.46906 ], [ 13.62521, 52.46875 ], [ 13.6229, 52.46878 ], [ 13.62261, 52.46806 ], [ 13.62294, 52.46793 ], [ 13.62268, 52.46778 ], [ 13.62337, 52.46671 ], [ 13.62276, 52.46645 ], [ 13.62138, 52.46664 ], [ 13.62195, 52.46701 ], [ 13.62201, 52.46803 ], [ 13.62186, 52.46845 ], [ 13.62094, 52.46849 ], [ 13.62117, 52.47046 ], [ 13.61712, 52.47121 ], [ 13.61507, 52.46972 ], [ 13.61137, 52.47065 ], [ 13.61649, 52.47483 ], [ 13.61355, 52.47562 ], [ 13.61489, 52.48076 ], [ 13.62971, 52.49304 ], [ 13.62584, 52.4936 ], [ 13.62401, 52.4942 ], [ 13.62677, 52.49908 ], [ 13.6289, 52.50556 ], [ 13.63248, 52.51088 ], [ 13.63578, 52.51422 ], [ 13.64246, 52.51855 ], [ 13.65533, 52.52406 ], [ 13.6585, 52.52595 ], [ 13.65803, 52.52653 ], [ 13.65691, 52.52984 ], [ 13.64625, 52.52968 ], [ 13.64064, 52.53043 ], [ 13.63156, 52.53057 ], [ 13.62569, 52.53018 ], [ 13.62481, 52.53358 ], [ 13.62574, 52.53404 ], [ 13.62483, 52.5381 ], [ 13.62754, 52.53748 ], [ 13.62886, 52.53798 ], [ 13.63058, 52.53762 ], [ 13.63161, 52.538 ], [ 13.63395, 52.53765 ], [ 13.63416, 52.53803 ], [ 13.6349, 52.53822 ], [ 13.63765, 52.54092 ], [ 13.63738, 52.54226 ], [ 13.63545, 52.5423 ], [ 13.6344, 52.54283 ], [ 13.61872, 52.54422 ], [ 13.58638, 52.54978 ], [ 13.58777, 52.55333 ], [ 13.5876, 52.55563 ], [ 13.58648, 52.55769 ], [ 13.58443, 52.55985 ], [ 13.58383, 52.56261 ], [ 13.58393, 52.56376 ], [ 13.58317, 52.56521 ], [ 13.58335, 52.56775 ], [ 13.58154, 52.57111 ], [ 13.57789, 52.57113 ], [ 13.57697, 52.5729 ], [ 13.57497, 52.57383 ], [ 13.57141, 52.57324 ], [ 13.56908, 52.57337 ], [ 13.56916, 52.57308 ], [ 13.56857, 52.5731 ], [ 13.5665, 52.57618 ], [ 13.56186, 52.58039 ], [ 13.55539, 52.58418 ], [ 13.54699, 52.58764 ], [ 13.54713, 52.58785 ], [ 13.52769, 52.59224 ], [ 13.52288, 52.59275 ], [ 13.50812, 52.59214 ], [ 13.49897, 52.60516 ], [ 13.49666, 52.60503 ], [ 13.49712, 52.60667 ], [ 13.49851, 52.61074 ], [ 13.50226, 52.61733 ], [ 13.50332, 52.619 ], [ 13.5037, 52.61926 ], [ 13.50546, 52.61997 ], [ 13.50586, 52.62575 ], [ 13.51085, 52.62762 ], [ 13.51782, 52.62957 ], [ 13.51844, 52.63165 ], [ 13.52235, 52.64049 ], [ 13.52302, 52.64504 ], [ 13.52039, 52.64488 ], [ 13.51927, 52.64695 ], [ 13.51283, 52.6454 ], [ 13.50472, 52.64956 ], [ 13.49076, 52.6548 ], [ 13.48536, 52.65943 ], [ 13.48843, 52.67079 ], [ 13.47797, 52.66768 ], [ 13.47583, 52.66655 ], [ 13.47556, 52.66687 ], [ 13.47568, 52.66754 ], [ 13.47459, 52.66807 ], [ 13.47647, 52.67136 ], [ 13.48008, 52.67486 ], [ 13.47949, 52.67551 ], [ 13.47727, 52.6739 ], [ 13.47549, 52.67501 ], [ 13.46593, 52.66712 ], [ 13.45955, 52.66898 ], [ 13.4555, 52.66575 ], [ 13.45078, 52.66267 ], [ 13.45394, 52.66185 ], [ 13.46238, 52.65754 ], [ 13.47351, 52.65653 ], [ 13.47426, 52.65575 ], [ 13.4739, 52.65412 ], [ 13.47217, 52.65341 ], [ 13.46996, 52.65186 ], [ 13.46707, 52.65166 ], [ 13.46572, 52.65117 ], [ 13.46305, 52.64992 ], [ 13.46221, 52.6489 ], [ 13.45973, 52.64808 ], [ 13.45209, 52.6487 ], [ 13.4521, 52.64967 ], [ 13.44878, 52.65 ], [ 13.44331, 52.64954 ], [ 13.44277, 52.64913 ], [ 13.44082, 52.64927 ], [ 13.43979, 52.64527 ], [ 13.43401, 52.64428 ], [ 13.43339, 52.64147 ], [ 13.43426, 52.63795 ], [ 13.43272, 52.63738 ], [ 13.42763, 52.63751 ], [ 13.42435, 52.63547 ], [ 13.41656, 52.63943 ], [ 13.41426, 52.64124 ], [ 13.41475, 52.64178 ], [ 13.41473, 52.64239 ], [ 13.41363, 52.64246 ], [ 13.41229, 52.64348 ], [ 13.40789, 52.64268 ], [ 13.40659, 52.64385 ], [ 13.40312, 52.64525 ], [ 13.39794, 52.64829 ], [ 13.39727, 52.64815 ], [ 13.39639, 52.64743 ], [ 13.39456, 52.64756 ], [ 13.39386, 52.64632 ], [ 13.39315, 52.64597 ], [ 13.3933, 52.6458 ], [ 13.39293, 52.64556 ], [ 13.39317, 52.64541 ], [ 13.39285, 52.64547 ], [ 13.39295, 52.64523 ], [ 13.3924, 52.64478 ], [ 13.39191, 52.64475 ], [ 13.39233, 52.6444 ], [ 13.39196, 52.64446 ], [ 13.39183, 52.6442 ], [ 13.39217, 52.64405 ], [ 13.39174, 52.64384 ], [ 13.39229, 52.6437 ], [ 13.3915, 52.64363 ], [ 13.39229, 52.64365 ], [ 13.39223, 52.64325 ], [ 13.3913, 52.64355 ], [ 13.3913, 52.64318 ], [ 13.39067, 52.64262 ], [ 13.3909, 52.64247 ], [ 13.39014, 52.64244 ], [ 13.39059, 52.64219 ], [ 13.3902, 52.64215 ], [ 13.39046, 52.64182 ], [ 13.39004, 52.64157 ], [ 13.39038, 52.64146 ], [ 13.38966, 52.64152 ], [ 13.38968, 52.64123 ], [ 13.3904, 52.64085 ], [ 13.38991, 52.64054 ], [ 13.39061, 52.63991 ], [ 13.38961, 52.63937 ], [ 13.38993, 52.63912 ], [ 13.38906, 52.63813 ], [ 13.38933, 52.63796 ], [ 13.38894, 52.63786 ], [ 13.3892, 52.63763 ], [ 13.38862, 52.63759 ], [ 13.38818, 52.63716 ], [ 13.38636, 52.63693 ], [ 13.38508, 52.63626 ], [ 13.38476, 52.63645 ], [ 13.38403, 52.63618 ], [ 13.38333, 52.63664 ], [ 13.38296, 52.63635 ], [ 13.38181, 52.6364 ], [ 13.38193, 52.63595 ], [ 13.38269, 52.63575 ], [ 13.38286, 52.63522 ], [ 13.37997, 52.63441 ], [ 13.3794, 52.63387 ], [ 13.37871, 52.63435 ], [ 13.37762, 52.63307 ], [ 13.37679, 52.63292 ], [ 13.37719, 52.63267 ], [ 13.37656, 52.63241 ], [ 13.37687, 52.63218 ], [ 13.37582, 52.63161 ], [ 13.37634, 52.63137 ], [ 13.37628, 52.63081 ], [ 13.37702, 52.62982 ], [ 13.37685, 52.62916 ], [ 13.37636, 52.62921 ], [ 13.37668, 52.6289 ], [ 13.37583, 52.62904 ], [ 13.37638, 52.62838 ], [ 13.37545, 52.62868 ], [ 13.37457, 52.62777 ], [ 13.37355, 52.6278 ], [ 13.37148, 52.62716 ], [ 13.37079, 52.62737 ], [ 13.36888, 52.62568 ], [ 13.36797, 52.62558 ], [ 13.36766, 52.62601 ], [ 13.36694, 52.62585 ], [ 13.36689, 52.62528 ], [ 13.36531, 52.62547 ], [ 13.3646, 52.62521 ], [ 13.36481, 52.62485 ], [ 13.36407, 52.62466 ], [ 13.36368, 52.62509 ], [ 13.36189, 52.62428 ], [ 13.36098, 52.62426 ], [ 13.36047, 52.62404 ], [ 13.36055, 52.62383 ], [ 13.35968, 52.62405 ], [ 13.35917, 52.62328 ], [ 13.35801, 52.62331 ], [ 13.35765, 52.62298 ], [ 13.35468, 52.62362 ], [ 13.35435, 52.62337 ], [ 13.35305, 52.6234 ], [ 13.35246, 52.62306 ], [ 13.35259, 52.62285 ], [ 13.35208, 52.62305 ], [ 13.35148, 52.62273 ], [ 13.35107, 52.62386 ], [ 13.34397, 52.62374 ], [ 13.3422, 52.62321 ], [ 13.33872, 52.62335 ], [ 13.33839, 52.62293 ], [ 13.33668, 52.62265 ], [ 13.32869, 52.62544 ], [ 13.32384, 52.62638 ], [ 13.31888, 52.62678 ], [ 13.31299, 52.62819 ], [ 13.30261, 52.62719 ], [ 13.30255, 52.62755 ], [ 13.30304, 52.62777 ], [ 13.30888, 52.62915 ], [ 13.31028, 52.63001 ], [ 13.30969, 52.6301 ], [ 13.30978, 52.63061 ], [ 13.31019, 52.63062 ], [ 13.30934, 52.6328 ], [ 13.3062, 52.63647 ], [ 13.30578, 52.63735 ], [ 13.30706, 52.63755 ], [ 13.30627, 52.63961 ], [ 13.30731, 52.63969 ], [ 13.30727, 52.64011 ], [ 13.30823, 52.64024 ], [ 13.30816, 52.64077 ], [ 13.30894, 52.64146 ], [ 13.30887, 52.64194 ], [ 13.30918, 52.64199 ], [ 13.30903, 52.64267 ], [ 13.30941, 52.64273 ], [ 13.3092, 52.64395 ], [ 13.30843, 52.64382 ], [ 13.30043, 52.65351 ], [ 13.3101, 52.6574 ], [ 13.30864, 52.658 ], [ 13.30884, 52.65822 ], [ 13.30712, 52.65962 ], [ 13.30253, 52.65921 ], [ 13.29448, 52.65935 ], [ 13.28908, 52.65996 ], [ 13.28773, 52.65984 ], [ 13.28277, 52.66074 ], [ 13.2819, 52.65275 ], [ 13.28513, 52.65263 ], [ 13.2846, 52.64835 ], [ 13.28424, 52.64845 ], [ 13.28456, 52.64795 ], [ 13.28383, 52.64112 ], [ 13.2696, 52.63971 ], [ 13.26215, 52.64069 ], [ 13.26241, 52.63906 ], [ 13.26468, 52.63598 ], [ 13.2652, 52.63454 ], [ 13.26423, 52.62686 ], [ 13.2603, 52.62774 ], [ 13.24607, 52.62729 ], [ 13.24243, 52.6283 ], [ 13.23969, 52.62783 ], [ 13.23039, 52.62739 ], [ 13.22724, 52.62764 ], [ 13.22512, 52.62841 ], [ 13.22529, 52.6282 ], [ 13.22054, 52.62832 ], [ 13.22069, 52.62781 ], [ 13.21976, 52.62444 ], [ 13.21676, 52.62016 ], [ 13.21482, 52.61926 ], [ 13.20959, 52.61226 ], [ 13.20688, 52.60914 ], [ 13.20502, 52.60814 ], [ 13.20234, 52.6074 ], [ 13.20162, 52.60655 ], [ 13.2017, 52.60548 ], [ 13.20232, 52.60425 ], [ 13.2058, 52.60143 ], [ 13.2082, 52.59899 ], [ 13.2113, 52.59682 ], [ 13.21532, 52.59496 ], [ 13.21812, 52.59319 ], [ 13.21886, 52.59237 ], [ 13.21925, 52.5914 ], [ 13.2174, 52.58748 ], [ 13.20734, 52.58838 ], [ 13.20671, 52.5866 ], [ 13.20537, 52.58685 ], [ 13.20035, 52.58877 ], [ 13.19173, 52.59019 ], [ 13.18342, 52.59369 ], [ 13.17834, 52.59488 ], [ 13.17367, 52.59533 ], [ 13.17197, 52.59629 ], [ 13.1679, 52.59701 ], [ 13.16453, 52.5988 ], [ 13.15706, 52.59763 ], [ 13.15389, 52.59571 ], [ 13.14928, 52.59187 ], [ 13.1435, 52.58971 ], [ 13.13845, 52.58887 ], [ 13.13548, 52.58737 ], [ 13.13267, 52.58692 ], [ 13.12896, 52.5873 ], [ 13.12843, 52.58602 ], [ 13.12934, 52.58593 ], [ 13.12796, 52.58313 ], [ 13.12954, 52.58327 ], [ 13.13026, 52.58304 ], [ 13.13167, 52.58023 ], [ 13.13247, 52.57961 ], [ 13.13752, 52.58053 ], [ 13.13916, 52.58039 ], [ 13.14961, 52.58336 ], [ 13.14988, 52.58288 ], [ 13.15124, 52.58221 ], [ 13.15131, 52.58165 ], [ 13.15316, 52.57895 ], [ 13.15351, 52.57791 ], [ 13.15354, 52.57326 ], [ 13.15277, 52.57248 ] ], [ [ 13.43358, 52.64189 ], [ 13.43363, 52.64213 ], [ 13.43405, 52.64217 ], [ 13.43392, 52.64198 ], [ 13.43358, 52.64189 ] ] ], [ [ [ 13.50545, 52.61989 ], [ 13.50378, 52.61921 ], [ 13.50344, 52.61899 ], [ 13.50544, 52.61969 ], [ 13.50545, 52.61989 ] ] ], [ [ [ 13.39279, 52.64549 ], [ 13.39292, 52.64567 ], [ 13.39274, 52.64564 ], [ 13.39279, 52.64549 ] ] ], [ [ [ 13.39307, 52.64601 ], [ 13.39302, 52.64601 ], [ 13.39306, 52.64591 ], [ 13.39307, 52.64601 ] ] ] ] } },
{ "type": "Feature", "properties": { "stadt": "Hamburg" }, "geometry": { "type": "MultiPolygon", "coordinates": [ [ [ [ 10.19516, 53.60515 ], [ 10.19527, 53.60736 ], [ 10.19352, 53.6099 ], [ 10.19182, 53.60941 ], [ 10.18885, 53.61307 ], [ 10.19271, 53.61538 ], [ 10.1995, 53.61858 ], [ 10.20153, 53.62006 ], [ 10.2058, 53.62147 ], [ 10.20547, 53.62375 ], [ 10.20643, 53.62367 ], [ 10.20786, 53.62435 ], [ 10.21105, 53.623 ], [ 10.21174, 53.6237 ], [ 10.21749, 53.62614 ], [ 10.21813, 53.62719 ], [ 10.21751, 53.6274 ], [ 10.21656, 53.62851 ], [ 10.21686, 53.62995 ], [ 10.21617, 53.63126 ], [ 10.21695, 53.63139 ], [ 10.21705, 53.63115 ], [ 10.22199, 53.63365 ], [ 10.21008, 53.63667 ], [ 10.20785, 53.63633 ], [ 10.20239, 53.63686 ], [ 10.20067, 53.63651 ], [ 10.19991, 53.63673 ], [ 10.19956, 53.63616 ], [ 10.19751, 53.63644 ], [ 10.19564, 53.63746 ], [ 10.19369, 53.63802 ], [ 10.18964, 53.63837 ], [ 10.19536, 53.64238 ], [ 10.19885, 53.64673 ], [ 10.19871, 53.64726 ], [ 10.1972, 53.64871 ], [ 10.19743, 53.64906 ], [ 10.19664, 53.64945 ], [ 10.19612, 53.65151 ], [ 10.19505, 53.6523 ], [ 10.19499, 53.65259 ], [ 10.19636, 53.65353 ], [ 10.19589, 53.65475 ], [ 10.19169, 53.65536 ], [ 10.18719, 53.65653 ], [ 10.18662, 53.65737 ], [ 10.18779, 53.65866 ], [ 10.18376, 53.66343 ], [ 10.18258, 53.66299 ], [ 10.18205, 53.66328 ], [ 10.17959, 53.6632 ], [ 10.1793, 53.66291 ], [ 10.17712, 53.66271 ], [ 10.17398, 53.66431 ], [ 10.17285, 53.66545 ], [ 10.17433, 53.66675 ], [ 10.1728, 53.6687 ], [ 10.17192, 53.66884 ], [ 10.16862, 53.66766 ], [ 10.16561, 53.66797 ], [ 10.16465, 53.66849 ], [ 10.16372, 53.66969 ], [ 10.1616, 53.67092 ], [ 10.16042, 53.67106 ], [ 10.16007, 53.67054 ], [ 10.15904, 53.67064 ], [ 10.15884, 53.66962 ], [ 10.15579, 53.66993 ], [ 10.15511, 53.6721 ], [ 10.16086, 53.67104 ], [ 10.1612, 53.67132 ], [ 10.15895, 53.67212 ], [ 10.15628, 53.67224 ], [ 10.15566, 53.67257 ], [ 10.15554, 53.67328 ], [ 10.15486, 53.67421 ], [ 10.15463, 53.67418 ], [ 10.15521, 53.67295 ], [ 10.15485, 53.67294 ], [ 10.15415, 53.67393 ], [ 10.15438, 53.67432 ], [ 10.15529, 53.67446 ], [ 10.15418, 53.67606 ], [ 10.15358, 53.67559 ], [ 10.15414, 53.67464 ], [ 10.14477, 53.67614 ], [ 10.14374, 53.67723 ], [ 10.14225, 53.67646 ], [ 10.13996, 53.68036 ], [ 10.14232, 53.68028 ], [ 10.14343, 53.68077 ], [ 10.14541, 53.6798 ], [ 10.15191, 53.68254 ], [ 10.15329, 53.68438 ], [ 10.15267, 53.6865 ], [ 10.1545, 53.68701 ], [ 10.15485, 53.68737 ], [ 10.15457, 53.68768 ], [ 10.15516, 53.68788 ], [ 10.1551, 53.68834 ], [ 10.15588, 53.68837 ], [ 10.15563, 53.6889 ], [ 10.15628, 53.68937 ], [ 10.15714, 53.68969 ], [ 10.15751, 53.6896 ], [ 10.15737, 53.68941 ], [ 10.15829, 53.68944 ], [ 10.15894, 53.69026 ], [ 10.15886, 53.69059 ], [ 10.1586, 53.69043 ], [ 10.15852, 53.69116 ], [ 10.15892, 53.69454 ], [ 10.1598, 53.69654 ], [ 10.15956, 53.69807 ], [ 10.1598, 53.70021 ], [ 10.16029, 53.70083 ], [ 10.15985, 53.70143 ], [ 10.15804, 53.70213 ], [ 10.15827, 53.70228 ], [ 10.15666, 53.70365 ], [ 10.15694, 53.70451 ], [ 10.16858, 53.70866 ], [ 10.16744, 53.70906 ], [ 10.16796, 53.70932 ], [ 10.16749, 53.70967 ], [ 10.1671, 53.70952 ], [ 10.16741, 53.71009 ], [ 10.16633, 53.70985 ], [ 10.16658, 53.71124 ], [ 10.17165, 53.71176 ], [ 10.1723, 53.7124 ], [ 10.1741, 53.71249 ], [ 10.17494, 53.71182 ], [ 10.17482, 53.71125 ], [ 10.17751, 53.70996 ], [ 10.18156, 53.7089 ], [ 10.19174, 53.7227 ], [ 10.19147, 53.72352 ], [ 10.19369, 53.731 ], [ 10.19107, 53.73134 ], [ 10.189, 53.73071 ], [ 10.18799, 53.73119 ], [ 10.18651, 53.7311 ], [ 10.1859, 53.73137 ], [ 10.1855, 53.73233 ], [ 10.1828, 53.73273 ], [ 10.17863, 53.73423 ], [ 10.17689, 53.73635 ], [ 10.17256, 53.73821 ], [ 10.16773, 53.73931 ], [ 10.16479, 53.73944 ], [ 10.16285, 53.73829 ], [ 10.16235, 53.73786 ], [ 10.16248, 53.7372 ], [ 10.16175, 53.73697 ], [ 10.1616, 53.7333 ], [ 10.14714, 53.72867 ], [ 10.14607, 53.72821 ], [ 10.14279, 53.7251 ], [ 10.13946, 53.72568 ], [ 10.13814, 53.72479 ], [ 10.13341, 53.72311 ], [ 10.13217, 53.72223 ], [ 10.12824, 53.7206 ], [ 10.12596, 53.71931 ], [ 10.12429, 53.71718 ], [ 10.12349, 53.71714 ], [ 10.12163, 53.7146 ], [ 10.12113, 53.71316 ], [ 10.119, 53.71318 ], [ 10.11895, 53.7135 ], [ 10.1177, 53.71378 ], [ 10.1175, 53.71504 ], [ 10.11575, 53.71608 ], [ 10.11466, 53.71581 ], [ 10.11335, 53.71439 ], [ 10.11204, 53.71425 ], [ 10.10926, 53.71425 ], [ 10.10205, 53.71513 ], [ 10.10113, 53.7167 ], [ 10.09885, 53.71661 ], [ 10.09635, 53.71838 ], [ 10.09418, 53.71932 ], [ 10.08198, 53.72044 ], [ 10.07645, 53.71376 ], [ 10.07687, 53.71371 ], [ 10.07385, 53.71184 ], [ 10.07053, 53.71236 ], [ 10.06924, 53.71094 ], [ 10.07073, 53.70994 ], [ 10.07119, 53.71023 ], [ 10.07294, 53.70972 ], [ 10.07127, 53.70834 ], [ 10.06938, 53.70615 ], [ 10.07899, 53.7039 ], [ 10.07668, 53.70198 ], [ 10.07609, 53.70079 ], [ 10.07747, 53.69942 ], [ 10.07342, 53.69877 ], [ 10.07134, 53.69696 ], [ 10.071, 53.69585 ], [ 10.06977, 53.69642 ], [ 10.06886, 53.69489 ], [ 10.06807, 53.6949 ], [ 10.06758, 53.69378 ], [ 10.06764, 53.69266 ], [ 10.06641, 53.69078 ], [ 10.06579, 53.69076 ], [ 10.06585, 53.68897 ], [ 10.06038, 53.68831 ], [ 10.06071, 53.68825 ], [ 10.06163, 53.68609 ], [ 10.06672, 53.6859 ], [ 10.06714, 53.68524 ], [ 10.06589, 53.68497 ], [ 10.06927, 53.67953 ], [ 10.05149, 53.6777 ], [ 10.04345, 53.68198 ], [ 10.00622, 53.68123 ], [ 10.00309, 53.68093 ], [ 9.99962, 53.68152 ], [ 9.99749, 53.68031 ], [ 9.99244, 53.67639 ], [ 9.99234, 53.67497 ], [ 9.98972, 53.66937 ], [ 9.99113, 53.6665 ], [ 9.99057, 53.66472 ], [ 9.99155, 53.66105 ], [ 9.99121, 53.65826 ], [ 9.987, 53.65539 ], [ 9.98747, 53.64922 ], [ 9.98581, 53.64824 ], [ 9.98228, 53.64886 ], [ 9.98225, 53.64915 ], [ 9.98056, 53.64916 ], [ 9.97853, 53.64867 ], [ 9.97591, 53.64986 ], [ 9.97365, 53.64812 ], [ 9.96896, 53.65035 ], [ 9.96549, 53.64862 ], [ 9.96338, 53.65005 ], [ 9.96094, 53.6496 ], [ 9.95946, 53.64981 ], [ 9.95807, 53.65045 ], [ 9.9548, 53.65083 ], [ 9.95294, 53.65157 ], [ 9.95168, 53.65056 ], [ 9.94973, 53.65076 ], [ 9.94783, 53.65136 ], [ 9.94531, 53.65287 ], [ 9.93747, 53.65232 ], [ 9.9366, 53.65326 ], [ 9.93526, 53.65202 ], [ 9.93249, 53.65281 ], [ 9.93096, 53.65266 ], [ 9.93008, 53.65329 ], [ 9.92521, 53.65306 ], [ 9.92168, 53.65411 ], [ 9.92197, 53.65439 ], [ 9.92103, 53.65477 ], [ 9.92151, 53.65521 ], [ 9.92103, 53.65552 ], [ 9.91754, 53.65414 ], [ 9.91476, 53.65485 ], [ 9.91463, 53.65332 ], [ 9.91385, 53.65304 ], [ 9.91083, 53.65257 ], [ 9.90924, 53.65296 ], [ 9.90688, 53.65248 ], [ 9.9071, 53.6509 ], [ 9.90641, 53.65084 ], [ 9.90605, 53.65028 ], [ 9.90524, 53.64722 ], [ 9.90451, 53.64643 ], [ 9.90501, 53.64638 ], [ 9.90608, 53.64515 ], [ 9.90556, 53.64503 ], [ 9.90574, 53.64174 ], [ 9.89953, 53.64009 ], [ 9.90055, 53.63781 ], [ 9.90043, 53.63636 ], [ 9.89688, 53.63491 ], [ 9.89641, 53.63115 ], [ 9.89449, 53.63097 ], [ 9.88769, 53.62707 ], [ 9.88597, 53.62496 ], [ 9.8892, 53.62287 ], [ 9.88515, 53.62203 ], [ 9.88197, 53.62043 ], [ 9.87923, 53.61975 ], [ 9.8693, 53.61361 ], [ 9.86815, 53.6093 ], [ 9.86172, 53.60722 ], [ 9.86076, 53.60501 ], [ 9.85765, 53.60232 ], [ 9.85787, 53.59937 ], [ 9.85483, 53.5986 ], [ 9.85296, 53.59742 ], [ 9.84902, 53.5978 ], [ 9.8493, 53.59738 ], [ 9.84453, 53.59649 ], [ 9.8451, 53.59497 ], [ 9.83965, 53.59504 ], [ 9.83933, 53.59395 ], [ 9.83993, 53.59335 ], [ 9.83997, 53.5928 ], [ 9.83965, 53.59249 ], [ 9.83907, 53.59261 ], [ 9.83787, 53.59202 ], [ 9.83709, 53.59203 ], [ 9.83611, 53.59013 ], [ 9.83608, 53.58977 ], [ 9.83683, 53.58926 ], [ 9.83665, 53.58768 ], [ 9.83363, 53.58723 ], [ 9.82893, 53.58546 ], [ 9.82605, 53.58512 ], [ 9.82484, 53.58423 ], [ 9.82225, 53.58455 ], [ 9.81583, 53.58647 ], [ 9.80736, 53.5917 ], [ 9.80671, 53.59229 ], [ 9.80674, 53.59261 ], [ 9.80468, 53.59374 ], [ 9.80354, 53.59332 ], [ 9.80138, 53.59492 ], [ 9.79752, 53.59606 ], [ 9.79747, 53.59674 ], [ 9.79132, 53.60127 ], [ 9.78971, 53.60397 ], [ 9.79218, 53.60429 ], [ 9.79219, 53.6049 ], [ 9.79717, 53.60565 ], [ 9.79902, 53.60793 ], [ 9.79626, 53.61032 ], [ 9.79122, 53.60863 ], [ 9.78908, 53.61047 ], [ 9.78886, 53.61116 ], [ 9.78616, 53.61138 ], [ 9.77055, 53.61603 ], [ 9.76852, 53.62257 ], [ 9.77127, 53.6314 ], [ 9.77005, 53.62761 ], [ 9.76375, 53.62739 ], [ 9.76356, 53.62491 ], [ 9.76004, 53.62428 ], [ 9.75755, 53.61706 ], [ 9.75664, 53.61598 ], [ 9.75588, 53.61605 ], [ 9.75359, 53.61295 ], [ 9.75922, 53.61101 ], [ 9.75543, 53.60267 ], [ 9.74833, 53.60386 ], [ 9.7474, 53.60183 ], [ 9.74383, 53.59815 ], [ 9.74361, 53.59686 ], [ 9.74418, 53.59494 ], [ 9.74647, 53.59262 ], [ 9.74534, 53.58936 ], [ 9.7456, 53.58898 ], [ 9.74282, 53.58933 ], [ 9.74208, 53.58837 ], [ 9.7354, 53.58348 ], [ 9.73455, 53.58256 ], [ 9.73637, 53.58157 ], [ 9.73745, 53.57987 ], [ 9.73913, 53.58005 ], [ 9.73903, 53.5812 ], [ 9.74035, 53.58127 ], [ 9.74252, 53.57798 ], [ 9.7375, 53.57767 ], [ 9.73602, 53.57628 ], [ 9.73599, 53.57563 ], [ 9.73696, 53.57522 ], [ 9.73472, 53.56842 ], [ 9.73482, 53.56726 ], [ 9.73528, 53.56648 ], [ 9.73012, 53.55764 ], [ 9.76335, 53.55515 ], [ 9.76504, 53.55462 ], [ 9.77439, 53.55433 ], [ 9.77232, 53.54352 ], [ 9.76992, 53.54234 ], [ 9.76709, 53.54207 ], [ 9.76702, 53.54093 ], [ 9.76556, 53.5411 ], [ 9.76938, 53.53369 ], [ 9.76985, 53.53375 ], [ 9.77125, 53.53109 ], [ 9.76987, 53.52953 ], [ 9.77165, 53.52841 ], [ 9.77417, 53.52754 ], [ 9.77447, 53.52646 ], [ 9.77498, 53.52616 ], [ 9.7743, 53.52526 ], [ 9.77451, 53.52478 ], [ 9.77798, 53.52508 ], [ 9.77994, 53.52001 ], [ 9.78129, 53.51864 ], [ 9.78105, 53.51838 ], [ 9.77107, 53.52185 ], [ 9.7698, 53.52037 ], [ 9.76898, 53.51989 ], [ 9.7664, 53.51481 ], [ 9.76654, 53.51414 ], [ 9.76358, 53.50826 ], [ 9.76504, 53.50734 ], [ 9.76711, 53.50663 ], [ 9.76879, 53.50532 ], [ 9.77622, 53.50311 ], [ 9.7792, 53.50179 ], [ 9.78149, 53.50155 ], [ 9.78111, 53.49981 ], [ 9.78246, 53.50012 ], [ 9.78278, 53.50048 ], [ 9.78306, 53.50008 ], [ 9.78462, 53.50001 ], [ 9.78364, 53.49751 ], [ 9.78292, 53.49455 ], [ 9.78313, 53.49459 ], [ 9.78199, 53.49232 ], [ 9.79278, 53.49454 ], [ 9.79882, 53.4935 ], [ 9.80276, 53.49384 ], [ 9.80234, 53.49144 ], [ 9.80246, 53.48999 ], [ 9.80085, 53.48822 ], [ 9.80081, 53.48615 ], [ 9.80008, 53.48441 ], [ 9.80033, 53.48053 ], [ 9.79997, 53.47866 ], [ 9.79942, 53.47681 ], [ 9.79848, 53.47513 ], [ 9.80049, 53.47539 ], [ 9.79981, 53.46943 ], [ 9.8032, 53.46932 ], [ 9.80347, 53.46684 ], [ 9.80609, 53.46739 ], [ 9.80717, 53.46535 ], [ 9.80739, 53.46447 ], [ 9.80715, 53.46417 ], [ 9.80722, 53.46294 ], [ 9.80748, 53.46275 ], [ 9.8131, 53.46249 ], [ 9.83654, 53.45092 ], [ 9.85655, 53.43491 ], [ 9.85889, 53.43407 ], [ 9.86001, 53.43219 ], [ 9.86096, 53.43161 ], [ 9.86183, 53.42962 ], [ 9.86468, 53.43059 ], [ 9.86439, 53.43115 ], [ 9.86471, 53.432 ], [ 9.8641, 53.43235 ], [ 9.86406, 53.43303 ], [ 9.86251, 53.43383 ], [ 9.86172, 53.43532 ], [ 9.86004, 53.4363 ], [ 9.86064, 53.4372 ], [ 9.8607, 53.43843 ], [ 9.86222, 53.43999 ], [ 9.8634, 53.44043 ], [ 9.86621, 53.43984 ], [ 9.86692, 53.4401 ], [ 9.86748, 53.44092 ], [ 9.86713, 53.44339 ], [ 9.8689, 53.44456 ], [ 9.87037, 53.44295 ], [ 9.8733, 53.44216 ], [ 9.88596, 53.45012 ], [ 9.88621, 53.44975 ], [ 9.88872, 53.45058 ], [ 9.88952, 53.45198 ], [ 9.89182, 53.45327 ], [ 9.89196, 53.45386 ], [ 9.89419, 53.45579 ], [ 9.89496, 53.45584 ], [ 9.89501, 53.45519 ], [ 9.89557, 53.45453 ], [ 9.89666, 53.45391 ], [ 9.89758, 53.45374 ], [ 9.89762, 53.45421 ], [ 9.89841, 53.45436 ], [ 9.9002, 53.45405 ], [ 9.89797, 53.45503 ], [ 9.89858, 53.45643 ], [ 9.89841, 53.45746 ], [ 9.89874, 53.45796 ], [ 9.89931, 53.45749 ], [ 9.90069, 53.45721 ], [ 9.90087, 53.45676 ], [ 9.9006, 53.45648 ], [ 9.90085, 53.45624 ], [ 9.9031, 53.45603 ], [ 9.9043, 53.45672 ], [ 9.90469, 53.45553 ], [ 9.90619, 53.45415 ], [ 9.90819, 53.45358 ], [ 9.90843, 53.45305 ], [ 9.90969, 53.45236 ], [ 9.91125, 53.44955 ], [ 9.91496, 53.44811 ], [ 9.91718, 53.44656 ], [ 9.91732, 53.44587 ], [ 9.91818, 53.44476 ], [ 9.91681, 53.44277 ], [ 9.91688, 53.44228 ], [ 9.919, 53.44273 ], [ 9.91972, 53.43947 ], [ 9.92293, 53.43636 ], [ 9.92145, 53.43617 ], [ 9.92039, 53.43523 ], [ 9.9205, 53.43472 ], [ 9.91973, 53.43396 ], [ 9.91407, 53.43002 ], [ 9.91625, 53.42673 ], [ 9.91542, 53.4259 ], [ 9.91626, 53.42481 ], [ 9.91294, 53.42315 ], [ 9.91277, 53.42247 ], [ 9.91073, 53.42138 ], [ 9.90874, 53.4195 ], [ 9.9067, 53.41595 ], [ 9.91144, 53.41507 ], [ 9.91079, 53.41407 ], [ 9.91159, 53.41504 ], [ 9.91647, 53.41414 ], [ 9.92469, 53.41943 ], [ 9.92523, 53.41931 ], [ 9.92722, 53.42054 ], [ 9.92949, 53.42007 ], [ 9.92995, 53.42148 ], [ 9.94213, 53.42102 ], [ 9.94695, 53.4269 ], [ 9.94287, 53.42832 ], [ 9.94384, 53.42945 ], [ 9.9503, 53.4283 ], [ 9.95564, 53.42772 ], [ 9.96034, 53.42656 ], [ 9.96008, 53.42499 ], [ 9.96217, 53.42487 ], [ 9.96205, 53.42414 ], [ 9.96319, 53.42389 ], [ 9.96365, 53.42446 ], [ 9.96385, 53.42378 ], [ 9.96829, 53.42375 ], [ 9.96927, 53.42203 ], [ 9.9713, 53.42102 ], [ 9.97258, 53.42137 ], [ 9.97452, 53.42064 ], [ 9.97496, 53.42194 ], [ 9.97593, 53.42189 ], [ 9.97484, 53.41978 ], [ 9.97574, 53.4194 ], [ 9.97596, 53.41596 ], [ 9.97649, 53.41377 ], [ 9.98059, 53.4142 ], [ 9.98151, 53.41461 ], [ 9.98335, 53.41462 ], [ 9.98256, 53.4157 ], [ 9.98428, 53.41585 ], [ 9.98446, 53.41624 ], [ 9.98523, 53.41655 ], [ 9.98554, 53.41754 ], [ 9.98703, 53.41741 ], [ 9.98726, 53.41945 ], [ 9.98815, 53.41934 ], [ 9.98844, 53.42055 ], [ 9.99278, 53.41966 ], [ 9.9959, 53.42588 ], [ 10.00074, 53.42456 ], [ 10.00737, 53.42894 ], [ 10.00934, 53.4295 ], [ 10.01027, 53.42868 ], [ 10.01487, 53.42931 ], [ 10.01523, 53.42898 ], [ 10.01662, 53.42943 ], [ 10.01743, 53.42878 ], [ 10.01884, 53.42931 ], [ 10.01778, 53.4302 ], [ 10.02115, 53.43053 ], [ 10.02156, 53.43131 ], [ 10.02316, 53.43246 ], [ 10.02921, 53.4353 ], [ 10.0257, 53.43826 ], [ 10.01886, 53.44066 ], [ 10.01608, 53.44127 ], [ 10.01531, 53.44191 ], [ 10.0146, 53.44202 ], [ 10.02224, 53.44755 ], [ 10.02418, 53.44666 ], [ 10.02392, 53.44582 ], [ 10.03232, 53.44411 ], [ 10.03518, 53.44692 ], [ 10.03645, 53.44693 ], [ 10.0361, 53.44663 ], [ 10.03718, 53.44656 ], [ 10.03658, 53.44604 ], [ 10.04264, 53.44607 ], [ 10.04316, 53.44666 ], [ 10.04405, 53.44644 ], [ 10.04433, 53.44674 ], [ 10.04539, 53.4464 ], [ 10.04918, 53.44985 ], [ 10.04124, 53.4516 ], [ 10.04415, 53.45486 ], [ 10.04213, 53.45587 ], [ 10.04197, 53.45655 ], [ 10.04359, 53.45898 ], [ 10.04432, 53.45938 ], [ 10.04525, 53.4593 ], [ 10.04613, 53.45993 ], [ 10.04592, 53.46065 ], [ 10.04664, 53.46117 ], [ 10.04817, 53.46114 ], [ 10.04963, 53.46308 ], [ 10.05162, 53.46391 ], [ 10.06691, 53.45602 ], [ 10.0716, 53.45474 ], [ 10.07895, 53.45388 ], [ 10.08496, 53.45079 ], [ 10.09428, 53.44344 ], [ 10.0966, 53.44117 ], [ 10.10462, 53.42968 ], [ 10.1064, 53.42808 ], [ 10.10943, 53.42637 ], [ 10.11473, 53.42472 ], [ 10.11845, 53.424 ], [ 10.12209, 53.42367 ], [ 10.1296, 53.42375 ], [ 10.13347, 53.42317 ], [ 10.137, 53.42194 ], [ 10.14444, 53.41676 ], [ 10.14629, 53.41483 ], [ 10.15111, 53.40855 ], [ 10.15383, 53.40615 ], [ 10.15935, 53.40252 ], [ 10.16555, 53.39933 ], [ 10.17184, 53.39734 ], [ 10.17761, 53.39646 ], [ 10.18314, 53.39659 ], [ 10.19384, 53.39829 ], [ 10.19773, 53.39854 ], [ 10.20316, 53.39817 ], [ 10.21162, 53.39667 ], [ 10.22136, 53.39549 ], [ 10.23167, 53.39511 ], [ 10.2352, 53.39553 ], [ 10.2395, 53.39685 ], [ 10.24208, 53.39826 ], [ 10.24353, 53.39942 ], [ 10.24492, 53.40111 ], [ 10.25235, 53.41272 ], [ 10.25533, 53.41562 ], [ 10.25972, 53.41826 ], [ 10.26531, 53.42025 ], [ 10.28198, 53.42385 ], [ 10.28648, 53.42515 ], [ 10.29418, 53.42815 ], [ 10.30222, 53.43208 ], [ 10.3056, 53.43308 ], [ 10.30799, 53.43328 ], [ 10.30783, 53.43473 ], [ 10.31355, 53.43539 ], [ 10.31784, 53.4353 ], [ 10.31812, 53.43649 ], [ 10.31918, 53.4377 ], [ 10.31448, 53.43973 ], [ 10.31493, 53.4405 ], [ 10.32528, 53.44983 ], [ 10.3166, 53.45215 ], [ 10.31227, 53.45224 ], [ 10.30968, 53.44308 ], [ 10.30842, 53.44252 ], [ 10.30128, 53.44252 ], [ 10.29929, 53.44349 ], [ 10.29714, 53.44609 ], [ 10.29423, 53.44816 ], [ 10.29901, 53.45066 ], [ 10.29766, 53.45169 ], [ 10.2938, 53.45265 ], [ 10.29178, 53.45438 ], [ 10.28391, 53.45851 ], [ 10.28234, 53.45755 ], [ 10.28094, 53.45887 ], [ 10.27493, 53.46162 ], [ 10.2736, 53.46267 ], [ 10.26935, 53.46407 ], [ 10.27189, 53.46664 ], [ 10.26839, 53.46816 ], [ 10.26492, 53.469 ], [ 10.266, 53.47145 ], [ 10.26624, 53.47312 ], [ 10.26521, 53.47332 ], [ 10.26441, 53.4751 ], [ 10.26001, 53.47439 ], [ 10.25866, 53.47624 ], [ 10.25992, 53.47697 ], [ 10.25562, 53.47824 ], [ 10.2549, 53.47803 ], [ 10.25486, 53.47764 ], [ 10.25447, 53.47752 ], [ 10.25304, 53.47757 ], [ 10.25231, 53.47725 ], [ 10.2487, 53.48008 ], [ 10.23854, 53.48255 ], [ 10.23736, 53.48893 ], [ 10.23517, 53.48913 ], [ 10.23454, 53.49026 ], [ 10.23685, 53.49634 ], [ 10.23292, 53.49723 ], [ 10.2297, 53.49643 ], [ 10.22884, 53.49566 ], [ 10.22691, 53.49604 ], [ 10.22497, 53.49591 ], [ 10.22432, 53.49641 ], [ 10.22207, 53.49634 ], [ 10.22189, 53.4965 ], [ 10.22287, 53.49664 ], [ 10.22316, 53.49702 ], [ 10.22193, 53.49771 ], [ 10.22234, 53.49821 ], [ 10.22082, 53.49822 ], [ 10.22066, 53.49846 ], [ 10.22099, 53.49909 ], [ 10.22062, 53.49926 ], [ 10.21828, 53.49923 ], [ 10.21881, 53.50166 ], [ 10.21855, 53.50189 ], [ 10.22212, 53.50307 ], [ 10.22242, 53.50329 ], [ 10.22257, 53.50439 ], [ 10.22382, 53.50513 ], [ 10.22389, 53.50562 ], [ 10.2236, 53.50616 ], [ 10.2211, 53.50651 ], [ 10.22035, 53.50747 ], [ 10.21846, 53.50773 ], [ 10.21921, 53.5106 ], [ 10.21675, 53.51208 ], [ 10.21418, 53.51292 ], [ 10.21399, 53.51345 ], [ 10.21553, 53.51382 ], [ 10.21357, 53.51397 ], [ 10.21324, 53.51425 ], [ 10.21345, 53.51523 ], [ 10.21041, 53.51993 ], [ 10.20025, 53.51415 ], [ 10.18997, 53.51335 ], [ 10.18952, 53.51157 ], [ 10.18784, 53.51151 ], [ 10.18807, 53.5122 ], [ 10.1826, 53.5143 ], [ 10.17691, 53.51699 ], [ 10.16779, 53.52019 ], [ 10.1659, 53.52044 ], [ 10.1624, 53.52246 ], [ 10.16171, 53.5261 ], [ 10.1629, 53.52844 ], [ 10.16399, 53.52919 ], [ 10.16304, 53.53079 ], [ 10.16378, 53.53183 ], [ 10.16459, 53.5322 ], [ 10.16531, 53.53308 ], [ 10.16516, 53.53378 ], [ 10.16561, 53.53463 ], [ 10.16858, 53.53469 ], [ 10.16878, 53.53739 ], [ 10.16807, 53.53762 ], [ 10.168, 53.5373 ], [ 10.16262, 53.53761 ], [ 10.16026, 53.53822 ], [ 10.1603, 53.53774 ], [ 10.1595, 53.53771 ], [ 10.1589, 53.53723 ], [ 10.15736, 53.53737 ], [ 10.15729, 53.53674 ], [ 10.156, 53.53672 ], [ 10.15187, 53.53548 ], [ 10.15469, 53.53642 ], [ 10.1535, 53.54002 ], [ 10.15234, 53.53997 ], [ 10.15213, 53.54057 ], [ 10.15178, 53.5421 ], [ 10.15249, 53.54318 ], [ 10.15154, 53.54481 ], [ 10.14844, 53.54598 ], [ 10.15019, 53.54873 ], [ 10.15563, 53.55236 ], [ 10.15649, 53.5525 ], [ 10.15668, 53.55332 ], [ 10.15735, 53.55401 ], [ 10.15932, 53.55487 ], [ 10.16027, 53.55742 ], [ 10.16021, 53.55847 ], [ 10.15873, 53.56027 ], [ 10.16049, 53.56097 ], [ 10.15788, 53.56136 ], [ 10.14803, 53.56401 ], [ 10.14764, 53.5647 ], [ 10.14752, 53.56642 ], [ 10.14857, 53.56706 ], [ 10.14866, 53.56731 ], [ 10.14808, 53.56755 ], [ 10.15051, 53.56915 ], [ 10.15067, 53.56973 ], [ 10.15037, 53.57032 ], [ 10.15197, 53.57271 ], [ 10.15157, 53.5754 ], [ 10.15247, 53.57791 ], [ 10.15317, 53.57787 ], [ 10.15411, 53.57884 ], [ 10.15894, 53.58112 ], [ 10.16187, 53.58579 ], [ 10.16373, 53.58582 ], [ 10.16434, 53.58507 ], [ 10.16318, 53.584 ], [ 10.16532, 53.58232 ], [ 10.18734, 53.58404 ], [ 10.18716, 53.58552 ], [ 10.18751, 53.58398 ], [ 10.19583, 53.58465 ], [ 10.19838, 53.58214 ], [ 10.20129, 53.584 ], [ 10.19421, 53.59117 ], [ 10.19178, 53.59559 ], [ 10.19198, 53.5961 ], [ 10.19338, 53.59596 ], [ 10.19343, 53.5967 ], [ 10.19455, 53.5972 ], [ 10.19438, 53.59744 ], [ 10.19499, 53.59788 ], [ 10.19584, 53.5979 ], [ 10.19703, 53.59932 ], [ 10.19516, 53.60515 ] ], [ [ 10.11683, 53.71392 ], [ 10.11613, 53.71381 ], [ 10.11538, 53.71466 ], [ 10.1169, 53.7142 ], [ 10.11683, 53.71392 ] ] ], [ [ [ 10.16986, 53.66913 ], [ 10.16836, 53.66876 ], [ 10.16897, 53.66824 ], [ 10.17039, 53.66867 ], [ 10.16986, 53.66913 ] ] ], [ [ [ 8.57605, 53.845 ], [ 8.5759, 53.84556 ], [ 8.57435, 53.8438 ], [ 8.57471, 53.84338 ], [ 8.57605, 53.845 ] ] ], [ [ [ 8.51811, 53.92218 ], [ 8.49686, 53.93177 ], [ 8.48708, 53.91397 ], [ 8.51548, 53.91733 ], [ 8.51811, 53.92218 ] ] ], [ [ [ 8.42062, 53.95305 ], [ 8.431, 53.94199 ], [ 8.45893, 53.9595 ], [ 8.44295, 53.9646 ], [ 8.42712, 53.9562 ], [ 8.43152, 53.96161 ], [ 8.42505, 53.95876 ], [ 8.42062, 53.95305 ] ] ] ] } },
{ "type": "Feature", "properties": { "stadt": "München" }, "geometry": { "type": "MultiPolygon", "coordinates": [ [ [ [ 11.49098, 48.0741 ], [ 11.49058, 48.07409 ], [ 11.49023, 48.07382 ], [ 11.49098, 48.0741 ] ] ], [ [ [ 11.55776, 48.07958 ], [ 11.5564, 48.08043 ], [ 11.55607, 48.07994 ], [ 11.55695, 48.07938 ], [ 11.55776, 48.07958 ] ] ], [ [ [ 11.54916, 48.07487 ], [ 11.55397, 48.08502 ], [ 11.56054, 48.08416 ], [ 11.56057, 48.08394 ], [ 11.56249, 48.0836 ], [ 11.56291, 48.08518 ], [ 11.57323, 48.0889 ], [ 11.57438, 48.08882 ], [ 11.57443, 48.08934 ], [ 11.58692, 48.09388 ], [ 11.5875, 48.0935 ], [ 11.58856, 48.09343 ], [ 11.59182, 48.08752 ], [ 11.59262, 48.08507 ], [ 11.59451, 48.08526 ], [ 11.59433, 48.08552 ], [ 11.59472, 48.08582 ], [ 11.59503, 48.08543 ], [ 11.5977, 48.08587 ], [ 11.59836, 48.08659 ], [ 11.60177, 48.08735 ], [ 11.60353, 48.08506 ], [ 11.6065, 48.08681 ], [ 11.61198, 48.08704 ], [ 11.61169, 48.08811 ], [ 11.61518, 48.08802 ], [ 11.61515, 48.08842 ], [ 11.61675, 48.08863 ], [ 11.62375, 48.08811 ], [ 11.62371, 48.08733 ], [ 11.62703, 48.08708 ], [ 11.62658, 48.0868 ], [ 11.63304, 48.08597 ], [ 11.63304, 48.08428 ], [ 11.63825, 48.08367 ], [ 11.63737, 48.08364 ], [ 11.66348, 48.07899 ], [ 11.66564, 48.0784 ], [ 11.66557, 48.07821 ], [ 11.67175, 48.07805 ], [ 11.67345, 48.07821 ], [ 11.67371, 48.07878 ], [ 11.67938, 48.07838 ], [ 11.68565, 48.07749 ], [ 11.6847, 48.07819 ], [ 11.68407, 48.07916 ], [ 11.68358, 48.08026 ], [ 11.68352, 48.08149 ], [ 11.68131, 48.08297 ], [ 11.68096, 48.0838 ], [ 11.68241, 48.08845 ], [ 11.68277, 48.0918 ], [ 11.68335, 48.09225 ], [ 11.6845, 48.09248 ], [ 11.68873, 48.09221 ], [ 11.68711, 48.09354 ], [ 11.68906, 48.09401 ], [ 11.68888, 48.09493 ], [ 11.69423, 48.09712 ], [ 11.69664, 48.09743 ], [ 11.70016, 48.09916 ], [ 11.70437, 48.10046 ], [ 11.70934, 48.10257 ], [ 11.7127, 48.10487 ], [ 11.71459, 48.11085 ], [ 11.71461, 48.11112 ], [ 11.71394, 48.11102 ], [ 11.71296, 48.11152 ], [ 11.70892, 48.11424 ], [ 11.71067, 48.11556 ], [ 11.69846, 48.11797 ], [ 11.69404, 48.11935 ], [ 11.69512, 48.12034 ], [ 11.69606, 48.11986 ], [ 11.69757, 48.12118 ], [ 11.69419, 48.1231 ], [ 11.69774, 48.12535 ], [ 11.70427, 48.12144 ], [ 11.70606, 48.12236 ], [ 11.70742, 48.12237 ], [ 11.70863, 48.12296 ], [ 11.70885, 48.12263 ], [ 11.71074, 48.12403 ], [ 11.71199, 48.12298 ], [ 11.71394, 48.12426 ], [ 11.71617, 48.12817 ], [ 11.71452, 48.12961 ], [ 11.7134, 48.12911 ], [ 11.71171, 48.13007 ], [ 11.71437, 48.13137 ], [ 11.71227, 48.13338 ], [ 11.71446, 48.13403 ], [ 11.71527, 48.1328 ], [ 11.72044, 48.13434 ], [ 11.71968, 48.13554 ], [ 11.72291, 48.13712 ], [ 11.72046, 48.13907 ], [ 11.718, 48.13771 ], [ 11.71418, 48.13868 ], [ 11.71013, 48.14185 ], [ 11.71278, 48.14319 ], [ 11.71095, 48.14461 ], [ 11.71346, 48.14552 ], [ 11.71012, 48.14818 ], [ 11.70294, 48.14725 ], [ 11.70265, 48.14747 ], [ 11.70278, 48.14723 ], [ 11.67816, 48.14429 ], [ 11.6798, 48.15325 ], [ 11.67393, 48.15647 ], [ 11.6785, 48.16045 ], [ 11.68566, 48.16749 ], [ 11.68573, 48.16832 ], [ 11.68645, 48.16881 ], [ 11.68674, 48.16971 ], [ 11.68595, 48.17085 ], [ 11.68579, 48.17176 ], [ 11.68878, 48.17152 ], [ 11.69326, 48.17057 ], [ 11.6961, 48.17429 ], [ 11.69324, 48.17642 ], [ 11.69351, 48.1765 ], [ 11.6907, 48.17816 ], [ 11.69555, 48.17998 ], [ 11.69198, 48.18253 ], [ 11.68897, 48.18279 ], [ 11.689, 48.18182 ], [ 11.68683, 48.18037 ], [ 11.67857, 48.1816 ], [ 11.6622, 48.18289 ], [ 11.66163, 48.18188 ], [ 11.66101, 48.18169 ], [ 11.66105, 48.1797 ], [ 11.66448, 48.1774 ], [ 11.66551, 48.17702 ], [ 11.66553, 48.17618 ], [ 11.65094, 48.175 ], [ 11.65099, 48.17455 ], [ 11.64826, 48.17452 ], [ 11.64827, 48.17413 ], [ 11.6457, 48.17398 ], [ 11.64585, 48.17369 ], [ 11.64134, 48.17394 ], [ 11.64101, 48.1734 ], [ 11.63759, 48.17427 ], [ 11.63589, 48.17492 ], [ 11.63645, 48.17514 ], [ 11.63721, 48.17644 ], [ 11.6314, 48.17788 ], [ 11.63133, 48.1775 ], [ 11.63071, 48.17766 ], [ 11.63043, 48.17711 ], [ 11.62771, 48.1773 ], [ 11.62904, 48.18072 ], [ 11.63019, 48.18209 ], [ 11.63153, 48.18306 ], [ 11.63104, 48.18334 ], [ 11.63123, 48.1835 ], [ 11.62946, 48.18402 ], [ 11.6296, 48.1842 ], [ 11.62926, 48.18433 ], [ 11.63273, 48.18901 ], [ 11.6378, 48.19787 ], [ 11.63835, 48.19927 ], [ 11.63854, 48.20205 ], [ 11.63912, 48.20377 ], [ 11.64129, 48.20608 ], [ 11.64806, 48.20976 ], [ 11.64976, 48.21176 ], [ 11.65049, 48.21338 ], [ 11.65073, 48.21513 ], [ 11.65051, 48.21701 ], [ 11.64281, 48.21988 ], [ 11.64244, 48.22023 ], [ 11.64302, 48.22064 ], [ 11.63915, 48.22175 ], [ 11.63826, 48.22415 ], [ 11.6383, 48.22475 ], [ 11.63946, 48.22564 ], [ 11.63899, 48.22596 ], [ 11.6329, 48.22707 ], [ 11.62461, 48.22924 ], [ 11.62411, 48.2287 ], [ 11.62236, 48.22874 ], [ 11.62249, 48.22756 ], [ 11.61417, 48.22793 ], [ 11.61295, 48.22558 ], [ 11.60939, 48.22555 ], [ 11.60814, 48.22566 ], [ 11.60754, 48.2273 ], [ 11.60908, 48.22761 ], [ 11.60888, 48.22842 ], [ 11.60708, 48.22816 ], [ 11.6075, 48.22733 ], [ 11.60572, 48.22677 ], [ 11.60924, 48.22258 ], [ 11.61158, 48.21914 ], [ 11.61094, 48.21922 ], [ 11.61085, 48.21894 ], [ 11.60619, 48.21919 ], [ 11.60627, 48.2184 ], [ 11.60481, 48.21833 ], [ 11.605, 48.21748 ], [ 11.60183, 48.21686 ], [ 11.60203, 48.21511 ], [ 11.60151, 48.21494 ], [ 11.60183, 48.21335 ], [ 11.58747, 48.21348 ], [ 11.5875, 48.22214 ], [ 11.58716, 48.224 ], [ 11.5823, 48.22856 ], [ 11.57079, 48.22756 ], [ 11.56058, 48.22704 ], [ 11.54938, 48.22688 ], [ 11.54683, 48.22711 ], [ 11.54502, 48.22789 ], [ 11.54419, 48.22871 ], [ 11.54427, 48.22928 ], [ 11.54374, 48.22914 ], [ 11.54357, 48.22944 ], [ 11.54328, 48.22876 ], [ 11.54168, 48.22884 ], [ 11.54176, 48.22918 ], [ 11.53395, 48.23049 ], [ 11.53401, 48.23142 ], [ 11.53112, 48.23134 ], [ 11.52961, 48.23285 ], [ 11.52539, 48.24132 ], [ 11.51327, 48.24573 ], [ 11.5012, 48.24812 ], [ 11.49984, 48.2481 ], [ 11.49992, 48.24746 ], [ 11.49162, 48.24593 ], [ 11.49069, 48.24542 ], [ 11.4906, 48.24345 ], [ 11.49157, 48.24186 ], [ 11.49088, 48.24087 ], [ 11.49192, 48.23973 ], [ 11.4915, 48.2382 ], [ 11.48954, 48.23797 ], [ 11.4902, 48.23545 ], [ 11.49004, 48.23483 ], [ 11.48864, 48.23349 ], [ 11.48775, 48.23208 ], [ 11.48856, 48.22934 ], [ 11.48807, 48.22626 ], [ 11.48898, 48.22401 ], [ 11.48889, 48.22347 ], [ 11.49108, 48.2231 ], [ 11.47743, 48.22 ], [ 11.47747, 48.21973 ], [ 11.47706, 48.21955 ], [ 11.47303, 48.21937 ], [ 11.47026, 48.2185 ], [ 11.46345, 48.2155 ], [ 11.46179, 48.21446 ], [ 11.46041, 48.2132 ], [ 11.4605, 48.21202 ], [ 11.45906, 48.21158 ], [ 11.45875, 48.21048 ], [ 11.4576, 48.2088 ], [ 11.44407, 48.20694 ], [ 11.44351, 48.20637 ], [ 11.43843, 48.2062 ], [ 11.43837, 48.20583 ], [ 11.43237, 48.20576 ], [ 11.43242, 48.20524 ], [ 11.41945, 48.20351 ], [ 11.41883, 48.20277 ], [ 11.41687, 48.20315 ], [ 11.40463, 48.20135 ], [ 11.40282, 48.20114 ], [ 11.40244, 48.20139 ], [ 11.40154, 48.20095 ], [ 11.39083, 48.20046 ], [ 11.38854, 48.19084 ], [ 11.3907, 48.19058 ], [ 11.39055, 48.19027 ], [ 11.39228, 48.18956 ], [ 11.39201, 48.18678 ], [ 11.39127, 48.18555 ], [ 11.39326, 48.18446 ], [ 11.39087, 48.18139 ], [ 11.38836, 48.18013 ], [ 11.38744, 48.17888 ], [ 11.3853, 48.17757 ], [ 11.38315, 48.17802 ], [ 11.38108, 48.17934 ], [ 11.3774, 48.17893 ], [ 11.37508, 48.17907 ], [ 11.37368, 48.17848 ], [ 11.3711, 48.17828 ], [ 11.36905, 48.17641 ], [ 11.36967, 48.17433 ], [ 11.36886, 48.17267 ], [ 11.36838, 48.16968 ], [ 11.36784, 48.16847 ], [ 11.36542, 48.16435 ], [ 11.36434, 48.16359 ], [ 11.36277, 48.16305 ], [ 11.3618, 48.15988 ], [ 11.36078, 48.15807 ], [ 11.36664, 48.15866 ], [ 11.3712, 48.15842 ], [ 11.37025, 48.15797 ], [ 11.36982, 48.15683 ], [ 11.37491, 48.15598 ], [ 11.37516, 48.15549 ], [ 11.37386, 48.15554 ], [ 11.37442, 48.15409 ], [ 11.37358, 48.15419 ], [ 11.37391, 48.15355 ], [ 11.37802, 48.15322 ], [ 11.37804, 48.15384 ], [ 11.37952, 48.15383 ], [ 11.3795, 48.15354 ], [ 11.38289, 48.15308 ], [ 11.38318, 48.14967 ], [ 11.38402, 48.14977 ], [ 11.38402, 48.14902 ], [ 11.38553, 48.14965 ], [ 11.38724, 48.14733 ], [ 11.38914, 48.14793 ], [ 11.39026, 48.14598 ], [ 11.38941, 48.14575 ], [ 11.39063, 48.14387 ], [ 11.39015, 48.14365 ], [ 11.39127, 48.14189 ], [ 11.38953, 48.14122 ], [ 11.39218, 48.13666 ], [ 11.38998, 48.13598 ], [ 11.39017, 48.13544 ], [ 11.38819, 48.13458 ], [ 11.38941, 48.13168 ], [ 11.38872, 48.12974 ], [ 11.38962, 48.12787 ], [ 11.39301, 48.12853 ], [ 11.39442, 48.12551 ], [ 11.40227, 48.12517 ], [ 11.40383, 48.12561 ], [ 11.40896, 48.1262 ], [ 11.41288, 48.12749 ], [ 11.42265, 48.1325 ], [ 11.42334, 48.13302 ], [ 11.42471, 48.13534 ], [ 11.42626, 48.13654 ], [ 11.42998, 48.13756 ], [ 11.43462, 48.13689 ], [ 11.43604, 48.13611 ], [ 11.43637, 48.13666 ], [ 11.43857, 48.13537 ], [ 11.43813, 48.13461 ], [ 11.44229, 48.13392 ], [ 11.44502, 48.13409 ], [ 11.44747, 48.13359 ], [ 11.44765, 48.13348 ], [ 11.44704, 48.13308 ], [ 11.44812, 48.13115 ], [ 11.44978, 48.13292 ], [ 11.45115, 48.13249 ], [ 11.45137, 48.13328 ], [ 11.45337, 48.13314 ], [ 11.45488, 48.13297 ], [ 11.4547, 48.13263 ], [ 11.46014, 48.13204 ], [ 11.45947, 48.1309 ], [ 11.4621, 48.1303 ], [ 11.46202, 48.13 ], [ 11.46369, 48.12993 ], [ 11.46379, 48.12948 ], [ 11.46454, 48.12924 ], [ 11.46497, 48.12823 ], [ 11.46513, 48.12699 ], [ 11.46477, 48.12309 ], [ 11.46556, 48.12033 ], [ 11.46567, 48.11851 ], [ 11.46506, 48.11471 ], [ 11.4634, 48.1145 ], [ 11.46325, 48.11354 ], [ 11.46352, 48.11231 ], [ 11.46318, 48.11111 ], [ 11.4636, 48.10865 ], [ 11.46297, 48.10525 ], [ 11.46963, 48.10521 ], [ 11.46969, 48.10583 ], [ 11.47485, 48.10461 ], [ 11.47463, 48.10386 ], [ 11.47085, 48.09938 ], [ 11.47411, 48.09538 ], [ 11.47347, 48.09271 ], [ 11.47207, 48.09011 ], [ 11.47473, 48.08888 ], [ 11.47634, 48.08877 ], [ 11.47473, 48.08699 ], [ 11.47363, 48.08667 ], [ 11.47092, 48.08319 ], [ 11.47326, 48.08219 ], [ 11.47292, 48.08196 ], [ 11.47237, 48.08227 ], [ 11.47194, 48.08181 ], [ 11.47292, 48.08122 ], [ 11.4734, 48.08163 ], [ 11.47302, 48.08182 ], [ 11.47337, 48.08215 ], [ 11.48703, 48.07635 ], [ 11.4858, 48.07422 ], [ 11.48713, 48.07377 ], [ 11.488, 48.07496 ], [ 11.48665, 48.07538 ], [ 11.48724, 48.07626 ], [ 11.50356, 48.06929 ], [ 11.50273, 48.06811 ], [ 11.50302, 48.06699 ], [ 11.50258, 48.06694 ], [ 11.50304, 48.0657 ], [ 11.50367, 48.06547 ], [ 11.50421, 48.06239 ], [ 11.50876, 48.06162 ], [ 11.5115, 48.0644 ], [ 11.5156, 48.06336 ], [ 11.51631, 48.06544 ], [ 11.51661, 48.06538 ], [ 11.51701, 48.06637 ], [ 11.51758, 48.06627 ], [ 11.5177, 48.0666 ], [ 11.51823, 48.06662 ], [ 11.51821, 48.06693 ], [ 11.519, 48.06703 ], [ 11.51882, 48.06733 ], [ 11.52212, 48.06735 ], [ 11.5221, 48.06654 ], [ 11.52296, 48.06646 ], [ 11.5231, 48.06766 ], [ 11.52389, 48.06837 ], [ 11.52625, 48.06834 ], [ 11.52629, 48.06899 ], [ 11.52825, 48.06898 ], [ 11.52905, 48.07194 ], [ 11.53108, 48.07494 ], [ 11.53153, 48.07616 ], [ 11.53277, 48.07732 ], [ 11.53378, 48.07773 ], [ 11.53686, 48.078 ], [ 11.54237, 48.07786 ], [ 11.54158, 48.0755 ], [ 11.54176, 48.07459 ], [ 11.54266, 48.07451 ], [ 11.5436, 48.07353 ], [ 11.54313, 48.07305 ], [ 11.54397, 48.07195 ], [ 11.54429, 48.07024 ], [ 11.54401, 48.06963 ], [ 11.54407, 48.06831 ], [ 11.54542, 48.06813 ], [ 11.54903, 48.07461 ], [ 11.54991, 48.07466 ], [ 11.54916, 48.07487 ] ] ] ] } },
{ "type": "Feature", "properties": { "stadt": "Köln" }, "geometry": { "type": "Polygon", "coordinates": [ [ [ 7.09764, 50.96382 ], [ 7.10113, 50.96796 ], [ 7.10066, 50.97134 ], [ 7.0997, 50.97295 ], [ 7.09915, 50.97265 ], [ 7.09703, 50.97504 ], [ 7.09618, 50.97484 ], [ 7.0965, 50.97513 ], [ 7.09637, 50.97586 ], [ 7.09582, 50.9762 ], [ 7.09675, 50.97885 ], [ 7.099, 50.97998 ], [ 7.10006, 50.98098 ], [ 7.09925, 50.9816 ], [ 7.09664, 50.98135 ], [ 7.09598, 50.98206 ], [ 7.09379, 50.98253 ], [ 7.09579, 50.98277 ], [ 7.09607, 50.98365 ], [ 7.09695, 50.9843 ], [ 7.09684, 50.98492 ], [ 7.09632, 50.98498 ], [ 7.09624, 50.98553 ], [ 7.09431, 50.98552 ], [ 7.09386, 50.98587 ], [ 7.0923, 50.98587 ], [ 7.09146, 50.98627 ], [ 7.08956, 50.98643 ], [ 7.08793, 50.98565 ], [ 7.08802, 50.98793 ], [ 7.08413, 50.98778 ], [ 7.0814, 50.98865 ], [ 7.06904, 50.98948 ], [ 7.06982, 50.99134 ], [ 7.06962, 50.99163 ], [ 7.06899, 50.99153 ], [ 7.06758, 50.99357 ], [ 7.06677, 50.99359 ], [ 7.06845, 50.99578 ], [ 7.07257, 50.9996 ], [ 7.07552, 51.00105 ], [ 7.07606, 51.00199 ], [ 7.07111, 51.00529 ], [ 7.06179, 51.01333 ], [ 7.06546, 51.01493 ], [ 7.06888, 51.0171 ], [ 7.06802, 51.01807 ], [ 7.06838, 51.01835 ], [ 7.0674, 51.01871 ], [ 7.06282, 51.01906 ], [ 7.06105, 51.01884 ], [ 7.05865, 51.01773 ], [ 7.05771, 51.01897 ], [ 7.05512, 51.01868 ], [ 7.05055, 51.01917 ], [ 7.04306, 51.0193 ], [ 7.04288, 51.01986 ], [ 7.04141, 51.02112 ], [ 7.03864, 51.01978 ], [ 7.03643, 51.01828 ], [ 7.02548, 51.01772 ], [ 7.02168, 51.016 ], [ 7.01976, 51.01785 ], [ 7.01548, 51.01741 ], [ 7.01421, 51.01957 ], [ 7.01267, 51.01988 ], [ 7.012, 51.02046 ], [ 7.01178, 51.02192 ], [ 7.01305, 51.0218 ], [ 7.01378, 51.02233 ], [ 7.00926, 51.02261 ], [ 7.00852, 51.02063 ], [ 7.00715, 51.02064 ], [ 7.0027, 51.01947 ], [ 7.00291, 51.01903 ], [ 6.99536, 51.01642 ], [ 6.9955, 51.01604 ], [ 6.99661, 51.01595 ], [ 6.99706, 51.01409 ], [ 6.99571, 51.01399 ], [ 6.99636, 51.0118 ], [ 6.99267, 51.01219 ], [ 6.99019, 51.01198 ], [ 6.98821, 51.0124 ], [ 6.98651, 51.01219 ], [ 6.98507, 51.01147 ], [ 6.98517, 51.01177 ], [ 6.98199, 51.012 ], [ 6.98182, 51.01235 ], [ 6.97948, 51.01148 ], [ 6.97934, 51.01175 ], [ 6.97552, 51.01112 ], [ 6.97555, 51.01301 ], [ 6.97187, 51.01417 ], [ 6.97326, 51.01649 ], [ 6.97392, 51.01915 ], [ 6.97366, 51.02184 ], [ 6.97268, 51.02415 ], [ 6.97128, 51.02603 ], [ 6.96886, 51.02839 ], [ 6.9627, 51.03286 ], [ 6.89506, 51.06596 ], [ 6.89073, 51.06754 ], [ 6.88397, 51.06935 ], [ 6.87701, 51.0707 ], [ 6.86441, 51.07255 ], [ 6.85993, 51.07392 ], [ 6.85685, 51.07567 ], [ 6.85413, 51.07846 ], [ 6.85298, 51.08152 ], [ 6.85326, 51.08418 ], [ 6.85065, 51.08452 ], [ 6.84873, 51.0842 ], [ 6.84857, 51.08497 ], [ 6.84306, 51.08377 ], [ 6.84418, 51.08173 ], [ 6.83661, 51.08007 ], [ 6.8379, 51.07774 ], [ 6.82564, 51.07505 ], [ 6.82453, 51.0744 ], [ 6.82618, 51.07308 ], [ 6.82926, 51.06826 ], [ 6.83141, 51.06592 ], [ 6.83373, 51.05979 ], [ 6.82618, 51.05641 ], [ 6.81788, 51.05391 ], [ 6.81646, 51.05383 ], [ 6.8167, 51.05361 ], [ 6.81627, 51.05181 ], [ 6.81486, 51.05186 ], [ 6.81318, 51.04911 ], [ 6.81312, 51.04857 ], [ 6.81372, 51.04779 ], [ 6.8138, 51.04589 ], [ 6.80803, 51.04626 ], [ 6.80627, 51.04694 ], [ 6.80379, 51.05012 ], [ 6.80296, 51.05236 ], [ 6.80081, 51.05601 ], [ 6.80072, 51.05958 ], [ 6.79882, 51.05948 ], [ 6.79856, 51.05993 ], [ 6.79899, 51.06004 ], [ 6.79529, 51.06314 ], [ 6.7921, 51.0645 ], [ 6.79205, 51.06561 ], [ 6.79145, 51.06644 ], [ 6.79129, 51.06741 ], [ 6.78682, 51.06874 ], [ 6.77384, 51.06409 ], [ 6.77253, 51.06162 ], [ 6.77292, 51.05994 ], [ 6.77668, 51.05635 ], [ 6.77719, 51.05614 ], [ 6.77759, 51.05645 ], [ 6.77906, 51.05577 ], [ 6.7854, 51.052 ], [ 6.78824, 51.04992 ], [ 6.78947, 51.0486 ], [ 6.79119, 51.04473 ], [ 6.79405, 51.04176 ], [ 6.79493, 51.04121 ], [ 6.79616, 51.03879 ], [ 6.7982, 51.03673 ], [ 6.80538, 51.03949 ], [ 6.80615, 51.03883 ], [ 6.80844, 51.03523 ], [ 6.81278, 51.03676 ], [ 6.814, 51.03536 ], [ 6.81642, 51.03627 ], [ 6.82054, 51.03853 ], [ 6.8226, 51.03643 ], [ 6.82418, 51.03739 ], [ 6.8278, 51.03369 ], [ 6.8299, 51.0334 ], [ 6.82987, 51.03319 ], [ 6.83996, 51.02885 ], [ 6.8356, 51.02714 ], [ 6.84153, 51.02471 ], [ 6.83387, 51.01787 ], [ 6.83563, 51.01761 ], [ 6.84151, 51.01214 ], [ 6.83732, 51.01115 ], [ 6.84478, 51.00407 ], [ 6.84201, 51.00435 ], [ 6.83533, 50.99976 ], [ 6.83756, 50.99554 ], [ 6.83917, 50.99349 ], [ 6.83948, 50.99095 ], [ 6.84182, 50.9897 ], [ 6.84462, 50.98882 ], [ 6.84332, 50.98709 ], [ 6.83844, 50.98301 ], [ 6.83944, 50.98249 ], [ 6.83691, 50.9802 ], [ 6.82786, 50.97476 ], [ 6.83072, 50.97195 ], [ 6.82383, 50.9676 ], [ 6.81872, 50.96524 ], [ 6.8187, 50.96462 ], [ 6.82131, 50.96142 ], [ 6.82098, 50.96115 ], [ 6.82425, 50.95705 ], [ 6.82118, 50.95588 ], [ 6.81771, 50.95386 ], [ 6.81791, 50.95374 ], [ 6.81757, 50.95352 ], [ 6.81532, 50.95268 ], [ 6.81643, 50.95196 ], [ 6.81172, 50.94822 ], [ 6.8095, 50.94853 ], [ 6.8125, 50.94548 ], [ 6.81133, 50.94529 ], [ 6.81266, 50.94224 ], [ 6.81431, 50.94103 ], [ 6.81442, 50.9406 ], [ 6.80528, 50.93968 ], [ 6.80515, 50.93868 ], [ 6.81782, 50.93868 ], [ 6.81772, 50.9329 ], [ 6.8207, 50.93288 ], [ 6.82188, 50.93063 ], [ 6.82107, 50.93019 ], [ 6.82088, 50.92938 ], [ 6.83323, 50.92811 ], [ 6.84041, 50.92673 ], [ 6.8419, 50.92602 ], [ 6.84271, 50.92515 ], [ 6.84298, 50.92359 ], [ 6.84213, 50.91978 ], [ 6.84099, 50.91855 ], [ 6.84147, 50.91744 ], [ 6.84107, 50.91723 ], [ 6.84302, 50.91764 ], [ 6.84316, 50.91736 ], [ 6.84264, 50.91711 ], [ 6.84444, 50.91504 ], [ 6.84489, 50.91489 ], [ 6.84456, 50.91483 ], [ 6.84634, 50.91183 ], [ 6.84668, 50.91193 ], [ 6.84696, 50.90975 ], [ 6.84772, 50.90943 ], [ 6.8477, 50.90909 ], [ 6.86045, 50.90382 ], [ 6.86307, 50.9047 ], [ 6.86658, 50.90539 ], [ 6.87059, 50.90678 ], [ 6.87394, 50.90825 ], [ 6.87752, 50.91068 ], [ 6.88, 50.91158 ], [ 6.90941, 50.89829 ], [ 6.90793, 50.89689 ], [ 6.90864, 50.89715 ], [ 6.91108, 50.89617 ], [ 6.91327, 50.89626 ], [ 6.91998, 50.89324 ], [ 6.91286, 50.88261 ], [ 6.91406, 50.88199 ], [ 6.91348, 50.88022 ], [ 6.91424, 50.87711 ], [ 6.914, 50.877 ], [ 6.91936, 50.871 ], [ 6.9216, 50.86896 ], [ 6.92325, 50.86543 ], [ 6.92203, 50.86512 ], [ 6.92071, 50.86403 ], [ 6.91756, 50.8608 ], [ 6.91636, 50.85857 ], [ 6.91713, 50.85608 ], [ 6.91889, 50.85628 ], [ 6.92058, 50.85288 ], [ 6.91854, 50.85006 ], [ 6.92009, 50.85042 ], [ 6.9199, 50.84911 ], [ 6.92343, 50.84909 ], [ 6.92493, 50.84365 ], [ 6.92851, 50.84396 ], [ 6.9279, 50.84112 ], [ 6.92977, 50.84128 ], [ 6.93088, 50.83777 ], [ 6.93043, 50.83749 ], [ 6.9313, 50.83737 ], [ 6.9373, 50.83828 ], [ 6.93991, 50.83834 ], [ 6.93965, 50.8387 ], [ 6.94093, 50.8391 ], [ 6.94039, 50.83993 ], [ 6.94155, 50.84026 ], [ 6.94018, 50.84143 ], [ 6.93816, 50.84429 ], [ 6.94492, 50.84543 ], [ 6.95008, 50.83969 ], [ 6.95331, 50.83662 ], [ 6.95466, 50.83473 ], [ 6.96719, 50.83885 ], [ 6.9707, 50.84235 ], [ 6.97368, 50.84413 ], [ 6.97667, 50.84119 ], [ 6.97787, 50.84159 ], [ 6.9806, 50.84096 ], [ 6.98193, 50.84243 ], [ 6.98395, 50.84394 ], [ 6.98623, 50.84251 ], [ 6.985, 50.84138 ], [ 6.98661, 50.84049 ], [ 6.98643, 50.84026 ], [ 6.98717, 50.83917 ], [ 6.99252, 50.83717 ], [ 6.9937, 50.83794 ], [ 6.99831, 50.83636 ], [ 6.9989, 50.83765 ], [ 7.00238, 50.83696 ], [ 7.0042, 50.83685 ], [ 7.00445, 50.83752 ], [ 7.00598, 50.8374 ], [ 7.00601, 50.83707 ], [ 7.0084, 50.83801 ], [ 7.01184, 50.83994 ], [ 7.01359, 50.83791 ], [ 7.01555, 50.83776 ], [ 7.01702, 50.83961 ], [ 7.02335, 50.83924 ], [ 7.02713, 50.8438 ], [ 7.02724, 50.84695 ], [ 7.03435, 50.84655 ], [ 7.03413, 50.8479 ], [ 7.03449, 50.84905 ], [ 7.03746, 50.84885 ], [ 7.04386, 50.84916 ], [ 7.05112, 50.85009 ], [ 7.0512, 50.84934 ], [ 7.0579, 50.84928 ], [ 7.05854, 50.84755 ], [ 7.06138, 50.84409 ], [ 7.06216, 50.84017 ], [ 7.06252, 50.83044 ], [ 7.06648, 50.83107 ], [ 7.06661, 50.83078 ], [ 7.07932, 50.83077 ], [ 7.08611, 50.83171 ], [ 7.09063, 50.8333 ], [ 7.09505, 50.83492 ], [ 7.09796, 50.83769 ], [ 7.10545, 50.84086 ], [ 7.11017, 50.84162 ], [ 7.11119, 50.84203 ], [ 7.11271, 50.8428 ], [ 7.11349, 50.84566 ], [ 7.1138, 50.84582 ], [ 7.13782, 50.85816 ], [ 7.14492, 50.86079 ], [ 7.1596, 50.86703 ], [ 7.16174, 50.86919 ], [ 7.16203, 50.86987 ], [ 7.16176, 50.87066 ], [ 7.15928, 50.87361 ], [ 7.1574, 50.87416 ], [ 7.15343, 50.8735 ], [ 7.1521, 50.87368 ], [ 7.14879, 50.87568 ], [ 7.14203, 50.87829 ], [ 7.13759, 50.88126 ], [ 7.13752, 50.88322 ], [ 7.14094, 50.8874 ], [ 7.14105, 50.88951 ], [ 7.13955, 50.89334 ], [ 7.13934, 50.89331 ], [ 7.1398, 50.8969 ], [ 7.13868, 50.90009 ], [ 7.13887, 50.90014 ], [ 7.13702, 50.90255 ], [ 7.13353, 50.90348 ], [ 7.13487, 50.90591 ], [ 7.13673, 50.9059 ], [ 7.13674, 50.90821 ], [ 7.13769, 50.9099 ], [ 7.13883, 50.91404 ], [ 7.13817, 50.91629 ], [ 7.13819, 50.91817 ], [ 7.13979, 50.9199 ], [ 7.13932, 50.92067 ], [ 7.13989, 50.92213 ], [ 7.13982, 50.92286 ], [ 7.13667, 50.92761 ], [ 7.13978, 50.93238 ], [ 7.13985, 50.9335 ], [ 7.14109, 50.93531 ], [ 7.14111, 50.93629 ], [ 7.14209, 50.93859 ], [ 7.14397, 50.94101 ], [ 7.14535, 50.94479 ], [ 7.14447, 50.94572 ], [ 7.14467, 50.94639 ], [ 7.1432, 50.94598 ], [ 7.14271, 50.9464 ], [ 7.14157, 50.94655 ], [ 7.14151, 50.94684 ], [ 7.14061, 50.94669 ], [ 7.14028, 50.94629 ], [ 7.13952, 50.94625 ], [ 7.13919, 50.94549 ], [ 7.13801, 50.94589 ], [ 7.13776, 50.9457 ], [ 7.13796, 50.94554 ], [ 7.1369, 50.94535 ], [ 7.13658, 50.94516 ], [ 7.13676, 50.94501 ], [ 7.13509, 50.94508 ], [ 7.13541, 50.94484 ], [ 7.1346, 50.94491 ], [ 7.13417, 50.94425 ], [ 7.13348, 50.94438 ], [ 7.13173, 50.94359 ], [ 7.131, 50.94412 ], [ 7.13049, 50.94383 ], [ 7.13031, 50.94411 ], [ 7.12961, 50.94362 ], [ 7.12865, 50.94414 ], [ 7.12798, 50.94389 ], [ 7.12744, 50.94423 ], [ 7.12733, 50.94401 ], [ 7.12594, 50.94432 ], [ 7.12575, 50.94407 ], [ 7.12444, 50.94413 ], [ 7.12443, 50.9444 ], [ 7.12405, 50.94422 ], [ 7.12365, 50.94439 ], [ 7.12375, 50.94462 ], [ 7.12259, 50.94494 ], [ 7.12247, 50.94469 ], [ 7.11981, 50.94444 ], [ 7.11893, 50.94475 ], [ 7.11792, 50.94445 ], [ 7.11706, 50.94472 ], [ 7.1171, 50.94443 ], [ 7.11668, 50.94446 ], [ 7.11738, 50.9418 ], [ 7.11478, 50.94084 ], [ 7.11339, 50.9435 ], [ 7.11114, 50.94266 ], [ 7.11082, 50.94304 ], [ 7.11115, 50.94335 ], [ 7.10973, 50.94365 ], [ 7.1014, 50.94835 ], [ 7.0979, 50.94912 ], [ 7.09601, 50.95185 ], [ 7.09795, 50.95103 ], [ 7.09925, 50.95125 ], [ 7.09893, 50.95216 ], [ 7.09535, 50.95332 ], [ 7.09595, 50.95459 ], [ 7.0926, 50.95515 ], [ 7.0875, 50.95747 ], [ 7.0866, 50.95733 ], [ 7.08599, 50.95793 ], [ 7.08764, 50.95875 ], [ 7.08733, 50.95932 ], [ 7.09189, 50.96052 ], [ 7.09146, 50.96098 ], [ 7.09228, 50.96134 ], [ 7.09206, 50.96164 ], [ 7.09483, 50.96325 ], [ 7.09662, 50.96394 ], [ 7.09764, 50.96382 ] ] ] } },
{ "type": "Feature", "properties": { "stadt": "Frankfurt am Main" }, "geometry": { "type": "Polygon", "coordinates": [ [ [ 8.48786, 50.08591 ], [ 8.48753, 50.08492 ], [ 8.4889, 50.08442 ], [ 8.48909, 50.08489 ], [ 8.49508, 50.08592 ], [ 8.49476, 50.0844 ], [ 8.49879, 50.0823 ], [ 8.49875, 50.08205 ], [ 8.50189, 50.08134 ], [ 8.50075, 50.07655 ], [ 8.50101, 50.07615 ], [ 8.50136, 50.07631 ], [ 8.50137, 50.07542 ], [ 8.50708, 50.073 ], [ 8.50579, 50.07195 ], [ 8.5086, 50.07052 ], [ 8.51093, 50.06783 ], [ 8.5178, 50.06494 ], [ 8.51717, 50.06423 ], [ 8.52039, 50.06177 ], [ 8.52567, 50.06445 ], [ 8.527, 50.06625 ], [ 8.52708, 50.06791 ], [ 8.52668, 50.06946 ], [ 8.52382, 50.07302 ], [ 8.52212, 50.07769 ], [ 8.52213, 50.0789 ], [ 8.52252, 50.0799 ], [ 8.52383, 50.08206 ], [ 8.52568, 50.08386 ], [ 8.53086, 50.08151 ], [ 8.52996, 50.08065 ], [ 8.53241, 50.07877 ], [ 8.53487, 50.07847 ], [ 8.53619, 50.07733 ], [ 8.53768, 50.07673 ], [ 8.54099, 50.07636 ], [ 8.54284, 50.07529 ], [ 8.54286, 50.07398 ], [ 8.5436, 50.0712 ], [ 8.54456, 50.07141 ], [ 8.54547, 50.07039 ], [ 8.54835, 50.06855 ], [ 8.54984, 50.06671 ], [ 8.55044, 50.06449 ], [ 8.54998, 50.06197 ], [ 8.55103, 50.06097 ], [ 8.55069, 50.06023 ], [ 8.54958, 50.05958 ], [ 8.55074, 50.05745 ], [ 8.55102, 50.05742 ], [ 8.55059, 50.05523 ], [ 8.54987, 50.05507 ], [ 8.55151, 50.05184 ], [ 8.55349, 50.04959 ], [ 8.5525, 50.04927 ], [ 8.55299, 50.0493 ], [ 8.55328, 50.04893 ], [ 8.54847, 50.04793 ], [ 8.54444, 50.04664 ], [ 8.5198, 50.03685 ], [ 8.5216, 50.03403 ], [ 8.51665, 50.03282 ], [ 8.51951, 50.02787 ], [ 8.51633, 50.02711 ], [ 8.51999, 50.02078 ], [ 8.53149, 50.02134 ], [ 8.54303, 50.02433 ], [ 8.54878, 50.0253 ], [ 8.55078, 50.02524 ], [ 8.55757, 50.02602 ], [ 8.55904, 50.02583 ], [ 8.56301, 50.02663 ], [ 8.57009, 50.02539 ], [ 8.57268, 50.02109 ], [ 8.57461, 50.01878 ], [ 8.57615, 50.01535 ], [ 8.57816, 50.01647 ], [ 8.58046, 50.01695 ], [ 8.58114, 50.01754 ], [ 8.58576, 50.01786 ], [ 8.59201, 50.0177 ], [ 8.59251, 50.01869 ], [ 8.59137, 50.02436 ], [ 8.59173, 50.02789 ], [ 8.59278, 50.03081 ], [ 8.59848, 50.04225 ], [ 8.60091, 50.04103 ], [ 8.60639, 50.03911 ], [ 8.60898, 50.04347 ], [ 8.61072, 50.04509 ], [ 8.61596, 50.04891 ], [ 8.6217, 50.05201 ], [ 8.62462, 50.05509 ], [ 8.62628, 50.0549 ], [ 8.62897, 50.0555 ], [ 8.64406, 50.05587 ], [ 8.66518, 50.05537 ], [ 8.67416, 50.05608 ], [ 8.68237, 50.05809 ], [ 8.69944, 50.05832 ], [ 8.70148, 50.05872 ], [ 8.70496, 50.06021 ], [ 8.70946, 50.06068 ], [ 8.72231, 50.06112 ], [ 8.72496, 50.06173 ], [ 8.72504, 50.06233 ], [ 8.72462, 50.06324 ], [ 8.72375, 50.06392 ], [ 8.72249, 50.06429 ], [ 8.72245, 50.06505 ], [ 8.7243, 50.0652 ], [ 8.726, 50.06627 ], [ 8.72722, 50.06665 ], [ 8.72822, 50.06863 ], [ 8.73049, 50.0705 ], [ 8.72601, 50.07214 ], [ 8.72614, 50.07303 ], [ 8.73433, 50.07589 ], [ 8.73411, 50.07699 ], [ 8.73438, 50.07802 ], [ 8.73333, 50.07974 ], [ 8.73156, 50.08065 ], [ 8.73219, 50.08222 ], [ 8.73554, 50.0862 ], [ 8.73885, 50.08871 ], [ 8.74109, 50.09083 ], [ 8.74202, 50.09223 ], [ 8.74686, 50.0941 ], [ 8.74881, 50.0942 ], [ 8.74943, 50.09567 ], [ 8.75021, 50.09649 ], [ 8.74955, 50.09775 ], [ 8.74815, 50.09913 ], [ 8.74555, 50.10037 ], [ 8.74472, 50.10127 ], [ 8.74452, 50.10193 ], [ 8.74236, 50.10299 ], [ 8.74172, 50.10429 ], [ 8.73806, 50.10469 ], [ 8.73799, 50.10533 ], [ 8.73207, 50.10512 ], [ 8.7303, 50.1054 ], [ 8.72748, 50.10664 ], [ 8.72552, 50.10849 ], [ 8.73615, 50.11156 ], [ 8.74129, 50.11431 ], [ 8.7441, 50.11519 ], [ 8.74846, 50.11565 ], [ 8.75228, 50.11543 ], [ 8.75433, 50.11498 ], [ 8.75587, 50.11424 ], [ 8.76212, 50.10984 ], [ 8.76889, 50.10793 ], [ 8.77342, 50.10812 ], [ 8.77673, 50.10928 ], [ 8.77981, 50.11106 ], [ 8.78095, 50.11314 ], [ 8.78075, 50.11514 ], [ 8.77977, 50.11719 ], [ 8.77901, 50.11815 ], [ 8.77601, 50.12029 ], [ 8.77326, 50.12289 ], [ 8.77001, 50.12675 ], [ 8.76901, 50.12894 ], [ 8.76918, 50.13164 ], [ 8.77065, 50.13377 ], [ 8.77364, 50.13575 ], [ 8.77735, 50.13691 ], [ 8.77977, 50.13729 ], [ 8.77995, 50.13833 ], [ 8.78491, 50.13937 ], [ 8.78439, 50.14055 ], [ 8.78246, 50.14251 ], [ 8.78225, 50.14467 ], [ 8.78273, 50.15292 ], [ 8.78224, 50.15554 ], [ 8.78408, 50.15585 ], [ 8.78345, 50.15722 ], [ 8.78343, 50.15846 ], [ 8.78608, 50.15885 ], [ 8.78717, 50.15943 ], [ 8.79063, 50.15891 ], [ 8.79096, 50.16112 ], [ 8.78953, 50.16144 ], [ 8.79047, 50.16347 ], [ 8.79399, 50.16306 ], [ 8.79465, 50.16391 ], [ 8.79504, 50.16394 ], [ 8.7944, 50.16684 ], [ 8.79545, 50.16726 ], [ 8.79782, 50.16741 ], [ 8.79818, 50.16945 ], [ 8.80014, 50.16936 ], [ 8.8, 50.17111 ], [ 8.8004, 50.17124 ], [ 8.79927, 50.17279 ], [ 8.79965, 50.17311 ], [ 8.79632, 50.17451 ], [ 8.79398, 50.17257 ], [ 8.78997, 50.17618 ], [ 8.78329, 50.17671 ], [ 8.78261, 50.1771 ], [ 8.77913, 50.17711 ], [ 8.7791, 50.17821 ], [ 8.77764, 50.17827 ], [ 8.77869, 50.18038 ], [ 8.76879, 50.17979 ], [ 8.76269, 50.17898 ], [ 8.76289, 50.17681 ], [ 8.76262, 50.17367 ], [ 8.76297, 50.1728 ], [ 8.76008, 50.17263 ], [ 8.75426, 50.17052 ], [ 8.74961, 50.16841 ], [ 8.74988, 50.16814 ], [ 8.74882, 50.16734 ], [ 8.74537, 50.16588 ], [ 8.74256, 50.16409 ], [ 8.73987, 50.16342 ], [ 8.73807, 50.16259 ], [ 8.73699, 50.16244 ], [ 8.73642, 50.16305 ], [ 8.73299, 50.1622 ], [ 8.73073, 50.16225 ], [ 8.72919, 50.16284 ], [ 8.72301, 50.16348 ], [ 8.71999, 50.1665 ], [ 8.71786, 50.16928 ], [ 8.71459, 50.17023 ], [ 8.71373, 50.17164 ], [ 8.71189, 50.1726 ], [ 8.70914, 50.17607 ], [ 8.709, 50.17725 ], [ 8.7093, 50.17785 ], [ 8.70884, 50.17799 ], [ 8.70926, 50.17846 ], [ 8.70897, 50.17892 ], [ 8.70611, 50.17922 ], [ 8.70199, 50.18048 ], [ 8.70449, 50.18472 ], [ 8.70759, 50.1838 ], [ 8.71103, 50.1885 ], [ 8.70545, 50.19176 ], [ 8.7128, 50.19488 ], [ 8.71408, 50.19442 ], [ 8.71574, 50.19531 ], [ 8.71853, 50.19618 ], [ 8.71905, 50.19655 ], [ 8.71992, 50.19898 ], [ 8.72962, 50.20259 ], [ 8.72926, 50.20301 ], [ 8.73069, 50.20358 ], [ 8.73043, 50.20526 ], [ 8.73174, 50.20632 ], [ 8.73108, 50.20737 ], [ 8.73149, 50.20745 ], [ 8.73071, 50.2108 ], [ 8.73498, 50.21127 ], [ 8.73401, 50.21405 ], [ 8.73495, 50.21556 ], [ 8.73214, 50.21585 ], [ 8.73133, 50.21764 ], [ 8.72434, 50.21975 ], [ 8.72358, 50.22123 ], [ 8.72212, 50.22134 ], [ 8.72073, 50.22248 ], [ 8.71923, 50.22516 ], [ 8.71641, 50.2243 ], [ 8.71548, 50.22582 ], [ 8.71277, 50.22507 ], [ 8.71236, 50.22711 ], [ 8.70928, 50.22714 ], [ 8.71031, 50.2228 ], [ 8.71115, 50.22222 ], [ 8.70175, 50.21709 ], [ 8.7006, 50.21796 ], [ 8.69861, 50.21689 ], [ 8.69835, 50.21708 ], [ 8.69517, 50.2162 ], [ 8.6941, 50.21675 ], [ 8.69293, 50.21581 ], [ 8.69151, 50.21662 ], [ 8.69053, 50.2155 ], [ 8.68693, 50.21387 ], [ 8.68547, 50.21517 ], [ 8.68192, 50.21244 ], [ 8.6725, 50.21716 ], [ 8.67119, 50.21615 ], [ 8.66913, 50.21695 ], [ 8.66465, 50.21212 ], [ 8.65959, 50.2083 ], [ 8.65827, 50.20956 ], [ 8.65421, 50.20651 ], [ 8.65075, 50.2069 ], [ 8.64572, 50.20318 ], [ 8.64336, 50.20236 ], [ 8.64434, 50.20198 ], [ 8.64559, 50.20093 ], [ 8.64449, 50.20034 ], [ 8.63874, 50.20174 ], [ 8.63585, 50.19743 ], [ 8.63313, 50.19518 ], [ 8.63368, 50.19454 ], [ 8.62312, 50.18855 ], [ 8.61862, 50.18464 ], [ 8.61696, 50.18423 ], [ 8.61428, 50.18295 ], [ 8.61, 50.18231 ], [ 8.60563, 50.18096 ], [ 8.60527, 50.1807 ], [ 8.6062, 50.17923 ], [ 8.61003, 50.17625 ], [ 8.60468, 50.17378 ], [ 8.60235, 50.17159 ], [ 8.59687, 50.17324 ], [ 8.59532, 50.17087 ], [ 8.59206, 50.16732 ], [ 8.58829, 50.16845 ], [ 8.58794, 50.1682 ], [ 8.58977, 50.15921 ], [ 8.59092, 50.16023 ], [ 8.59775, 50.15787 ], [ 8.60273, 50.15699 ], [ 8.59333, 50.13978 ], [ 8.5509, 50.12195 ], [ 8.53424, 50.11605 ], [ 8.53296, 50.1153 ], [ 8.53259, 50.11582 ], [ 8.53099, 50.11595 ], [ 8.53073, 50.11627 ], [ 8.5294, 50.11567 ], [ 8.52644, 50.11803 ], [ 8.52584, 50.1178 ], [ 8.52323, 50.11997 ], [ 8.52299, 50.11985 ], [ 8.52201, 50.12096 ], [ 8.52061, 50.12014 ], [ 8.5186, 50.12138 ], [ 8.51809, 50.12104 ], [ 8.51354, 50.12192 ], [ 8.51174, 50.11938 ], [ 8.51288, 50.11925 ], [ 8.51239, 50.11751 ], [ 8.51023, 50.11735 ], [ 8.5088, 50.11662 ], [ 8.50787, 50.11657 ], [ 8.50655, 50.11481 ], [ 8.49964, 50.10913 ], [ 8.50229, 50.10775 ], [ 8.49966, 50.10672 ], [ 8.49782, 50.10764 ], [ 8.4961, 50.10601 ], [ 8.49411, 50.10662 ], [ 8.49194, 50.10809 ], [ 8.49138, 50.10668 ], [ 8.48807, 50.10732 ], [ 8.4824, 50.10954 ], [ 8.48208, 50.10923 ], [ 8.47995, 50.1102 ], [ 8.47962, 50.11074 ], [ 8.47862, 50.11001 ], [ 8.47781, 50.11031 ], [ 8.47587, 50.10871 ], [ 8.48096, 50.10528 ], [ 8.4773, 50.10285 ], [ 8.47756, 50.10274 ], [ 8.47556, 50.10115 ], [ 8.47436, 50.10134 ], [ 8.47276, 50.09982 ], [ 8.47412, 50.09919 ], [ 8.4735, 50.09845 ], [ 8.47988, 50.09575 ], [ 8.47848, 50.09516 ], [ 8.47998, 50.09374 ], [ 8.47974, 50.09357 ], [ 8.48186, 50.09234 ], [ 8.48151, 50.09196 ], [ 8.48549, 50.08998 ], [ 8.48519, 50.0897 ], [ 8.48792, 50.0883 ], [ 8.48695, 50.08621 ], [ 8.48786, 50.08591 ] ] ] } },
{ "type": "Feature", "properties": { "stadt": "Düsseldorf" }, "geometry": { "type": "Polygon", "coordinates": [ [ [ 6.71846, 51.24702 ], [ 6.71613, 51.24522 ], [ 6.71678, 51.24477 ], [ 6.71357, 51.24287 ], [ 6.71127, 51.2406 ], [ 6.71102, 51.24077 ], [ 6.71023, 51.23968 ], [ 6.70819, 51.23842 ], [ 6.70613, 51.23758 ], [ 6.70585, 51.23783 ], [ 6.7041, 51.23722 ], [ 6.70434, 51.23693 ], [ 6.70294, 51.23624 ], [ 6.69899, 51.23508 ], [ 6.69858, 51.23462 ], [ 6.69607, 51.23384 ], [ 6.68881, 51.22949 ], [ 6.69116, 51.2289 ], [ 6.69256, 51.2265 ], [ 6.69315, 51.22653 ], [ 6.69348, 51.22584 ], [ 6.69328, 51.22497 ], [ 6.70785, 51.22461 ], [ 6.70787, 51.22531 ], [ 6.71113, 51.22497 ], [ 6.71154, 51.22546 ], [ 6.71264, 51.22563 ], [ 6.71622, 51.22504 ], [ 6.71783, 51.22403 ], [ 6.72119, 51.22685 ], [ 6.72355, 51.22594 ], [ 6.72242, 51.22384 ], [ 6.72256, 51.22144 ], [ 6.72997, 51.20949 ], [ 6.73149, 51.20521 ], [ 6.73182, 51.20057 ], [ 6.73029, 51.19259 ], [ 6.73065, 51.18968 ], [ 6.7316, 51.18781 ], [ 6.73294, 51.18622 ], [ 6.73479, 51.18472 ], [ 6.73722, 51.18336 ], [ 6.74058, 51.18215 ], [ 6.74425, 51.18134 ], [ 6.74831, 51.18091 ], [ 6.75222, 51.18093 ], [ 6.76169, 51.18223 ], [ 6.77444, 51.1853 ], [ 6.78005, 51.1856 ], [ 6.78388, 51.18511 ], [ 6.78724, 51.18416 ], [ 6.79076, 51.18257 ], [ 6.79332, 51.18087 ], [ 6.79543, 51.17886 ], [ 6.79704, 51.17644 ], [ 6.79807, 51.17326 ], [ 6.79836, 51.17024 ], [ 6.79808, 51.16745 ], [ 6.79736, 51.1649 ], [ 6.79431, 51.15923 ], [ 6.79329, 51.15668 ], [ 6.79281, 51.15449 ], [ 6.79285, 51.15223 ], [ 6.79357, 51.14971 ], [ 6.79465, 51.14791 ], [ 6.79618, 51.14639 ], [ 6.79896, 51.14448 ], [ 6.8019, 51.14341 ], [ 6.80559, 51.14288 ], [ 6.80891, 51.14284 ], [ 6.81447, 51.14387 ], [ 6.81936, 51.14615 ], [ 6.82056, 51.14707 ], [ 6.82959, 51.1566 ], [ 6.83553, 51.16049 ], [ 6.83864, 51.16177 ], [ 6.84135, 51.16241 ], [ 6.84654, 51.16262 ], [ 6.84893, 51.16224 ], [ 6.85338, 51.16078 ], [ 6.85565, 51.15925 ], [ 6.85718, 51.15704 ], [ 6.85747, 51.15586 ], [ 6.85717, 51.15382 ], [ 6.85582, 51.15171 ], [ 6.8505, 51.14507 ], [ 6.84875, 51.14107 ], [ 6.84824, 51.13806 ], [ 6.84876, 51.13473 ], [ 6.85035, 51.1316 ], [ 6.85322, 51.12849 ], [ 6.85615, 51.12624 ], [ 6.85967, 51.12815 ], [ 6.8586, 51.12945 ], [ 6.85688, 51.13036 ], [ 6.85758, 51.1311 ], [ 6.86214, 51.12971 ], [ 6.86193, 51.12924 ], [ 6.86476, 51.12902 ], [ 6.86904, 51.1292 ], [ 6.87291, 51.13144 ], [ 6.8751, 51.13005 ], [ 6.87445, 51.12852 ], [ 6.88047, 51.12806 ], [ 6.88407, 51.12712 ], [ 6.88439, 51.12812 ], [ 6.88997, 51.12915 ], [ 6.89183, 51.12991 ], [ 6.8927, 51.13086 ], [ 6.89328, 51.12954 ], [ 6.89438, 51.12908 ], [ 6.89475, 51.1294 ], [ 6.89554, 51.12943 ], [ 6.8966, 51.12888 ], [ 6.89762, 51.12917 ], [ 6.89904, 51.12437 ], [ 6.90703, 51.12735 ], [ 6.90853, 51.1265 ], [ 6.91274, 51.12837 ], [ 6.91312, 51.12807 ], [ 6.91637, 51.12948 ], [ 6.91704, 51.12893 ], [ 6.91894, 51.12975 ], [ 6.91835, 51.13036 ], [ 6.91811, 51.13359 ], [ 6.91924, 51.13411 ], [ 6.91865, 51.13459 ], [ 6.92235, 51.13551 ], [ 6.9222, 51.1361 ], [ 6.92514, 51.13653 ], [ 6.9246, 51.13839 ], [ 6.92323, 51.14021 ], [ 6.92342, 51.14225 ], [ 6.92107, 51.14251 ], [ 6.91986, 51.14111 ], [ 6.91767, 51.14096 ], [ 6.9173, 51.14168 ], [ 6.91545, 51.14258 ], [ 6.91395, 51.14473 ], [ 6.91156, 51.14658 ], [ 6.91011, 51.14603 ], [ 6.90887, 51.14617 ], [ 6.9076, 51.14768 ], [ 6.90665, 51.14805 ], [ 6.90586, 51.15044 ], [ 6.90263, 51.15134 ], [ 6.89981, 51.1517 ], [ 6.89576, 51.15388 ], [ 6.89407, 51.15506 ], [ 6.89281, 51.15664 ], [ 6.89134, 51.15739 ], [ 6.89125, 51.15866 ], [ 6.89076, 51.15893 ], [ 6.89132, 51.15942 ], [ 6.89269, 51.15928 ], [ 6.89662, 51.15821 ], [ 6.89797, 51.15838 ], [ 6.89825, 51.15873 ], [ 6.89822, 51.16389 ], [ 6.89689, 51.16453 ], [ 6.89848, 51.167 ], [ 6.9002, 51.16715 ], [ 6.89881, 51.17248 ], [ 6.89542, 51.17365 ], [ 6.90066, 51.17485 ], [ 6.90417, 51.17669 ], [ 6.90465, 51.17643 ], [ 6.90578, 51.1767 ], [ 6.90486, 51.17723 ], [ 6.91457, 51.17874 ], [ 6.91423, 51.18107 ], [ 6.91258, 51.18087 ], [ 6.91081, 51.18377 ], [ 6.91027, 51.18742 ], [ 6.91417, 51.18825 ], [ 6.91463, 51.1873 ], [ 6.9165, 51.18739 ], [ 6.92053, 51.18896 ], [ 6.91561, 51.19211 ], [ 6.92127, 51.19282 ], [ 6.9191, 51.19281 ], [ 6.91715, 51.1936 ], [ 6.91481, 51.19312 ], [ 6.90941, 51.19556 ], [ 6.90966, 51.19586 ], [ 6.90946, 51.19657 ], [ 6.90679, 51.19864 ], [ 6.90644, 51.20066 ], [ 6.90524, 51.20123 ], [ 6.90576, 51.2033 ], [ 6.9093, 51.2067 ], [ 6.91106, 51.20892 ], [ 6.91181, 51.21076 ], [ 6.91043, 51.21093 ], [ 6.9106, 51.21139 ], [ 6.90876, 51.21164 ], [ 6.90688, 51.21073 ], [ 6.90717, 51.2113 ], [ 6.90642, 51.21178 ], [ 6.90546, 51.2114 ], [ 6.90282, 51.21127 ], [ 6.90296, 51.21097 ], [ 6.89915, 51.21222 ], [ 6.89914, 51.21262 ], [ 6.89964, 51.21276 ], [ 6.89711, 51.21311 ], [ 6.89491, 51.2132 ], [ 6.89379, 51.21267 ], [ 6.89076, 51.21255 ], [ 6.89011, 51.21387 ], [ 6.88959, 51.21405 ], [ 6.88662, 51.2139 ], [ 6.88542, 51.2134 ], [ 6.88425, 51.21423 ], [ 6.88209, 51.21451 ], [ 6.88118, 51.21569 ], [ 6.88082, 51.21493 ], [ 6.88093, 51.21426 ], [ 6.87865, 51.21407 ], [ 6.87869, 51.21469 ], [ 6.87792, 51.21508 ], [ 6.87831, 51.21533 ], [ 6.87769, 51.21585 ], [ 6.87725, 51.21582 ], [ 6.87313, 51.21998 ], [ 6.87386, 51.22088 ], [ 6.87384, 51.22144 ], [ 6.87325, 51.22173 ], [ 6.87335, 51.2221 ], [ 6.87189, 51.22263 ], [ 6.8733, 51.2242 ], [ 6.87576, 51.22553 ], [ 6.87537, 51.22607 ], [ 6.88006, 51.22803 ], [ 6.87579, 51.23024 ], [ 6.87713, 51.23119 ], [ 6.87697, 51.23218 ], [ 6.87319, 51.23235 ], [ 6.87291, 51.23274 ], [ 6.87269, 51.2331 ], [ 6.87253, 51.23814 ], [ 6.87164, 51.23914 ], [ 6.87107, 51.24146 ], [ 6.87195, 51.2417 ], [ 6.87331, 51.24122 ], [ 6.87356, 51.24061 ], [ 6.87443, 51.2412 ], [ 6.87602, 51.2414 ], [ 6.87834, 51.24251 ], [ 6.88181, 51.2422 ], [ 6.88317, 51.24179 ], [ 6.88324, 51.24134 ], [ 6.88279, 51.24079 ], [ 6.88359, 51.24071 ], [ 6.88391, 51.2401 ], [ 6.88392, 51.23923 ], [ 6.8831, 51.23904 ], [ 6.88276, 51.23826 ], [ 6.88753, 51.23971 ], [ 6.88824, 51.23896 ], [ 6.89047, 51.23929 ], [ 6.89039, 51.23825 ], [ 6.89097, 51.23752 ], [ 6.89322, 51.23745 ], [ 6.89262, 51.2386 ], [ 6.89346, 51.23872 ], [ 6.89347, 51.23911 ], [ 6.89655, 51.23857 ], [ 6.89725, 51.23815 ], [ 6.89699, 51.23763 ], [ 6.9014, 51.23705 ], [ 6.90322, 51.23713 ], [ 6.90253, 51.23824 ], [ 6.90387, 51.23823 ], [ 6.90402, 51.2396 ], [ 6.90291, 51.23998 ], [ 6.90362, 51.24041 ], [ 6.9084, 51.23896 ], [ 6.91022, 51.24177 ], [ 6.91512, 51.24095 ], [ 6.91707, 51.2411 ], [ 6.91686, 51.24072 ], [ 6.91816, 51.24003 ], [ 6.92087, 51.24163 ], [ 6.92465, 51.24197 ], [ 6.92649, 51.24253 ], [ 6.93088, 51.24087 ], [ 6.93003, 51.23949 ], [ 6.93049, 51.23801 ], [ 6.93124, 51.23804 ], [ 6.93128, 51.23967 ], [ 6.93218, 51.24028 ], [ 6.93237, 51.24079 ], [ 6.93146, 51.24242 ], [ 6.93152, 51.24456 ], [ 6.93308, 51.24591 ], [ 6.9327, 51.24696 ], [ 6.93428, 51.24845 ], [ 6.93326, 51.24805 ], [ 6.9335, 51.2484 ], [ 6.92935, 51.2514 ], [ 6.92918, 51.25209 ], [ 6.92829, 51.25211 ], [ 6.92689, 51.25349 ], [ 6.9275, 51.25438 ], [ 6.92779, 51.25397 ], [ 6.92821, 51.25402 ], [ 6.92873, 51.25472 ], [ 6.92807, 51.25495 ], [ 6.92845, 51.25516 ], [ 6.92798, 51.25522 ], [ 6.92808, 51.25574 ], [ 6.93032, 51.25719 ], [ 6.93, 51.25739 ], [ 6.92895, 51.26162 ], [ 6.92925, 51.26163 ], [ 6.92881, 51.2623 ], [ 6.92915, 51.2625 ], [ 6.92849, 51.26348 ], [ 6.92873, 51.26434 ], [ 6.92778, 51.26441 ], [ 6.92767, 51.26557 ], [ 6.93101, 51.26565 ], [ 6.9326, 51.26429 ], [ 6.93408, 51.26577 ], [ 6.93245, 51.26662 ], [ 6.93273, 51.26717 ], [ 6.93382, 51.26791 ], [ 6.93577, 51.26998 ], [ 6.93713, 51.26967 ], [ 6.93888, 51.27147 ], [ 6.93933, 51.27232 ], [ 6.93993, 51.27255 ], [ 6.93979, 51.27287 ], [ 6.93724, 51.27388 ], [ 6.93469, 51.2743 ], [ 6.93493, 51.27487 ], [ 6.93594, 51.27535 ], [ 6.93582, 51.27607 ], [ 6.93468, 51.2757 ], [ 6.93437, 51.27602 ], [ 6.9306, 51.27534 ], [ 6.93108, 51.27461 ], [ 6.93011, 51.2732 ], [ 6.9284, 51.27288 ], [ 6.92252, 51.2736 ], [ 6.91775, 51.27269 ], [ 6.91651, 51.27296 ], [ 6.91732, 51.27334 ], [ 6.91738, 51.27418 ], [ 6.91554, 51.2749 ], [ 6.91441, 51.27592 ], [ 6.91278, 51.27614 ], [ 6.91239, 51.27575 ], [ 6.91208, 51.27421 ], [ 6.91129, 51.27318 ], [ 6.91274, 51.27251 ], [ 6.91141, 51.27112 ], [ 6.9111, 51.27166 ], [ 6.90842, 51.27103 ], [ 6.90867, 51.27068 ], [ 6.90798, 51.26992 ], [ 6.90804, 51.26863 ], [ 6.9076, 51.26736 ], [ 6.90643, 51.26755 ], [ 6.90368, 51.26494 ], [ 6.89753, 51.2647 ], [ 6.89644, 51.26512 ], [ 6.89598, 51.26453 ], [ 6.89383, 51.26497 ], [ 6.89437, 51.26574 ], [ 6.89205, 51.26671 ], [ 6.89172, 51.26617 ], [ 6.89083, 51.26673 ], [ 6.88991, 51.26751 ], [ 6.88976, 51.26894 ], [ 6.88914, 51.26937 ], [ 6.88234, 51.26832 ], [ 6.88183, 51.26916 ], [ 6.87612, 51.268 ], [ 6.8758, 51.26876 ], [ 6.87453, 51.27003 ], [ 6.87462, 51.27088 ], [ 6.87576, 51.27124 ], [ 6.87574, 51.2747 ], [ 6.87496, 51.27424 ], [ 6.87469, 51.27365 ], [ 6.87235, 51.27282 ], [ 6.87252, 51.27218 ], [ 6.87136, 51.27155 ], [ 6.87061, 51.27173 ], [ 6.87008, 51.27312 ], [ 6.86928, 51.27389 ], [ 6.86657, 51.27223 ], [ 6.85994, 51.27431 ], [ 6.85833, 51.27426 ], [ 6.85635, 51.27521 ], [ 6.85145, 51.2761 ], [ 6.85143, 51.2766 ], [ 6.85073, 51.27669 ], [ 6.85121, 51.27814 ], [ 6.85091, 51.27854 ], [ 6.84124, 51.27643 ], [ 6.84018, 51.27682 ], [ 6.83901, 51.27634 ], [ 6.83652, 51.27637 ], [ 6.83653, 51.27697 ], [ 6.83599, 51.27696 ], [ 6.83579, 51.27736 ], [ 6.83444, 51.27695 ], [ 6.83192, 51.27848 ], [ 6.83134, 51.27852 ], [ 6.83227, 51.27995 ], [ 6.83069, 51.28058 ], [ 6.82864, 51.27963 ], [ 6.82511, 51.27396 ], [ 6.82099, 51.2744 ], [ 6.81728, 51.27522 ], [ 6.81257, 51.27753 ], [ 6.80972, 51.27969 ], [ 6.80724, 51.27915 ], [ 6.80366, 51.27915 ], [ 6.80379, 51.27932 ], [ 6.80269, 51.27978 ], [ 6.80376, 51.28119 ], [ 6.80404, 51.2828 ], [ 6.80387, 51.28706 ], [ 6.80354, 51.2901 ], [ 6.80314, 51.29017 ], [ 6.80319, 51.29095 ], [ 6.80352, 51.29098 ], [ 6.80408, 51.29311 ], [ 6.80695, 51.29958 ], [ 6.80124, 51.301 ], [ 6.80335, 51.30482 ], [ 6.80353, 51.3069 ], [ 6.80502, 51.30748 ], [ 6.80867, 51.30741 ], [ 6.80952, 51.30766 ], [ 6.81144, 51.31114 ], [ 6.80968, 51.31397 ], [ 6.81412, 51.31514 ], [ 6.81746, 51.32094 ], [ 6.81517, 51.32098 ], [ 6.81027, 51.32192 ], [ 6.80735, 51.32324 ], [ 6.80674, 51.32615 ], [ 6.8026, 51.32843 ], [ 6.8026, 51.33054 ], [ 6.80439, 51.33149 ], [ 6.80376, 51.33238 ], [ 6.80327, 51.33393 ], [ 6.80358, 51.33504 ], [ 6.80306, 51.33547 ], [ 6.80419, 51.33615 ], [ 6.80474, 51.33721 ], [ 6.80799, 51.33701 ], [ 6.80913, 51.33745 ], [ 6.80865, 51.33863 ], [ 6.80857, 51.34051 ], [ 6.80943, 51.34251 ], [ 6.8094, 51.34318 ], [ 6.80452, 51.343 ], [ 6.80449, 51.34612 ], [ 6.80587, 51.35041 ], [ 6.79382, 51.35222 ], [ 6.79437, 51.34962 ], [ 6.79409, 51.34784 ], [ 6.79204, 51.34765 ], [ 6.79169, 51.34665 ], [ 6.7919, 51.3466 ], [ 6.79077, 51.34503 ], [ 6.79216, 51.34501 ], [ 6.79274, 51.34461 ], [ 6.79287, 51.34428 ], [ 6.79254, 51.34391 ], [ 6.79181, 51.34382 ], [ 6.79181, 51.34326 ], [ 6.78976, 51.34363 ], [ 6.78957, 51.34339 ], [ 6.78928, 51.34353 ], [ 6.78947, 51.34365 ], [ 6.78728, 51.34429 ], [ 6.78742, 51.34447 ], [ 6.78612, 51.34515 ], [ 6.78225, 51.34386 ], [ 6.78269, 51.34269 ], [ 6.7815, 51.34255 ], [ 6.77646, 51.34365 ], [ 6.77263, 51.34569 ], [ 6.76688, 51.34731 ], [ 6.76227, 51.34819 ], [ 6.75986, 51.34827 ], [ 6.75462, 51.35001 ], [ 6.75314, 51.349 ], [ 6.75285, 51.34997 ], [ 6.74918, 51.35215 ], [ 6.74838, 51.35247 ], [ 6.74729, 51.3524 ], [ 6.74409, 51.35091 ], [ 6.74223, 51.34889 ], [ 6.73937, 51.3471 ], [ 6.73826, 51.34539 ], [ 6.72778, 51.34189 ], [ 6.72506, 51.34071 ], [ 6.71876, 51.33515 ], [ 6.71711, 51.33588 ], [ 6.71605, 51.33437 ], [ 6.71449, 51.33338 ], [ 6.72445, 51.32829 ], [ 6.73014, 51.32435 ], [ 6.73155, 51.32285 ], [ 6.7333, 51.32024 ], [ 6.73454, 51.31701 ], [ 6.73475, 51.31529 ], [ 6.73458, 51.31258 ], [ 6.73386, 51.30909 ], [ 6.73248, 51.3054 ], [ 6.72979, 51.30112 ], [ 6.72671, 51.29778 ], [ 6.70682, 51.28057 ], [ 6.7041, 51.27723 ], [ 6.7027, 51.27418 ], [ 6.70259, 51.27117 ], [ 6.70333, 51.26902 ], [ 6.70521, 51.2665 ], [ 6.70801, 51.26409 ], [ 6.71085, 51.26235 ], [ 6.71473, 51.2606 ], [ 6.72655, 51.2566 ], [ 6.7246, 51.25428 ], [ 6.72054, 51.25084 ], [ 6.72026, 51.2505 ], [ 6.72138, 51.25006 ], [ 6.71846, 51.24702 ] ] ] } },
{ "type": "Feature", "properties": { "stadt": "Leipzig" }, "geometry": { "type": "Polygon", "coordinates": [ [ [ 12.49888, 51.36056 ], [ 12.48373, 51.36101 ], [ 12.47093, 51.368 ], [ 12.47001, 51.36838 ], [ 12.46849, 51.36816 ], [ 12.46711, 51.36905 ], [ 12.47168, 51.37092 ], [ 12.47056, 51.37175 ], [ 12.47074, 51.37263 ], [ 12.47315, 51.37534 ], [ 12.47337, 51.37607 ], [ 12.4732, 51.37769 ], [ 12.47465, 51.37896 ], [ 12.4752, 51.38122 ], [ 12.47612, 51.38237 ], [ 12.47658, 51.38241 ], [ 12.4667, 51.38314 ], [ 12.46497, 51.39088 ], [ 12.46432, 51.39065 ], [ 12.46334, 51.39134 ], [ 12.46355, 51.39166 ], [ 12.46413, 51.3916 ], [ 12.46546, 51.39229 ], [ 12.46588, 51.39283 ], [ 12.4656, 51.39289 ], [ 12.46544, 51.39252 ], [ 12.46452, 51.39283 ], [ 12.46539, 51.39363 ], [ 12.46534, 51.39306 ], [ 12.4661, 51.39303 ], [ 12.46744, 51.39345 ], [ 12.46878, 51.39342 ], [ 12.46847, 51.39383 ], [ 12.46995, 51.39415 ], [ 12.46857, 51.39702 ], [ 12.46804, 51.40081 ], [ 12.46852, 51.40158 ], [ 12.47122, 51.40214 ], [ 12.47121, 51.40262 ], [ 12.47103, 51.40338 ], [ 12.47041, 51.40348 ], [ 12.47024, 51.4038 ], [ 12.46624, 51.40342 ], [ 12.46162, 51.40765 ], [ 12.45676, 51.40978 ], [ 12.45676, 51.41441 ], [ 12.45724, 51.4144 ], [ 12.45865, 51.41879 ], [ 12.46108, 51.41866 ], [ 12.46157, 51.42042 ], [ 12.46208, 51.42046 ], [ 12.47395, 51.41999 ], [ 12.4754, 51.41982 ], [ 12.47532, 51.41726 ], [ 12.48106, 51.41763 ], [ 12.48364, 51.41744 ], [ 12.48369, 51.41699 ], [ 12.48644, 51.41711 ], [ 12.48659, 51.41775 ], [ 12.48879, 51.41764 ], [ 12.4893, 51.41894 ], [ 12.48914, 51.42039 ], [ 12.491, 51.42046 ], [ 12.49104, 51.42108 ], [ 12.49278, 51.42113 ], [ 12.49243, 51.4224 ], [ 12.49412, 51.42239 ], [ 12.49271, 51.42569 ], [ 12.49219, 51.42567 ], [ 12.49202, 51.42802 ], [ 12.49342, 51.4281 ], [ 12.49281, 51.43152 ], [ 12.48911, 51.43142 ], [ 12.4792, 51.43217 ], [ 12.47238, 51.43233 ], [ 12.47262, 51.43405 ], [ 12.4723, 51.43406 ], [ 12.47209, 51.43516 ], [ 12.47137, 51.4352 ], [ 12.47166, 51.43757 ], [ 12.46947, 51.43771 ], [ 12.47125, 51.44261 ], [ 12.47092, 51.4428 ], [ 12.4609, 51.44359 ], [ 12.45322, 51.44371 ], [ 12.45067, 51.44413 ], [ 12.4483, 51.44475 ], [ 12.44497, 51.44729 ], [ 12.44119, 51.44811 ], [ 12.4404, 51.44317 ], [ 12.4416, 51.43732 ], [ 12.44222, 51.43059 ], [ 12.43966, 51.43015 ], [ 12.43971, 51.42974 ], [ 12.43396, 51.42957 ], [ 12.42767, 51.42742 ], [ 12.42393, 51.42673 ], [ 12.42111, 51.42792 ], [ 12.41742, 51.42783 ], [ 12.41617, 51.42904 ], [ 12.40575, 51.42883 ], [ 12.40362, 51.42514 ], [ 12.40228, 51.42392 ], [ 12.40368, 51.42624 ], [ 12.40034, 51.4216 ], [ 12.39871, 51.4166 ], [ 12.39803, 51.41605 ], [ 12.39646, 51.41567 ], [ 12.39448, 51.41757 ], [ 12.39299, 51.41838 ], [ 12.38925, 51.4193 ], [ 12.38871, 51.41985 ], [ 12.38845, 51.4196 ], [ 12.38084, 51.42169 ], [ 12.37809, 51.42207 ], [ 12.37646, 51.42272 ], [ 12.37483, 51.42361 ], [ 12.37332, 51.4253 ], [ 12.37332, 51.42361 ], [ 12.36412, 51.42191 ], [ 12.36019, 51.41889 ], [ 12.35998, 51.41534 ], [ 12.35998, 51.4177 ], [ 12.35097, 51.41759 ], [ 12.33338, 51.41814 ], [ 12.33302, 51.41964 ], [ 12.32465, 51.41932 ], [ 12.31367, 51.41835 ], [ 12.31195, 51.4178 ], [ 12.31258, 51.41516 ], [ 12.30837, 51.41527 ], [ 12.30776, 51.41558 ], [ 12.30766, 51.41529 ], [ 12.28683, 51.41599 ], [ 12.27103, 51.41787 ], [ 12.2712, 51.41737 ], [ 12.27385, 51.417 ], [ 12.27426, 51.41579 ], [ 12.27163, 51.41609 ], [ 12.27253, 51.41343 ], [ 12.26342, 51.41152 ], [ 12.26455, 51.40221 ], [ 12.26105, 51.40237 ], [ 12.26199, 51.40118 ], [ 12.25743, 51.40262 ], [ 12.25233, 51.40365 ], [ 12.25369, 51.4026 ], [ 12.25573, 51.39984 ], [ 12.2574, 51.40012 ], [ 12.26095, 51.39994 ], [ 12.26331, 51.40034 ], [ 12.26503, 51.39839 ], [ 12.26784, 51.39739 ], [ 12.26768, 51.39639 ], [ 12.26656, 51.39553 ], [ 12.26599, 51.39443 ], [ 12.26474, 51.39321 ], [ 12.25902, 51.39022 ], [ 12.25662, 51.38775 ], [ 12.25627, 51.38607 ], [ 12.25711, 51.38585 ], [ 12.25722, 51.38495 ], [ 12.25658, 51.38484 ], [ 12.25563, 51.38383 ], [ 12.2571, 51.38398 ], [ 12.25741, 51.38301 ], [ 12.25933, 51.38179 ], [ 12.25873, 51.38063 ], [ 12.25782, 51.3805 ], [ 12.25688, 51.38087 ], [ 12.25283, 51.3796 ], [ 12.25242, 51.3798 ], [ 12.25281, 51.37959 ], [ 12.24538, 51.37493 ], [ 12.24168, 51.37352 ], [ 12.23767, 51.3727 ], [ 12.23794, 51.37199 ], [ 12.24106, 51.37193 ], [ 12.24339, 51.37117 ], [ 12.24272, 51.36898 ], [ 12.24292, 51.36784 ], [ 12.24197, 51.36645 ], [ 12.24246, 51.36599 ], [ 12.24199, 51.36592 ], [ 12.2416, 51.36526 ], [ 12.24105, 51.36014 ], [ 12.2414, 51.35889 ], [ 12.24122, 51.35757 ], [ 12.24161, 51.35412 ], [ 12.24256, 51.35283 ], [ 12.24265, 51.35168 ], [ 12.24181, 51.34965 ], [ 12.24197, 51.34908 ], [ 12.24296, 51.3482 ], [ 12.2455, 51.34736 ], [ 12.24779, 51.34533 ], [ 12.24811, 51.34427 ], [ 12.24999, 51.34153 ], [ 12.24958, 51.33916 ], [ 12.24994, 51.33821 ], [ 12.25153, 51.3374 ], [ 12.25353, 51.33727 ], [ 12.25931, 51.33552 ], [ 12.25971, 51.33469 ], [ 12.25934, 51.33362 ], [ 12.25785, 51.33245 ], [ 12.25715, 51.33286 ], [ 12.2472, 51.33081 ], [ 12.24769, 51.32982 ], [ 12.245, 51.32954 ], [ 12.24482, 51.33179 ], [ 12.24376, 51.33147 ], [ 12.24398, 51.32734 ], [ 12.23699, 51.32643 ], [ 12.23849, 51.32299 ], [ 12.23819, 51.32295 ], [ 12.23951, 51.32033 ], [ 12.23665, 51.31978 ], [ 12.23797, 51.3171 ], [ 12.24305, 51.31789 ], [ 12.23987, 51.31608 ], [ 12.24404, 51.31331 ], [ 12.24675, 51.30829 ], [ 12.24619, 51.30797 ], [ 12.24778, 51.30511 ], [ 12.24913, 51.3055 ], [ 12.25164, 51.29919 ], [ 12.25032, 51.29777 ], [ 12.26115, 51.29856 ], [ 12.26223, 51.28946 ], [ 12.27309, 51.28651 ], [ 12.27661, 51.28438 ], [ 12.28132, 51.28081 ], [ 12.27004, 51.28136 ], [ 12.26334, 51.28135 ], [ 12.26314, 51.28412 ], [ 12.26261, 51.28576 ], [ 12.25001, 51.2861 ], [ 12.25033, 51.28502 ], [ 12.24981, 51.28388 ], [ 12.24992, 51.28301 ], [ 12.25224, 51.28238 ], [ 12.25308, 51.27989 ], [ 12.2509, 51.27926 ], [ 12.24867, 51.27908 ], [ 12.24885, 51.27826 ], [ 12.24782, 51.27816 ], [ 12.25198, 51.26895 ], [ 12.25194, 51.26721 ], [ 12.24747, 51.26588 ], [ 12.24875, 51.26519 ], [ 12.25038, 51.26545 ], [ 12.25221, 51.25975 ], [ 12.25333, 51.26016 ], [ 12.25516, 51.2555 ], [ 12.2589, 51.25126 ], [ 12.25767, 51.25089 ], [ 12.25832, 51.25021 ], [ 12.25371, 51.24882 ], [ 12.25611, 51.24471 ], [ 12.25148, 51.24339 ], [ 12.2536, 51.23918 ], [ 12.25128, 51.23872 ], [ 12.25165, 51.23817 ], [ 12.2575, 51.2394 ], [ 12.25801, 51.23828 ], [ 12.26124, 51.23873 ], [ 12.26996, 51.24144 ], [ 12.27827, 51.24269 ], [ 12.28302, 51.24306 ], [ 12.28248, 51.24446 ], [ 12.28606, 51.24357 ], [ 12.28916, 51.24327 ], [ 12.29477, 51.24147 ], [ 12.30087, 51.24245 ], [ 12.30221, 51.2432 ], [ 12.30484, 51.24348 ], [ 12.30776, 51.24332 ], [ 12.30744, 51.24307 ], [ 12.3075, 51.24231 ], [ 12.30862, 51.24241 ], [ 12.30896, 51.2429 ], [ 12.31325, 51.24278 ], [ 12.31551, 51.24433 ], [ 12.31597, 51.24522 ], [ 12.31575, 51.24616 ], [ 12.31443, 51.24763 ], [ 12.31407, 51.24884 ], [ 12.31195, 51.24881 ], [ 12.31121, 51.24952 ], [ 12.31189, 51.25002 ], [ 12.31512, 51.25052 ], [ 12.31504, 51.2509 ], [ 12.31405, 51.25097 ], [ 12.3129, 51.25159 ], [ 12.31305, 51.25193 ], [ 12.3141, 51.25206 ], [ 12.31484, 51.25265 ], [ 12.31474, 51.25318 ], [ 12.31394, 51.25391 ], [ 12.31563, 51.25434 ], [ 12.31493, 51.25543 ], [ 12.31803, 51.25723 ], [ 12.32293, 51.25706 ], [ 12.32269, 51.25944 ], [ 12.32297, 51.25941 ], [ 12.32225, 51.2625 ], [ 12.3226, 51.26269 ], [ 12.32221, 51.26488 ], [ 12.32313, 51.26748 ], [ 12.32333, 51.26958 ], [ 12.32558, 51.26924 ], [ 12.3254, 51.2695 ], [ 12.32613, 51.27087 ], [ 12.32736, 51.27125 ], [ 12.33188, 51.27101 ], [ 12.33216, 51.26841 ], [ 12.33536, 51.26832 ], [ 12.33614, 51.26869 ], [ 12.33674, 51.26812 ], [ 12.33605, 51.2671 ], [ 12.33719, 51.26715 ], [ 12.33783, 51.26764 ], [ 12.34006, 51.26738 ], [ 12.34068, 51.26775 ], [ 12.34094, 51.26748 ], [ 12.3415, 51.2679 ], [ 12.34099, 51.26873 ], [ 12.34152, 51.26905 ], [ 12.34238, 51.26869 ], [ 12.34248, 51.26837 ], [ 12.34373, 51.26823 ], [ 12.34532, 51.26874 ], [ 12.34497, 51.2691 ], [ 12.3453, 51.26945 ], [ 12.34376, 51.2703 ], [ 12.34311, 51.27004 ], [ 12.3429, 51.27023 ], [ 12.34335, 51.27036 ], [ 12.34253, 51.27048 ], [ 12.3425, 51.27075 ], [ 12.34164, 51.27091 ], [ 12.34136, 51.27047 ], [ 12.34092, 51.27045 ], [ 12.34069, 51.27084 ], [ 12.34099, 51.27119 ], [ 12.34263, 51.27164 ], [ 12.34329, 51.27143 ], [ 12.34435, 51.27237 ], [ 12.34531, 51.27202 ], [ 12.34504, 51.27186 ], [ 12.34535, 51.27154 ], [ 12.3463, 51.27227 ], [ 12.34542, 51.27317 ], [ 12.34442, 51.27314 ], [ 12.34491, 51.27387 ], [ 12.34525, 51.27377 ], [ 12.34533, 51.2743 ], [ 12.34636, 51.27352 ], [ 12.3482, 51.27369 ], [ 12.34833, 51.27416 ], [ 12.34663, 51.2758 ], [ 12.3484, 51.27687 ], [ 12.34846, 51.27894 ], [ 12.35, 51.27998 ], [ 12.35018, 51.28041 ], [ 12.35063, 51.28039 ], [ 12.35101, 51.28103 ], [ 12.35259, 51.28101 ], [ 12.35296, 51.28273 ], [ 12.35355, 51.2832 ], [ 12.35326, 51.28347 ], [ 12.35176, 51.28352 ], [ 12.35159, 51.28456 ], [ 12.35196, 51.28526 ], [ 12.35113, 51.28571 ], [ 12.35208, 51.28612 ], [ 12.35165, 51.2864 ], [ 12.35089, 51.28842 ], [ 12.35047, 51.28837 ], [ 12.34985, 51.28987 ], [ 12.35284, 51.28973 ], [ 12.35324, 51.29023 ], [ 12.3528, 51.29051 ], [ 12.35347, 51.29069 ], [ 12.35279, 51.29081 ], [ 12.35206, 51.29036 ], [ 12.3512, 51.2905 ], [ 12.35192, 51.29083 ], [ 12.35108, 51.29166 ], [ 12.35104, 51.2935 ], [ 12.3507, 51.29441 ], [ 12.35091, 51.29502 ], [ 12.35144, 51.29526 ], [ 12.35004, 51.29561 ], [ 12.34969, 51.29532 ], [ 12.34939, 51.29592 ], [ 12.35116, 51.29646 ], [ 12.35264, 51.29574 ], [ 12.35284, 51.29617 ], [ 12.35512, 51.29632 ], [ 12.3547, 51.29577 ], [ 12.35523, 51.29536 ], [ 12.3559, 51.29542 ], [ 12.35639, 51.29396 ], [ 12.36181, 51.29248 ], [ 12.36278, 51.29158 ], [ 12.3644, 51.29082 ], [ 12.36442, 51.28999 ], [ 12.36308, 51.28927 ], [ 12.36319, 51.28847 ], [ 12.36467, 51.28806 ], [ 12.3657, 51.28708 ], [ 12.36683, 51.28673 ], [ 12.37155, 51.29287 ], [ 12.37176, 51.29366 ], [ 12.37375, 51.29363 ], [ 12.37412, 51.2926 ], [ 12.37537, 51.29107 ], [ 12.37646, 51.29143 ], [ 12.37655, 51.28972 ], [ 12.37708, 51.28819 ], [ 12.38115, 51.28333 ], [ 12.38421, 51.28254 ], [ 12.38405, 51.28172 ], [ 12.38518, 51.28195 ], [ 12.38465, 51.28141 ], [ 12.38456, 51.28103 ], [ 12.38486, 51.28081 ], [ 12.38987, 51.28083 ], [ 12.38987, 51.28154 ], [ 12.39143, 51.28166 ], [ 12.39118, 51.27991 ], [ 12.39154, 51.27954 ], [ 12.39311, 51.27968 ], [ 12.39403, 51.28242 ], [ 12.40119, 51.28291 ], [ 12.40139, 51.28234 ], [ 12.40349, 51.28246 ], [ 12.40503, 51.2815 ], [ 12.40601, 51.28203 ], [ 12.40951, 51.28232 ], [ 12.40988, 51.28038 ], [ 12.41229, 51.28043 ], [ 12.4123, 51.27998 ], [ 12.41259, 51.27998 ], [ 12.41251, 51.27902 ], [ 12.41324, 51.27904 ], [ 12.41394, 51.27927 ], [ 12.41371, 51.28002 ], [ 12.41492, 51.28013 ], [ 12.41437, 51.28378 ], [ 12.41674, 51.28347 ], [ 12.41665, 51.2848 ], [ 12.42976, 51.28607 ], [ 12.43192, 51.28571 ], [ 12.432, 51.28503 ], [ 12.43502, 51.28424 ], [ 12.44321, 51.28283 ], [ 12.44707, 51.28287 ], [ 12.44929, 51.27425 ], [ 12.44805, 51.26828 ], [ 12.4502, 51.26784 ], [ 12.46472, 51.2632 ], [ 12.46804, 51.26182 ], [ 12.47236, 51.26167 ], [ 12.47813, 51.26314 ], [ 12.47799, 51.26169 ], [ 12.477, 51.25882 ], [ 12.47788, 51.25795 ], [ 12.47872, 51.25771 ], [ 12.48816, 51.25763 ], [ 12.489, 51.25859 ], [ 12.49019, 51.25887 ], [ 12.49257, 51.26018 ], [ 12.49348, 51.2602 ], [ 12.49103, 51.26289 ], [ 12.48739, 51.26188 ], [ 12.48551, 51.26177 ], [ 12.48505, 51.26422 ], [ 12.48423, 51.2645 ], [ 12.48542, 51.26573 ], [ 12.48735, 51.26894 ], [ 12.49175, 51.27728 ], [ 12.49355, 51.27737 ], [ 12.49337, 51.27952 ], [ 12.49406, 51.28158 ], [ 12.49786, 51.28211 ], [ 12.49783, 51.28305 ], [ 12.50028, 51.28336 ], [ 12.49771, 51.28622 ], [ 12.49658, 51.28913 ], [ 12.49796, 51.28942 ], [ 12.50042, 51.28921 ], [ 12.50057, 51.29038 ], [ 12.50104, 51.2905 ], [ 12.50301, 51.296 ], [ 12.50523, 51.29978 ], [ 12.50491, 51.30382 ], [ 12.50987, 51.3035 ], [ 12.51426, 51.30432 ], [ 12.51971, 51.30428 ], [ 12.53026, 51.30548 ], [ 12.53882, 51.3061 ], [ 12.53978, 51.30772 ], [ 12.53085, 51.31784 ], [ 12.53297, 51.31664 ], [ 12.53379, 51.31669 ], [ 12.53441, 51.31746 ], [ 12.53575, 51.31809 ], [ 12.53606, 51.31881 ], [ 12.54249, 51.32413 ], [ 12.53248, 51.32916 ], [ 12.52666, 51.33126 ], [ 12.52779, 51.33185 ], [ 12.53365, 51.33336 ], [ 12.53601, 51.33472 ], [ 12.53759, 51.33506 ], [ 12.5389, 51.33708 ], [ 12.53849, 51.33753 ], [ 12.53798, 51.33714 ], [ 12.53761, 51.33755 ], [ 12.53745, 51.33709 ], [ 12.53698, 51.33728 ], [ 12.53731, 51.33751 ], [ 12.53669, 51.33767 ], [ 12.53684, 51.33792 ], [ 12.53763, 51.33807 ], [ 12.5369, 51.3386 ], [ 12.5373, 51.33879 ], [ 12.53605, 51.33936 ], [ 12.53859, 51.34061 ], [ 12.5384, 51.34088 ], [ 12.53652, 51.34184 ], [ 12.53251, 51.34097 ], [ 12.52991, 51.34192 ], [ 12.52819, 51.34295 ], [ 12.52761, 51.3436 ], [ 12.52809, 51.34385 ], [ 12.5276, 51.3439 ], [ 12.52782, 51.34418 ], [ 12.52616, 51.34463 ], [ 12.52653, 51.34519 ], [ 12.52657, 51.34697 ], [ 12.52728, 51.34806 ], [ 12.52576, 51.34889 ], [ 12.51227, 51.34709 ], [ 12.50911, 51.34732 ], [ 12.49888, 51.36056 ] ] ] } },
{ "type": "Feature", "properties": { "stadt": "Stuttgart" }, "geometry": { "type": "Polygon", "coordinates": [ [ [ 9.08944, 48.83348 ], [ 9.08573, 48.83092 ], [ 9.08624, 48.83067 ], [ 9.08643, 48.83003 ], [ 9.08672, 48.82605 ], [ 9.0851, 48.82614 ], [ 9.08529, 48.82399 ], [ 9.08426, 48.82412 ], [ 9.0834, 48.81905 ], [ 9.07991, 48.81838 ], [ 9.08039, 48.81799 ], [ 9.07984, 48.81775 ], [ 9.08056, 48.81705 ], [ 9.07944, 48.81678 ], [ 9.07989, 48.81612 ], [ 9.07958, 48.81601 ], [ 9.08017, 48.81525 ], [ 9.07964, 48.81542 ], [ 9.07669, 48.81457 ], [ 9.07834, 48.81296 ], [ 9.07918, 48.81312 ], [ 9.07957, 48.81262 ], [ 9.0804, 48.81309 ], [ 9.08179, 48.81133 ], [ 9.08343, 48.81159 ], [ 9.08413, 48.80943 ], [ 9.08737, 48.80977 ], [ 9.08567, 48.80635 ], [ 9.08606, 48.80402 ], [ 9.08508, 48.80205 ], [ 9.08491, 48.7999 ], [ 9.08438, 48.7986 ], [ 9.08463, 48.79811 ], [ 9.08413, 48.79689 ], [ 9.08312, 48.79691 ], [ 9.08303, 48.79667 ], [ 9.0822, 48.79702 ], [ 9.08124, 48.79637 ], [ 9.0799, 48.79496 ], [ 9.07977, 48.79426 ], [ 9.07955, 48.79467 ], [ 9.08016, 48.79555 ], [ 9.07818, 48.79465 ], [ 9.07688, 48.79146 ], [ 9.07603, 48.78995 ], [ 9.07539, 48.78954 ], [ 9.07526, 48.78716 ], [ 9.08832, 48.782 ], [ 9.08574, 48.78103 ], [ 9.08576, 48.78044 ], [ 9.08683, 48.77919 ], [ 9.0867, 48.77848 ], [ 9.08516, 48.77757 ], [ 9.08497, 48.77694 ], [ 9.08353, 48.77553 ], [ 9.08349, 48.77512 ], [ 9.08439, 48.77484 ], [ 9.08581, 48.77362 ], [ 9.08506, 48.77266 ], [ 9.08534, 48.77196 ], [ 9.08395, 48.7714 ], [ 9.08255, 48.76973 ], [ 9.08332, 48.76861 ], [ 9.08038, 48.76761 ], [ 9.07586, 48.76719 ], [ 9.07761, 48.7642 ], [ 9.07768, 48.76317 ], [ 9.07644, 48.76076 ], [ 9.07611, 48.75945 ], [ 9.07652, 48.75797 ], [ 9.07729, 48.75732 ], [ 9.07711, 48.75644 ], [ 9.07739, 48.756 ], [ 9.07677, 48.75523 ], [ 9.07535, 48.75507 ], [ 9.07513, 48.75474 ], [ 9.07415, 48.75489 ], [ 9.07348, 48.75556 ], [ 9.07008, 48.75559 ], [ 9.06738, 48.75606 ], [ 9.06904, 48.75636 ], [ 9.06906, 48.75669 ], [ 9.06768, 48.75666 ], [ 9.06524, 48.75539 ], [ 9.06289, 48.75261 ], [ 9.06229, 48.75012 ], [ 9.06358, 48.74796 ], [ 9.06889, 48.74856 ], [ 9.06734, 48.7473 ], [ 9.06562, 48.74776 ], [ 9.06159, 48.74748 ], [ 9.05847, 48.74687 ], [ 9.05269, 48.74814 ], [ 9.04655, 48.7475 ], [ 9.04573, 48.7471 ], [ 9.04466, 48.74589 ], [ 9.03983, 48.74346 ], [ 9.03971, 48.74294 ], [ 9.03899, 48.74241 ], [ 9.0386, 48.74132 ], [ 9.0399, 48.74076 ], [ 9.04161, 48.74059 ], [ 9.04571, 48.74126 ], [ 9.04835, 48.74047 ], [ 9.05163, 48.74052 ], [ 9.05479, 48.73814 ], [ 9.05407, 48.73793 ], [ 9.05402, 48.73743 ], [ 9.05516, 48.73505 ], [ 9.05653, 48.73312 ], [ 9.06258, 48.73406 ], [ 9.06662, 48.73415 ], [ 9.0676, 48.73236 ], [ 9.06726, 48.73057 ], [ 9.06353, 48.72899 ], [ 9.06281, 48.72738 ], [ 9.06793, 48.72649 ], [ 9.07126, 48.72528 ], [ 9.0744, 48.72349 ], [ 9.07387, 48.72309 ], [ 9.08693, 48.71523 ], [ 9.09968, 48.71182 ], [ 9.11265, 48.70912 ], [ 9.11879, 48.70826 ], [ 9.12359, 48.70808 ], [ 9.13519, 48.70933 ], [ 9.1397, 48.70945 ], [ 9.16951, 48.70537 ], [ 9.17513, 48.70349 ], [ 9.19383, 48.69471 ], [ 9.19864, 48.69321 ], [ 9.20158, 48.69265 ], [ 9.21456, 48.69202 ], [ 9.22245, 48.6922 ], [ 9.24497, 48.69455 ], [ 9.24381, 48.69715 ], [ 9.24404, 48.69718 ], [ 9.24386, 48.69771 ], [ 9.2394, 48.69707 ], [ 9.23931, 48.69891 ], [ 9.23825, 48.70405 ], [ 9.23873, 48.70637 ], [ 9.24108, 48.70925 ], [ 9.23977, 48.71151 ], [ 9.23649, 48.71157 ], [ 9.23531, 48.71116 ], [ 9.23443, 48.71143 ], [ 9.23465, 48.71119 ], [ 9.23339, 48.71086 ], [ 9.23252, 48.7102 ], [ 9.23114, 48.70964 ], [ 9.23025, 48.70971 ], [ 9.22921, 48.71163 ], [ 9.22818, 48.71133 ], [ 9.22801, 48.71261 ], [ 9.22752, 48.71263 ], [ 9.22581, 48.71413 ], [ 9.22488, 48.71453 ], [ 9.22451, 48.71578 ], [ 9.22151, 48.71903 ], [ 9.21906, 48.72059 ], [ 9.21881, 48.72167 ], [ 9.21784, 48.72227 ], [ 9.21656, 48.72378 ], [ 9.21504, 48.72485 ], [ 9.21148, 48.72654 ], [ 9.21259, 48.7264 ], [ 9.21289, 48.72739 ], [ 9.21275, 48.72894 ], [ 9.21459, 48.7312 ], [ 9.21433, 48.73138 ], [ 9.21677, 48.73235 ], [ 9.21981, 48.73254 ], [ 9.22211, 48.73221 ], [ 9.22215, 48.7316 ], [ 9.22251, 48.73144 ], [ 9.22611, 48.73147 ], [ 9.22591, 48.73505 ], [ 9.22919, 48.73481 ], [ 9.23104, 48.73516 ], [ 9.23126, 48.73566 ], [ 9.23193, 48.73547 ], [ 9.23323, 48.73802 ], [ 9.23749, 48.73632 ], [ 9.23926, 48.73712 ], [ 9.23905, 48.73736 ], [ 9.23999, 48.73753 ], [ 9.24271, 48.74164 ], [ 9.24289, 48.74322 ], [ 9.24442, 48.74407 ], [ 9.24515, 48.7442 ], [ 9.24678, 48.74206 ], [ 9.24943, 48.74138 ], [ 9.24933, 48.74089 ], [ 9.25125, 48.74014 ], [ 9.25286, 48.74027 ], [ 9.25258, 48.74194 ], [ 9.25558, 48.74254 ], [ 9.25646, 48.74211 ], [ 9.25621, 48.74188 ], [ 9.25654, 48.74147 ], [ 9.25696, 48.74223 ], [ 9.25787, 48.74277 ], [ 9.26041, 48.74365 ], [ 9.26158, 48.74341 ], [ 9.2601, 48.74488 ], [ 9.25905, 48.74545 ], [ 9.26085, 48.74573 ], [ 9.26254, 48.74719 ], [ 9.26516, 48.74878 ], [ 9.26423, 48.75037 ], [ 9.26643, 48.75101 ], [ 9.26602, 48.75244 ], [ 9.26621, 48.75359 ], [ 9.2676, 48.75379 ], [ 9.26816, 48.75346 ], [ 9.27078, 48.75671 ], [ 9.27167, 48.75676 ], [ 9.27234, 48.75573 ], [ 9.27367, 48.7559 ], [ 9.27368, 48.75627 ], [ 9.27509, 48.75617 ], [ 9.27573, 48.75648 ], [ 9.27496, 48.75775 ], [ 9.27535, 48.75992 ], [ 9.27485, 48.76016 ], [ 9.27529, 48.76041 ], [ 9.27464, 48.76063 ], [ 9.2749, 48.76107 ], [ 9.27459, 48.76158 ], [ 9.27327, 48.7617 ], [ 9.27233, 48.7626 ], [ 9.27411, 48.76467 ], [ 9.27463, 48.76472 ], [ 9.27263, 48.76577 ], [ 9.2725, 48.76614 ], [ 9.27398, 48.76626 ], [ 9.27281, 48.7676 ], [ 9.27473, 48.76768 ], [ 9.27534, 48.76805 ], [ 9.27512, 48.76822 ], [ 9.27606, 48.76994 ], [ 9.27731, 48.76974 ], [ 9.27743, 48.7691 ], [ 9.27775, 48.76935 ], [ 9.28039, 48.76819 ], [ 9.28179, 48.76886 ], [ 9.28384, 48.76842 ], [ 9.28508, 48.76878 ], [ 9.28846, 48.76883 ], [ 9.28933, 48.76994 ], [ 9.29269, 48.77048 ], [ 9.29452, 48.77163 ], [ 9.29663, 48.77236 ], [ 9.29724, 48.77289 ], [ 9.29651, 48.77365 ], [ 9.30232, 48.77591 ], [ 9.30357, 48.77539 ], [ 9.30323, 48.77504 ], [ 9.30349, 48.77483 ], [ 9.3046, 48.77477 ], [ 9.30501, 48.77391 ], [ 9.30643, 48.77376 ], [ 9.30708, 48.77331 ], [ 9.30687, 48.77317 ], [ 9.30751, 48.7732 ], [ 9.30828, 48.77269 ], [ 9.30857, 48.77313 ], [ 9.30816, 48.77382 ], [ 9.30841, 48.77391 ], [ 9.31442, 48.77454 ], [ 9.3143, 48.77554 ], [ 9.3156, 48.77715 ], [ 9.31602, 48.77822 ], [ 9.31549, 48.77894 ], [ 9.30754, 48.77829 ], [ 9.3071, 48.78089 ], [ 9.30531, 48.78039 ], [ 9.30329, 48.78029 ], [ 9.29958, 48.77879 ], [ 9.29864, 48.77924 ], [ 9.2993, 48.78034 ], [ 9.29795, 48.77985 ], [ 9.29431, 48.7815 ], [ 9.29364, 48.78229 ], [ 9.29603, 48.78447 ], [ 9.29761, 48.78478 ], [ 9.29929, 48.78558 ], [ 9.29534, 48.7887 ], [ 9.29336, 48.78781 ], [ 9.29236, 48.78692 ], [ 9.29119, 48.7867 ], [ 9.28875, 48.78775 ], [ 9.29139, 48.79075 ], [ 9.29007, 48.79167 ], [ 9.28852, 48.79085 ], [ 9.28854, 48.79042 ], [ 9.28686, 48.79025 ], [ 9.2862, 48.79057 ], [ 9.28445, 48.78983 ], [ 9.27728, 48.78987 ], [ 9.27581, 48.7905 ], [ 9.27333, 48.78936 ], [ 9.27469, 48.79131 ], [ 9.27446, 48.79255 ], [ 9.27334, 48.79348 ], [ 9.27329, 48.79422 ], [ 9.27154, 48.79394 ], [ 9.2716, 48.79372 ], [ 9.26936, 48.79262 ], [ 9.26701, 48.79229 ], [ 9.26683, 48.79258 ], [ 9.26549, 48.79243 ], [ 9.2658, 48.79145 ], [ 9.26536, 48.79137 ], [ 9.26301, 48.79249 ], [ 9.26372, 48.7935 ], [ 9.26433, 48.79373 ], [ 9.26227, 48.79433 ], [ 9.26255, 48.79522 ], [ 9.26165, 48.79493 ], [ 9.25899, 48.79554 ], [ 9.25446, 48.79467 ], [ 9.25138, 48.79278 ], [ 9.25003, 48.79371 ], [ 9.24888, 48.79375 ], [ 9.24802, 48.79506 ], [ 9.24691, 48.79482 ], [ 9.24659, 48.79509 ], [ 9.24654, 48.79571 ], [ 9.24714, 48.79603 ], [ 9.24998, 48.79624 ], [ 9.24963, 48.79666 ], [ 9.24925, 48.79664 ], [ 9.24946, 48.79739 ], [ 9.25092, 48.79783 ], [ 9.25031, 48.79906 ], [ 9.25382, 48.80011 ], [ 9.25468, 48.80006 ], [ 9.25457, 48.80029 ], [ 9.25524, 48.80045 ], [ 9.25474, 48.80071 ], [ 9.25447, 48.80179 ], [ 9.25533, 48.80204 ], [ 9.25534, 48.80398 ], [ 9.25418, 48.80388 ], [ 9.25321, 48.81005 ], [ 9.25681, 48.81077 ], [ 9.25628, 48.81199 ], [ 9.25675, 48.81208 ], [ 9.25628, 48.81314 ], [ 9.25525, 48.81295 ], [ 9.25452, 48.81524 ], [ 9.25562, 48.81543 ], [ 9.25506, 48.81689 ], [ 9.2541, 48.81657 ], [ 9.25315, 48.81941 ], [ 9.25029, 48.81863 ], [ 9.24978, 48.81955 ], [ 9.24879, 48.81934 ], [ 9.24778, 48.82156 ], [ 9.24627, 48.82132 ], [ 9.24545, 48.82311 ], [ 9.24335, 48.82291 ], [ 9.24304, 48.82455 ], [ 9.24382, 48.82465 ], [ 9.24342, 48.8259 ], [ 9.2427, 48.82584 ], [ 9.24264, 48.82631 ], [ 9.24136, 48.82625 ], [ 9.24036, 48.82993 ], [ 9.2421, 48.83122 ], [ 9.2428, 48.83334 ], [ 9.24328, 48.83392 ], [ 9.24447, 48.83433 ], [ 9.24609, 48.83417 ], [ 9.23936, 48.83606 ], [ 9.23965, 48.83721 ], [ 9.23848, 48.83734 ], [ 9.23877, 48.83801 ], [ 9.24016, 48.83875 ], [ 9.23818, 48.8402 ], [ 9.2385, 48.84028 ], [ 9.23836, 48.84094 ], [ 9.23717, 48.842 ], [ 9.23911, 48.84266 ], [ 9.24206, 48.8446 ], [ 9.24358, 48.8461 ], [ 9.24414, 48.84724 ], [ 9.24088, 48.84722 ], [ 9.23943, 48.84654 ], [ 9.23886, 48.84678 ], [ 9.23835, 48.84634 ], [ 9.23685, 48.84787 ], [ 9.2337, 48.84934 ], [ 9.23404, 48.85025 ], [ 9.2329, 48.85008 ], [ 9.23329, 48.85113 ], [ 9.23277, 48.85116 ], [ 9.23375, 48.8539 ], [ 9.22974, 48.85476 ], [ 9.2305, 48.85708 ], [ 9.22948, 48.85737 ], [ 9.22963, 48.85771 ], [ 9.22848, 48.85823 ], [ 9.23038, 48.86386 ], [ 9.2267, 48.86433 ], [ 9.21904, 48.86629 ], [ 9.21692, 48.8664 ], [ 9.21708, 48.86573 ], [ 9.21558, 48.86584 ], [ 9.21587, 48.86503 ], [ 9.21524, 48.86322 ], [ 9.21415, 48.86382 ], [ 9.2122, 48.86263 ], [ 9.20592, 48.86127 ], [ 9.20663, 48.8596 ], [ 9.20614, 48.85737 ], [ 9.20673, 48.85731 ], [ 9.20652, 48.8562 ], [ 9.20758, 48.85584 ], [ 9.20508, 48.85445 ], [ 9.20767, 48.85275 ], [ 9.20494, 48.85176 ], [ 9.20228, 48.85128 ], [ 9.19689, 48.85125 ], [ 9.19684, 48.85068 ], [ 9.1939, 48.85118 ], [ 9.19, 48.84766 ], [ 9.18683, 48.84932 ], [ 9.1861, 48.84873 ], [ 9.18331, 48.84968 ], [ 9.18267, 48.84878 ], [ 9.18045, 48.84946 ], [ 9.17987, 48.84871 ], [ 9.17676, 48.84958 ], [ 9.17622, 48.84752 ], [ 9.17439, 48.84799 ], [ 9.17312, 48.84874 ], [ 9.1714, 48.84898 ], [ 9.17024, 48.8506 ], [ 9.16984, 48.85222 ], [ 9.16805, 48.85174 ], [ 9.16666, 48.85093 ], [ 9.16577, 48.85087 ], [ 9.16459, 48.85154 ], [ 9.16387, 48.8514 ], [ 9.16014, 48.85311 ], [ 9.15939, 48.85404 ], [ 9.16133, 48.85599 ], [ 9.15843, 48.85704 ], [ 9.15494, 48.857 ], [ 9.15409, 48.85877 ], [ 9.15363, 48.86072 ], [ 9.14668, 48.85994 ], [ 9.14101, 48.86191 ], [ 9.14113, 48.85985 ], [ 9.14072, 48.85992 ], [ 9.14091, 48.85625 ], [ 9.13378, 48.85763 ], [ 9.13388, 48.85302 ], [ 9.13719, 48.85277 ], [ 9.139, 48.85184 ], [ 9.1396, 48.84964 ], [ 9.14316, 48.84481 ], [ 9.1426, 48.84423 ], [ 9.14042, 48.84371 ], [ 9.13608, 48.84407 ], [ 9.13562, 48.8437 ], [ 9.13394, 48.84464 ], [ 9.13364, 48.84392 ], [ 9.13652, 48.84024 ], [ 9.13871, 48.83957 ], [ 9.13841, 48.83919 ], [ 9.1401, 48.83824 ], [ 9.14007, 48.83751 ], [ 9.13919, 48.83697 ], [ 9.13803, 48.83538 ], [ 9.13882, 48.83187 ], [ 9.13709, 48.83104 ], [ 9.13871, 48.83148 ], [ 9.13867, 48.8306 ], [ 9.13823, 48.82995 ], [ 9.13816, 48.82804 ], [ 9.13216, 48.82734 ], [ 9.12284, 48.82475 ], [ 9.11398, 48.8235 ], [ 9.11315, 48.82451 ], [ 9.11357, 48.8248 ], [ 9.11235, 48.82521 ], [ 9.10875, 48.82482 ], [ 9.10831, 48.82934 ], [ 9.10273, 48.82803 ], [ 9.1015, 48.82931 ], [ 9.09946, 48.82919 ], [ 9.09934, 48.83005 ], [ 9.09886, 48.83022 ], [ 9.09725, 48.83291 ], [ 9.09704, 48.8342 ], [ 9.09515, 48.83414 ], [ 9.09419, 48.83525 ], [ 9.09356, 48.83552 ], [ 9.08944, 48.83348 ] ] ] } },
{ "type": "Feature", "properties": { "stadt": "Dortmund" }, "geometry": { "type": "Polygon", "coordinates": [ [ [ 7.39573, 51.58718 ], [ 7.39191, 51.58756 ], [ 7.39052, 51.58698 ], [ 7.38203, 51.58835 ], [ 7.37998, 51.58816 ], [ 7.37821, 51.58903 ], [ 7.37624, 51.58924 ], [ 7.37176, 51.59072 ], [ 7.37188, 51.58987 ], [ 7.36828, 51.58251 ], [ 7.36317, 51.58364 ], [ 7.36076, 51.58301 ], [ 7.36073, 51.58217 ], [ 7.35822, 51.58181 ], [ 7.35715, 51.58219 ], [ 7.35686, 51.58354 ], [ 7.35591, 51.58369 ], [ 7.3547, 51.58532 ], [ 7.35384, 51.58548 ], [ 7.35355, 51.58521 ], [ 7.35339, 51.5835 ], [ 7.35229, 51.58286 ], [ 7.35129, 51.58279 ], [ 7.35022, 51.58198 ], [ 7.34867, 51.58191 ], [ 7.34974, 51.58111 ], [ 7.3454, 51.57952 ], [ 7.34288, 51.57898 ], [ 7.34259, 51.57836 ], [ 7.33852, 51.57678 ], [ 7.33994, 51.57579 ], [ 7.34448, 51.57124 ], [ 7.34642, 51.57194 ], [ 7.34773, 51.57105 ], [ 7.35025, 51.56739 ], [ 7.34925, 51.56697 ], [ 7.35384, 51.56519 ], [ 7.35138, 51.56323 ], [ 7.35101, 51.55966 ], [ 7.35176, 51.55972 ], [ 7.3513, 51.56025 ], [ 7.35192, 51.56076 ], [ 7.35473, 51.55818 ], [ 7.35453, 51.55814 ], [ 7.35528, 51.55689 ], [ 7.35648, 51.55598 ], [ 7.35533, 51.55546 ], [ 7.35485, 51.55464 ], [ 7.35293, 51.5542 ], [ 7.35318, 51.55388 ], [ 7.35108, 51.55262 ], [ 7.35195, 51.55186 ], [ 7.35263, 51.55197 ], [ 7.35358, 51.55055 ], [ 7.35108, 51.54974 ], [ 7.35226, 51.54898 ], [ 7.34977, 51.54734 ], [ 7.34892, 51.54729 ], [ 7.34836, 51.54653 ], [ 7.34965, 51.54682 ], [ 7.3499, 51.54635 ], [ 7.35046, 51.5463 ], [ 7.34739, 51.54541 ], [ 7.34941, 51.5431 ], [ 7.34869, 51.54282 ], [ 7.35002, 51.5405 ], [ 7.34969, 51.54051 ], [ 7.3498, 51.5393 ], [ 7.35224, 51.53846 ], [ 7.3529, 51.5379 ], [ 7.35349, 51.53819 ], [ 7.35351, 51.53892 ], [ 7.35459, 51.53878 ], [ 7.35547, 51.53684 ], [ 7.35716, 51.53569 ], [ 7.35697, 51.53534 ], [ 7.35748, 51.53462 ], [ 7.35721, 51.53449 ], [ 7.35778, 51.53368 ], [ 7.3614, 51.53408 ], [ 7.36186, 51.5332 ], [ 7.36062, 51.53297 ], [ 7.36142, 51.53123 ], [ 7.36182, 51.53131 ], [ 7.36205, 51.53082 ], [ 7.36389, 51.52977 ], [ 7.36276, 51.52944 ], [ 7.36396, 51.52805 ], [ 7.36258, 51.52713 ], [ 7.36145, 51.52834 ], [ 7.36026, 51.52799 ], [ 7.35901, 51.52717 ], [ 7.35837, 51.52726 ], [ 7.35622, 51.52608 ], [ 7.35569, 51.5249 ], [ 7.35398, 51.52497 ], [ 7.35417, 51.5238 ], [ 7.34984, 51.52332 ], [ 7.34632, 51.52229 ], [ 7.34607, 51.52261 ], [ 7.34673, 51.52339 ], [ 7.34649, 51.52413 ], [ 7.3448, 51.5232 ], [ 7.34399, 51.52351 ], [ 7.34346, 51.52331 ], [ 7.34331, 51.52426 ], [ 7.34137, 51.52339 ], [ 7.34, 51.52174 ], [ 7.33701, 51.52125 ], [ 7.33472, 51.52021 ], [ 7.33375, 51.5203 ], [ 7.33251, 51.52104 ], [ 7.33011, 51.5208 ], [ 7.32735, 51.52216 ], [ 7.32474, 51.52259 ], [ 7.32444, 51.52361 ], [ 7.32359, 51.52402 ], [ 7.32321, 51.52365 ], [ 7.3236, 51.52346 ], [ 7.31987, 51.52257 ], [ 7.31952, 51.523 ], [ 7.31606, 51.52189 ], [ 7.31567, 51.52253 ], [ 7.31473, 51.52209 ], [ 7.31472, 51.52154 ], [ 7.31394, 51.52115 ], [ 7.31376, 51.52147 ], [ 7.31258, 51.52137 ], [ 7.31082, 51.52063 ], [ 7.31039, 51.52006 ], [ 7.30755, 51.51884 ], [ 7.3082, 51.51854 ], [ 7.30685, 51.51776 ], [ 7.30647, 51.51804 ], [ 7.30518, 51.51765 ], [ 7.30452, 51.51653 ], [ 7.30347, 51.51572 ], [ 7.30375, 51.51534 ], [ 7.30311, 51.51429 ], [ 7.30258, 51.51232 ], [ 7.30271, 51.50836 ], [ 7.3024, 51.50762 ], [ 7.30434, 51.50597 ], [ 7.30384, 51.50477 ], [ 7.30399, 51.5043 ], [ 7.30575, 51.50448 ], [ 7.30839, 51.50445 ], [ 7.30929, 51.50411 ], [ 7.3135, 51.50421 ], [ 7.31482, 51.50485 ], [ 7.31541, 51.50546 ], [ 7.31518, 51.50583 ], [ 7.31725, 51.50603 ], [ 7.3179, 51.50322 ], [ 7.31938, 51.50004 ], [ 7.31926, 51.49963 ], [ 7.31835, 51.49933 ], [ 7.31886, 51.49905 ], [ 7.31627, 51.49833 ], [ 7.3167, 51.49734 ], [ 7.31601, 51.49716 ], [ 7.3158, 51.49644 ], [ 7.31622, 51.49631 ], [ 7.31735, 51.49392 ], [ 7.32248, 51.49448 ], [ 7.32329, 51.49274 ], [ 7.32301, 51.49267 ], [ 7.32326, 51.49047 ], [ 7.32293, 51.49047 ], [ 7.32353, 51.48894 ], [ 7.32376, 51.48899 ], [ 7.32362, 51.48958 ], [ 7.32501, 51.48978 ], [ 7.32525, 51.48912 ], [ 7.32681, 51.48914 ], [ 7.32735, 51.4901 ], [ 7.32821, 51.49 ], [ 7.32979, 51.49306 ], [ 7.33156, 51.49313 ], [ 7.33137, 51.49458 ], [ 7.33052, 51.49458 ], [ 7.33055, 51.49648 ], [ 7.33407, 51.49653 ], [ 7.33422, 51.49569 ], [ 7.33623, 51.49607 ], [ 7.33692, 51.49554 ], [ 7.33763, 51.496 ], [ 7.33919, 51.49539 ], [ 7.34039, 51.49533 ], [ 7.3397, 51.49324 ], [ 7.34288, 51.49314 ], [ 7.34263, 51.49171 ], [ 7.34373, 51.49148 ], [ 7.34351, 51.49044 ], [ 7.34289, 51.49014 ], [ 7.34246, 51.48867 ], [ 7.3413, 51.4889 ], [ 7.34106, 51.48755 ], [ 7.34045, 51.48733 ], [ 7.34024, 51.48636 ], [ 7.34212, 51.48434 ], [ 7.34252, 51.4835 ], [ 7.3432, 51.48337 ], [ 7.34458, 51.48408 ], [ 7.34486, 51.48379 ], [ 7.34752, 51.48431 ], [ 7.34791, 51.48392 ], [ 7.34763, 51.48307 ], [ 7.34808, 51.48315 ], [ 7.34878, 51.48202 ], [ 7.35134, 51.48225 ], [ 7.3513, 51.4836 ], [ 7.35292, 51.48374 ], [ 7.35303, 51.48434 ], [ 7.35366, 51.48432 ], [ 7.35405, 51.4826 ], [ 7.35466, 51.48193 ], [ 7.35613, 51.48228 ], [ 7.35788, 51.4807 ], [ 7.35919, 51.48095 ], [ 7.35988, 51.48052 ], [ 7.36125, 51.48053 ], [ 7.36128, 51.48002 ], [ 7.36258, 51.48035 ], [ 7.36276, 51.48014 ], [ 7.36427, 51.48092 ], [ 7.36757, 51.4815 ], [ 7.36734, 51.48197 ], [ 7.37132, 51.48272 ], [ 7.37265, 51.4802 ], [ 7.37155, 51.48038 ], [ 7.37095, 51.47841 ], [ 7.37097, 51.47761 ], [ 7.37158, 51.47645 ], [ 7.37404, 51.47697 ], [ 7.37402, 51.47733 ], [ 7.37764, 51.47804 ], [ 7.37978, 51.47787 ], [ 7.38049, 51.47816 ], [ 7.38081, 51.4788 ], [ 7.3871, 51.47439 ], [ 7.38937, 51.47412 ], [ 7.38904, 51.47297 ], [ 7.38977, 51.47285 ], [ 7.38869, 51.47055 ], [ 7.38817, 51.46723 ], [ 7.38869, 51.46687 ], [ 7.38854, 51.46632 ], [ 7.39106, 51.46592 ], [ 7.39116, 51.46531 ], [ 7.39031, 51.46361 ], [ 7.38909, 51.46258 ], [ 7.39185, 51.46096 ], [ 7.3922, 51.46119 ], [ 7.39278, 51.46095 ], [ 7.39263, 51.4592 ], [ 7.39376, 51.45916 ], [ 7.39379, 51.45769 ], [ 7.39856, 51.45759 ], [ 7.40039, 51.45813 ], [ 7.40503, 51.45485 ], [ 7.40835, 51.45483 ], [ 7.40883, 51.45412 ], [ 7.40875, 51.45364 ], [ 7.41144, 51.45279 ], [ 7.41113, 51.45238 ], [ 7.41156, 51.45229 ], [ 7.41137, 51.452 ], [ 7.41239, 51.45171 ], [ 7.41204, 51.45122 ], [ 7.41321, 51.45089 ], [ 7.41418, 51.45007 ], [ 7.41414, 51.44824 ], [ 7.41505, 51.44678 ], [ 7.41687, 51.44495 ], [ 7.41852, 51.44468 ], [ 7.41866, 51.44323 ], [ 7.41839, 51.44214 ], [ 7.41874, 51.44039 ], [ 7.42213, 51.43708 ], [ 7.42253, 51.43415 ], [ 7.42345, 51.43167 ], [ 7.42976, 51.43389 ], [ 7.43537, 51.43526 ], [ 7.43863, 51.43569 ], [ 7.44197, 51.43471 ], [ 7.44366, 51.4346 ], [ 7.45264, 51.43615 ], [ 7.45576, 51.43632 ], [ 7.45838, 51.43591 ], [ 7.46147, 51.43632 ], [ 7.46257, 51.43385 ], [ 7.46684, 51.43452 ], [ 7.46761, 51.43125 ], [ 7.46531, 51.42905 ], [ 7.46477, 51.42738 ], [ 7.4649, 51.42597 ], [ 7.46357, 51.42419 ], [ 7.46393, 51.42183 ], [ 7.46384, 51.41856 ], [ 7.46448, 51.41731 ], [ 7.4651, 51.41684 ], [ 7.47589, 51.41771 ], [ 7.48177, 51.41762 ], [ 7.48638, 51.41793 ], [ 7.49162, 51.41627 ], [ 7.49177, 51.41649 ], [ 7.49296, 51.41572 ], [ 7.49634, 51.4171 ], [ 7.50104, 51.41838 ], [ 7.50631, 51.41855 ], [ 7.51083, 51.41784 ], [ 7.51176, 51.41814 ], [ 7.51193, 51.41827 ], [ 7.50881, 51.41939 ], [ 7.50825, 51.42106 ], [ 7.50722, 51.42121 ], [ 7.50731, 51.42303 ], [ 7.50497, 51.42479 ], [ 7.50577, 51.42495 ], [ 7.50582, 51.42613 ], [ 7.50467, 51.42687 ], [ 7.50848, 51.42779 ], [ 7.50837, 51.42814 ], [ 7.50882, 51.42855 ], [ 7.51047, 51.42958 ], [ 7.51078, 51.43059 ], [ 7.51131, 51.43107 ], [ 7.51183, 51.43342 ], [ 7.52011, 51.4353 ], [ 7.52314, 51.43678 ], [ 7.52501, 51.43575 ], [ 7.52856, 51.43444 ], [ 7.53067, 51.43438 ], [ 7.53215, 51.43502 ], [ 7.5347, 51.44033 ], [ 7.53652, 51.44545 ], [ 7.53855, 51.44844 ], [ 7.53857, 51.44893 ], [ 7.54163, 51.45119 ], [ 7.5443, 51.45256 ], [ 7.55256, 51.45508 ], [ 7.55081, 51.45601 ], [ 7.54943, 51.45765 ], [ 7.545, 51.46 ], [ 7.54489, 51.46082 ], [ 7.54259, 51.46085 ], [ 7.54234, 51.46144 ], [ 7.5433, 51.4631 ], [ 7.54579, 51.46447 ], [ 7.54612, 51.46646 ], [ 7.54897, 51.46739 ], [ 7.55141, 51.46865 ], [ 7.55201, 51.46861 ], [ 7.55336, 51.46934 ], [ 7.55515, 51.46975 ], [ 7.56166, 51.47052 ], [ 7.5645, 51.47151 ], [ 7.56602, 51.47254 ], [ 7.56683, 51.47217 ], [ 7.56724, 51.47273 ], [ 7.57019, 51.47458 ], [ 7.57157, 51.47496 ], [ 7.57386, 51.47451 ], [ 7.5774, 51.47073 ], [ 7.57941, 51.47152 ], [ 7.58155, 51.46924 ], [ 7.58303, 51.46878 ], [ 7.58321, 51.46646 ], [ 7.58296, 51.46612 ], [ 7.58364, 51.46452 ], [ 7.58406, 51.46432 ], [ 7.59072, 51.46629 ], [ 7.59714, 51.46943 ], [ 7.60029, 51.47175 ], [ 7.60571, 51.47718 ], [ 7.60975, 51.47979 ], [ 7.60948, 51.48024 ], [ 7.60829, 51.47971 ], [ 7.60295, 51.48885 ], [ 7.60217, 51.49073 ], [ 7.60104, 51.49036 ], [ 7.60083, 51.491 ], [ 7.59978, 51.4912 ], [ 7.59833, 51.49503 ], [ 7.59865, 51.49513 ], [ 7.59748, 51.49598 ], [ 7.59635, 51.49593 ], [ 7.59824, 51.49686 ], [ 7.59732, 51.50047 ], [ 7.597, 51.50567 ], [ 7.59645, 51.50759 ], [ 7.60656, 51.51146 ], [ 7.61881, 51.51717 ], [ 7.63283, 51.51917 ], [ 7.6306, 51.52189 ], [ 7.63633, 51.52338 ], [ 7.63475, 51.52647 ], [ 7.63815, 51.52762 ], [ 7.63675, 51.53018 ], [ 7.63638, 51.53016 ], [ 7.63594, 51.53202 ], [ 7.63473, 51.53195 ], [ 7.63121, 51.53946 ], [ 7.6309, 51.54035 ], [ 7.63266, 51.54098 ], [ 7.6326, 51.54189 ], [ 7.62875, 51.54165 ], [ 7.62923, 51.54214 ], [ 7.62944, 51.54303 ], [ 7.63354, 51.54569 ], [ 7.63227, 51.54795 ], [ 7.6326, 51.54967 ], [ 7.6293, 51.55044 ], [ 7.62614, 51.55227 ], [ 7.62013, 51.55027 ], [ 7.61224, 51.54952 ], [ 7.61179, 51.5494 ], [ 7.61207, 51.5491 ], [ 7.61075, 51.5492 ], [ 7.60799, 51.54851 ], [ 7.60647, 51.55014 ], [ 7.60796, 51.55087 ], [ 7.60652, 51.55194 ], [ 7.60568, 51.55132 ], [ 7.603, 51.55466 ], [ 7.60698, 51.55504 ], [ 7.60642, 51.55691 ], [ 7.60455, 51.557 ], [ 7.60443, 51.55735 ], [ 7.60371, 51.55737 ], [ 7.60351, 51.55772 ], [ 7.60397, 51.55844 ], [ 7.6037, 51.55916 ], [ 7.60414, 51.55953 ], [ 7.60396, 51.56236 ], [ 7.60549, 51.56409 ], [ 7.60588, 51.56411 ], [ 7.60573, 51.56476 ], [ 7.60667, 51.56589 ], [ 7.60626, 51.56853 ], [ 7.60338, 51.56838 ], [ 7.60045, 51.56777 ], [ 7.60093, 51.56526 ], [ 7.59939, 51.56493 ], [ 7.59667, 51.56508 ], [ 7.59412, 51.56482 ], [ 7.59084, 51.56577 ], [ 7.59071, 51.56593 ], [ 7.59208, 51.56628 ], [ 7.59286, 51.56735 ], [ 7.59302, 51.56826 ], [ 7.59381, 51.56865 ], [ 7.59058, 51.56998 ], [ 7.59072, 51.5722 ], [ 7.59302, 51.57352 ], [ 7.5963, 51.57403 ], [ 7.59724, 51.57618 ], [ 7.59716, 51.57644 ], [ 7.59632, 51.5764 ], [ 7.59623, 51.5778 ], [ 7.59376, 51.57881 ], [ 7.59272, 51.57974 ], [ 7.59092, 51.58186 ], [ 7.5903, 51.58323 ], [ 7.58223, 51.58122 ], [ 7.58154, 51.58367 ], [ 7.5774, 51.58315 ], [ 7.57739, 51.58347 ], [ 7.56987, 51.58406 ], [ 7.57031, 51.58577 ], [ 7.56375, 51.58489 ], [ 7.56301, 51.58676 ], [ 7.55642, 51.58599 ], [ 7.55213, 51.5851 ], [ 7.53191, 51.57917 ], [ 7.5327, 51.57972 ], [ 7.52594, 51.57856 ], [ 7.52683, 51.57816 ], [ 7.52642, 51.57807 ], [ 7.52483, 51.57802 ], [ 7.52311, 51.5785 ], [ 7.51718, 51.57861 ], [ 7.51596, 51.57812 ], [ 7.51617, 51.5786 ], [ 7.50284, 51.57907 ], [ 7.50215, 51.58084 ], [ 7.50408, 51.58549 ], [ 7.50381, 51.58618 ], [ 7.5017, 51.58632 ], [ 7.4997, 51.58978 ], [ 7.49925, 51.58969 ], [ 7.49781, 51.59226 ], [ 7.49007, 51.59252 ], [ 7.48497, 51.59085 ], [ 7.4781, 51.58935 ], [ 7.4762, 51.59071 ], [ 7.47115, 51.58713 ], [ 7.47056, 51.58749 ], [ 7.46952, 51.58717 ], [ 7.46793, 51.58884 ], [ 7.46708, 51.58692 ], [ 7.46564, 51.58579 ], [ 7.46544, 51.58614 ], [ 7.464, 51.58589 ], [ 7.46224, 51.58488 ], [ 7.4622, 51.58453 ], [ 7.46183, 51.58469 ], [ 7.46127, 51.58443 ], [ 7.46, 51.5832 ], [ 7.45894, 51.58355 ], [ 7.4589, 51.58387 ], [ 7.45642, 51.58378 ], [ 7.45621, 51.58426 ], [ 7.4544, 51.58313 ], [ 7.45499, 51.58303 ], [ 7.4525, 51.58189 ], [ 7.44963, 51.58299 ], [ 7.44836, 51.58217 ], [ 7.44816, 51.58159 ], [ 7.44664, 51.58176 ], [ 7.44609, 51.57951 ], [ 7.42752, 51.58389 ], [ 7.4224, 51.58471 ], [ 7.41788, 51.58501 ], [ 7.421, 51.58728 ], [ 7.42343, 51.59015 ], [ 7.42269, 51.59045 ], [ 7.42285, 51.59066 ], [ 7.42552, 51.59195 ], [ 7.42371, 51.59369 ], [ 7.42604, 51.59458 ], [ 7.42261, 51.59756 ], [ 7.42344, 51.59802 ], [ 7.42134, 51.59947 ], [ 7.419, 51.60004 ], [ 7.41484, 51.59801 ], [ 7.41459, 51.59733 ], [ 7.4133, 51.59622 ], [ 7.40621, 51.59422 ], [ 7.40033, 51.5934 ], [ 7.39972, 51.59261 ], [ 7.39962, 51.59125 ], [ 7.39806, 51.58846 ], [ 7.39573, 51.58718 ] ] ] } },
{ "type": "Feature", "properties": { "stadt": "Dresden" }, "geometry": { "type": "Polygon", "coordinates": [ [ [ 13.76997, 51.17484 ], [ 13.76551, 51.1749 ], [ 13.7629, 51.17389 ], [ 13.75956, 51.17408 ], [ 13.75758, 51.17505 ], [ 13.7565, 51.17611 ], [ 13.75383, 51.17733 ], [ 13.74627, 51.17768 ], [ 13.74535, 51.1776 ], [ 13.74464, 51.17712 ], [ 13.74468, 51.17554 ], [ 13.7462, 51.17457 ], [ 13.74751, 51.17302 ], [ 13.7473, 51.17177 ], [ 13.74926, 51.16982 ], [ 13.75047, 51.1677 ], [ 13.74973, 51.16676 ], [ 13.74983, 51.16538 ], [ 13.74934, 51.16447 ], [ 13.75, 51.16429 ], [ 13.75125, 51.16323 ], [ 13.75098, 51.16285 ], [ 13.75167, 51.16258 ], [ 13.75205, 51.16169 ], [ 13.75248, 51.15904 ], [ 13.75156, 51.15879 ], [ 13.75278, 51.15804 ], [ 13.75323, 51.15811 ], [ 13.75568, 51.15714 ], [ 13.76112, 51.15664 ], [ 13.76143, 51.15603 ], [ 13.7624, 51.15284 ], [ 13.76226, 51.15127 ], [ 13.76158, 51.15051 ], [ 13.7623, 51.14945 ], [ 13.76102, 51.14823 ], [ 13.75957, 51.14832 ], [ 13.75936, 51.14726 ], [ 13.76727, 51.1456 ], [ 13.75702, 51.13817 ], [ 13.75677, 51.13802 ], [ 13.75602, 51.13877 ], [ 13.75493, 51.13809 ], [ 13.75599, 51.13746 ], [ 13.75609, 51.13662 ], [ 13.75536, 51.13589 ], [ 13.75637, 51.13518 ], [ 13.75627, 51.13475 ], [ 13.7558, 51.13437 ], [ 13.75454, 51.13477 ], [ 13.7545, 51.13564 ], [ 13.75403, 51.13599 ], [ 13.75327, 51.1361 ], [ 13.75241, 51.13569 ], [ 13.75158, 51.13602 ], [ 13.75145, 51.13639 ], [ 13.74966, 51.13662 ], [ 13.74826, 51.1377 ], [ 13.74207, 51.13333 ], [ 13.74142, 51.1337 ], [ 13.73927, 51.13378 ], [ 13.73655, 51.13472 ], [ 13.73679, 51.13601 ], [ 13.736, 51.13647 ], [ 13.73129, 51.13719 ], [ 13.72294, 51.13964 ], [ 13.7207, 51.13995 ], [ 13.71851, 51.1375 ], [ 13.71861, 51.13702 ], [ 13.71755, 51.13573 ], [ 13.71635, 51.13504 ], [ 13.71278, 51.13397 ], [ 13.71253, 51.13333 ], [ 13.71272, 51.1327 ], [ 13.7135, 51.13217 ], [ 13.71286, 51.13138 ], [ 13.71359, 51.13082 ], [ 13.71174, 51.12915 ], [ 13.71275, 51.12893 ], [ 13.71203, 51.12792 ], [ 13.71158, 51.12575 ], [ 13.71037, 51.12558 ], [ 13.7088, 51.12318 ], [ 13.71039, 51.12281 ], [ 13.70743, 51.11825 ], [ 13.70698, 51.1165 ], [ 13.70719, 51.11538 ], [ 13.70691, 51.11362 ], [ 13.70791, 51.11269 ], [ 13.70798, 51.11195 ], [ 13.70416, 51.11104 ], [ 13.70275, 51.11005 ], [ 13.70507, 51.10848 ], [ 13.70257, 51.10988 ], [ 13.70152, 51.11107 ], [ 13.70093, 51.1142 ], [ 13.70061, 51.11444 ], [ 13.69851, 51.11305 ], [ 13.6967, 51.1136 ], [ 13.69598, 51.1125 ], [ 13.69454, 51.11171 ], [ 13.69191, 51.11101 ], [ 13.6918, 51.10966 ], [ 13.69228, 51.10829 ], [ 13.69411, 51.10839 ], [ 13.69492, 51.10641 ], [ 13.69496, 51.10547 ], [ 13.69562, 51.10551 ], [ 13.69558, 51.10483 ], [ 13.69476, 51.10338 ], [ 13.69329, 51.10327 ], [ 13.69276, 51.10245 ], [ 13.69327, 51.10247 ], [ 13.6933, 51.10206 ], [ 13.69183, 51.10183 ], [ 13.69113, 51.10008 ], [ 13.68881, 51.10002 ], [ 13.68822, 51.09953 ], [ 13.6918, 51.09778 ], [ 13.6928, 51.09857 ], [ 13.69457, 51.09771 ], [ 13.69893, 51.09447 ], [ 13.69786, 51.09388 ], [ 13.70111, 51.09128 ], [ 13.70012, 51.09111 ], [ 13.70012, 51.09066 ], [ 13.69803, 51.09118 ], [ 13.69118, 51.09379 ], [ 13.69098, 51.09207 ], [ 13.68974, 51.09234 ], [ 13.68906, 51.09128 ], [ 13.69007, 51.09086 ], [ 13.68912, 51.08933 ], [ 13.68975, 51.08898 ], [ 13.68915, 51.08851 ], [ 13.6864, 51.09019 ], [ 13.68506, 51.08933 ], [ 13.68082, 51.09185 ], [ 13.67365, 51.09518 ], [ 13.67374, 51.09557 ], [ 13.6719, 51.09564 ], [ 13.66833, 51.0951 ], [ 13.6668, 51.09414 ], [ 13.66776, 51.09369 ], [ 13.6638, 51.0934 ], [ 13.66364, 51.09386 ], [ 13.66219, 51.09373 ], [ 13.65982, 51.09335 ], [ 13.65863, 51.09279 ], [ 13.65926, 51.09268 ], [ 13.65902, 51.09252 ], [ 13.66092, 51.09159 ], [ 13.66282, 51.09029 ], [ 13.66393, 51.08945 ], [ 13.66387, 51.08942 ], [ 13.66205, 51.09054 ], [ 13.66119, 51.09014 ], [ 13.65382, 51.09261 ], [ 13.64512, 51.09649 ], [ 13.63687, 51.09787 ], [ 13.62666, 51.10183 ], [ 13.62368, 51.10265 ], [ 13.61902, 51.10259 ], [ 13.61462, 51.10164 ], [ 13.61235, 51.10053 ], [ 13.60833, 51.0977 ], [ 13.60545, 51.09652 ], [ 13.6035, 51.09643 ], [ 13.60186, 51.09677 ], [ 13.6002, 51.09738 ], [ 13.59869, 51.09842 ], [ 13.59672, 51.09717 ], [ 13.59654, 51.09568 ], [ 13.59597, 51.09511 ], [ 13.59301, 51.09472 ], [ 13.59197, 51.09413 ], [ 13.59447, 51.09225 ], [ 13.59412, 51.09205 ], [ 13.59503, 51.09142 ], [ 13.59611, 51.0917 ], [ 13.59838, 51.09138 ], [ 13.59783, 51.09086 ], [ 13.59759, 51.08919 ], [ 13.59847, 51.08848 ], [ 13.59943, 51.08823 ], [ 13.5982, 51.08604 ], [ 13.59911, 51.0854 ], [ 13.5982, 51.08519 ], [ 13.59782, 51.08459 ], [ 13.59512, 51.08298 ], [ 13.59515, 51.0818 ], [ 13.59412, 51.0817 ], [ 13.59299, 51.08027 ], [ 13.59329, 51.07945 ], [ 13.59199, 51.07884 ], [ 13.58963, 51.07946 ], [ 13.58925, 51.07882 ], [ 13.58974, 51.07827 ], [ 13.58783, 51.07689 ], [ 13.58775, 51.07647 ], [ 13.58908, 51.07562 ], [ 13.58909, 51.07403 ], [ 13.59047, 51.07359 ], [ 13.58984, 51.07177 ], [ 13.59034, 51.0717 ], [ 13.58964, 51.07156 ], [ 13.58956, 51.07045 ], [ 13.58875, 51.06981 ], [ 13.58903, 51.06935 ], [ 13.58764, 51.06806 ], [ 13.58825, 51.06743 ], [ 13.58621, 51.06635 ], [ 13.58565, 51.06633 ], [ 13.58508, 51.06677 ], [ 13.58401, 51.06641 ], [ 13.58255, 51.06685 ], [ 13.5826, 51.06655 ], [ 13.58201, 51.06625 ], [ 13.58219, 51.06607 ], [ 13.58117, 51.06544 ], [ 13.57955, 51.0652 ], [ 13.58052, 51.06449 ], [ 13.58065, 51.06346 ], [ 13.58099, 51.06347 ], [ 13.58112, 51.0623 ], [ 13.58033, 51.06227 ], [ 13.58033, 51.06192 ], [ 13.58291, 51.05842 ], [ 13.585, 51.05669 ], [ 13.57932, 51.05058 ], [ 13.5863, 51.04881 ], [ 13.58559, 51.04732 ], [ 13.58495, 51.04411 ], [ 13.59181, 51.04324 ], [ 13.59167, 51.044 ], [ 13.59198, 51.04359 ], [ 13.59428, 51.04297 ], [ 13.59411, 51.04262 ], [ 13.59493, 51.04221 ], [ 13.59797, 51.04211 ], [ 13.60284, 51.04298 ], [ 13.60523, 51.04288 ], [ 13.60413, 51.04072 ], [ 13.60212, 51.03937 ], [ 13.6007, 51.0391 ], [ 13.5996, 51.0378 ], [ 13.60197, 51.0361 ], [ 13.60264, 51.03523 ], [ 13.60354, 51.03484 ], [ 13.60383, 51.03229 ], [ 13.60998, 51.03279 ], [ 13.61251, 51.03341 ], [ 13.61541, 51.03463 ], [ 13.62152, 51.03339 ], [ 13.62228, 51.03312 ], [ 13.62295, 51.03221 ], [ 13.62586, 51.03129 ], [ 13.62558, 51.0318 ], [ 13.62655, 51.03339 ], [ 13.62813, 51.03401 ], [ 13.6302, 51.03316 ], [ 13.63155, 51.03212 ], [ 13.63227, 51.03294 ], [ 13.63403, 51.03275 ], [ 13.63623, 51.03203 ], [ 13.6397, 51.03001 ], [ 13.64291, 51.02906 ], [ 13.64925, 51.02962 ], [ 13.64917, 51.03011 ], [ 13.65042, 51.03024 ], [ 13.65024, 51.0308 ], [ 13.65116, 51.0309 ], [ 13.65065, 51.03233 ], [ 13.65252, 51.03271 ], [ 13.65242, 51.0332 ], [ 13.65388, 51.03328 ], [ 13.65435, 51.03483 ], [ 13.66501, 51.03509 ], [ 13.66494, 51.03578 ], [ 13.66548, 51.0358 ], [ 13.66921, 51.03509 ], [ 13.66901, 51.03466 ], [ 13.66552, 51.03203 ], [ 13.6623, 51.03059 ], [ 13.66318, 51.02942 ], [ 13.66374, 51.02945 ], [ 13.66457, 51.02067 ], [ 13.66566, 51.02064 ], [ 13.66549, 51.01986 ], [ 13.66628, 51.01861 ], [ 13.66572, 51.01811 ], [ 13.6663, 51.01767 ], [ 13.66528, 51.01663 ], [ 13.66831, 51.01662 ], [ 13.66834, 51.01635 ], [ 13.66944, 51.01614 ], [ 13.67081, 51.01488 ], [ 13.67257, 51.01633 ], [ 13.67595, 51.01767 ], [ 13.6759, 51.017 ], [ 13.6775, 51.01585 ], [ 13.67859, 51.01543 ], [ 13.68005, 51.01558 ], [ 13.68105, 51.01525 ], [ 13.68246, 51.0135 ], [ 13.68223, 51.01289 ], [ 13.68253, 51.01284 ], [ 13.68254, 51.01188 ], [ 13.68319, 51.01135 ], [ 13.68339, 51.01054 ], [ 13.68628, 51.00813 ], [ 13.68747, 51.00622 ], [ 13.68764, 51.0057 ], [ 13.68695, 51.00515 ], [ 13.68729, 51.0049 ], [ 13.68605, 51.00352 ], [ 13.68608, 51.00318 ], [ 13.68675, 51.00301 ], [ 13.68634, 51.00263 ], [ 13.68691, 51.00234 ], [ 13.68748, 51.00288 ], [ 13.68975, 51.00261 ], [ 13.69269, 51.00288 ], [ 13.69488, 51.00254 ], [ 13.69514, 51.00327 ], [ 13.69758, 51.00467 ], [ 13.70001, 51.0053 ], [ 13.70095, 51.00518 ], [ 13.70124, 51.00541 ], [ 13.70156, 51.00494 ], [ 13.70273, 51.0047 ], [ 13.70707, 51.00471 ], [ 13.7129, 51.00684 ], [ 13.71375, 51.00808 ], [ 13.71504, 51.00737 ], [ 13.71547, 51.00766 ], [ 13.71653, 51.00711 ], [ 13.7173, 51.00756 ], [ 13.71893, 51.00711 ], [ 13.71915, 51.00737 ], [ 13.72074, 51.00707 ], [ 13.72165, 51.0079 ], [ 13.72279, 51.00772 ], [ 13.72294, 51.00813 ], [ 13.72446, 51.00911 ], [ 13.72503, 51.00882 ], [ 13.72588, 51.00981 ], [ 13.73092, 51.01015 ], [ 13.731, 51.00973 ], [ 13.73247, 51.00972 ], [ 13.73219, 51.00865 ], [ 13.7361, 51.00854 ], [ 13.73833, 51.00806 ], [ 13.74006, 51.00673 ], [ 13.73894, 51.00619 ], [ 13.74, 51.00534 ], [ 13.74124, 51.00573 ], [ 13.74178, 51.00407 ], [ 13.74381, 51.00413 ], [ 13.74393, 51.0031 ], [ 13.74609, 51.00274 ], [ 13.74819, 51.00288 ], [ 13.74884, 51.00194 ], [ 13.74852, 51.00171 ], [ 13.75114, 50.99963 ], [ 13.75188, 51.00044 ], [ 13.7542, 50.99967 ], [ 13.75492, 51.00059 ], [ 13.75614, 51.00029 ], [ 13.757, 51.00091 ], [ 13.75816, 51.00093 ], [ 13.75819, 51.00017 ], [ 13.76351, 51.00005 ], [ 13.76367, 51.00083 ], [ 13.76551, 51.00089 ], [ 13.76483, 50.99683 ], [ 13.76684, 50.99644 ], [ 13.76551, 50.99493 ], [ 13.76965, 50.99068 ], [ 13.77056, 50.9893 ], [ 13.77096, 50.98776 ], [ 13.7727, 50.98791 ], [ 13.77332, 50.98765 ], [ 13.77557, 50.98812 ], [ 13.78021, 50.98602 ], [ 13.77965, 50.98808 ], [ 13.78092, 50.98861 ], [ 13.7818, 50.98842 ], [ 13.78663, 50.98579 ], [ 13.78789, 50.9867 ], [ 13.78881, 50.9865 ], [ 13.78943, 50.98813 ], [ 13.78995, 50.98814 ], [ 13.78955, 50.98635 ], [ 13.78995, 50.98509 ], [ 13.78899, 50.98395 ], [ 13.79124, 50.98296 ], [ 13.79044, 50.98199 ], [ 13.7911, 50.9819 ], [ 13.79076, 50.98121 ], [ 13.79194, 50.97925 ], [ 13.79202, 50.97888 ], [ 13.79119, 50.9789 ], [ 13.79182, 50.97732 ], [ 13.79379, 50.9776 ], [ 13.79431, 50.9774 ], [ 13.79462, 50.97792 ], [ 13.79534, 50.97818 ], [ 13.79634, 50.97771 ], [ 13.79549, 50.97739 ], [ 13.7956, 50.97703 ], [ 13.79685, 50.97643 ], [ 13.7992, 50.97654 ], [ 13.79853, 50.97727 ], [ 13.79916, 50.97778 ], [ 13.79899, 50.97821 ], [ 13.80127, 50.97876 ], [ 13.80138, 50.97925 ], [ 13.80445, 50.97891 ], [ 13.80501, 50.98011 ], [ 13.80773, 50.97959 ], [ 13.80733, 50.9776 ], [ 13.80759, 50.97696 ], [ 13.80835, 50.97702 ], [ 13.80846, 50.97677 ], [ 13.81115, 50.97705 ], [ 13.81133, 50.97661 ], [ 13.81295, 50.97652 ], [ 13.81299, 50.97535 ], [ 13.8137, 50.97528 ], [ 13.81474, 50.97583 ], [ 13.81551, 50.97511 ], [ 13.81798, 50.97495 ], [ 13.82122, 50.97528 ], [ 13.82157, 50.97687 ], [ 13.821, 50.97749 ], [ 13.82394, 50.9786 ], [ 13.82525, 50.97946 ], [ 13.83125, 50.9784 ], [ 13.83092, 50.97944 ], [ 13.83164, 50.97941 ], [ 13.83245, 50.98016 ], [ 13.83379, 50.97979 ], [ 13.83428, 50.98062 ], [ 13.83619, 50.98214 ], [ 13.83671, 50.98295 ], [ 13.83763, 50.98299 ], [ 13.83898, 50.98448 ], [ 13.83976, 50.9875 ], [ 13.84274, 50.98816 ], [ 13.84473, 50.98955 ], [ 13.85231, 50.98622 ], [ 13.85513, 50.98899 ], [ 13.85506, 50.9893 ], [ 13.85687, 50.99143 ], [ 13.85864, 50.99294 ], [ 13.86154, 50.99075 ], [ 13.86479, 50.98899 ], [ 13.8661, 50.98765 ], [ 13.86907, 50.98617 ], [ 13.86948, 50.9855 ], [ 13.87219, 50.98356 ], [ 13.87414, 50.98331 ], [ 13.87905, 50.98389 ], [ 13.87852, 50.98526 ], [ 13.87971, 50.98552 ], [ 13.88049, 50.98417 ], [ 13.88079, 50.98232 ], [ 13.88457, 50.98224 ], [ 13.88423, 50.98412 ], [ 13.88294, 50.9869 ], [ 13.88448, 50.98698 ], [ 13.88436, 50.9872 ], [ 13.88538, 50.98744 ], [ 13.88599, 50.98715 ], [ 13.88631, 50.98731 ], [ 13.88776, 50.98818 ], [ 13.8866, 50.98893 ], [ 13.88747, 50.98943 ], [ 13.88881, 50.98859 ], [ 13.89058, 50.98924 ], [ 13.89095, 50.98893 ], [ 13.89492, 50.99039 ], [ 13.89411, 50.99286 ], [ 13.89674, 50.99297 ], [ 13.8968, 50.99336 ], [ 13.89658, 50.99446 ], [ 13.89501, 50.99433 ], [ 13.89499, 50.99504 ], [ 13.90312, 50.99618 ], [ 13.90555, 50.99731 ], [ 13.90532, 50.9977 ], [ 13.90637, 50.99794 ], [ 13.90608, 50.9994 ], [ 13.91007, 50.99959 ], [ 13.91022, 51.00045 ], [ 13.91078, 51.00035 ], [ 13.91106, 51.002 ], [ 13.90991, 51.00185 ], [ 13.90938, 51.00196 ], [ 13.90937, 51.00233 ], [ 13.90827, 51.00233 ], [ 13.90808, 51.00329 ], [ 13.90895, 51.0036 ], [ 13.90942, 51.00484 ], [ 13.90742, 51.00822 ], [ 13.90727, 51.00896 ], [ 13.90657, 51.00971 ], [ 13.90819, 51.01164 ], [ 13.90765, 51.01253 ], [ 13.90777, 51.01286 ], [ 13.91015, 51.01276 ], [ 13.91121, 51.01307 ], [ 13.91031, 51.01395 ], [ 13.91105, 51.01452 ], [ 13.91212, 51.01682 ], [ 13.91667, 51.0159 ], [ 13.91719, 51.01476 ], [ 13.91901, 51.01317 ], [ 13.91944, 51.0134 ], [ 13.92017, 51.01313 ], [ 13.92161, 51.01431 ], [ 13.92186, 51.01396 ], [ 13.92228, 51.01402 ], [ 13.92265, 51.01322 ], [ 13.92451, 51.01355 ], [ 13.9254, 51.01414 ], [ 13.92663, 51.01402 ], [ 13.93049, 51.01743 ], [ 13.93136, 51.01781 ], [ 13.93178, 51.01713 ], [ 13.93538, 51.01738 ], [ 13.93751, 51.0152 ], [ 13.93794, 51.01519 ], [ 13.93937, 51.01642 ], [ 13.93902, 51.018 ], [ 13.93957, 51.01847 ], [ 13.93956, 51.01899 ], [ 13.93882, 51.01989 ], [ 13.93956, 51.0199 ], [ 13.94069, 51.02255 ], [ 13.94185, 51.02284 ], [ 13.94381, 51.02436 ], [ 13.94417, 51.02501 ], [ 13.94525, 51.0256 ], [ 13.9484, 51.02632 ], [ 13.95242, 51.02608 ], [ 13.95385, 51.02647 ], [ 13.95505, 51.02608 ], [ 13.95607, 51.02639 ], [ 13.9564, 51.02677 ], [ 13.95767, 51.02708 ], [ 13.95718, 51.02843 ], [ 13.95803, 51.0288 ], [ 13.95811, 51.0296 ], [ 13.95933, 51.03015 ], [ 13.95966, 51.03093 ], [ 13.9606, 51.03129 ], [ 13.96276, 51.03131 ], [ 13.9626, 51.03528 ], [ 13.96165, 51.03948 ], [ 13.96168, 51.04115 ], [ 13.96229, 51.04288 ], [ 13.96223, 51.04415 ], [ 13.96533, 51.04739 ], [ 13.96311, 51.04799 ], [ 13.96306, 51.0484 ], [ 13.96241, 51.04885 ], [ 13.96108, 51.04909 ], [ 13.96041, 51.04963 ], [ 13.95996, 51.05021 ], [ 13.95997, 51.05204 ], [ 13.96023, 51.05272 ], [ 13.96159, 51.05229 ], [ 13.96363, 51.054 ], [ 13.96606, 51.05482 ], [ 13.96521, 51.05647 ], [ 13.96283, 51.05869 ], [ 13.96136, 51.06099 ], [ 13.96321, 51.06145 ], [ 13.96572, 51.06159 ], [ 13.96205, 51.06427 ], [ 13.95832, 51.06438 ], [ 13.95813, 51.0645 ], [ 13.95912, 51.06448 ], [ 13.95634, 51.06647 ], [ 13.95687, 51.06675 ], [ 13.96023, 51.06445 ], [ 13.96188, 51.0644 ], [ 13.95445, 51.06958 ], [ 13.95322, 51.06903 ], [ 13.95266, 51.06986 ], [ 13.95242, 51.07223 ], [ 13.95385, 51.07154 ], [ 13.95345, 51.07389 ], [ 13.95075, 51.07392 ], [ 13.94975, 51.07365 ], [ 13.9499, 51.07327 ], [ 13.94494, 51.07257 ], [ 13.94439, 51.07279 ], [ 13.94366, 51.07218 ], [ 13.94154, 51.07302 ], [ 13.93785, 51.06862 ], [ 13.93647, 51.06747 ], [ 13.93869, 51.06672 ], [ 13.93775, 51.06593 ], [ 13.93879, 51.06539 ], [ 13.94, 51.06651 ], [ 13.9419, 51.06538 ], [ 13.94353, 51.06487 ], [ 13.94236, 51.06385 ], [ 13.9338, 51.06339 ], [ 13.93425, 51.06314 ], [ 13.9337, 51.06319 ], [ 13.93392, 51.06207 ], [ 13.93218, 51.06177 ], [ 13.92911, 51.06215 ], [ 13.92611, 51.06205 ], [ 13.92552, 51.06149 ], [ 13.92451, 51.0616 ], [ 13.92234, 51.06098 ], [ 13.92203, 51.06148 ], [ 13.92421, 51.06259 ], [ 13.92356, 51.06298 ], [ 13.92021, 51.06162 ], [ 13.91941, 51.06252 ], [ 13.91968, 51.06287 ], [ 13.91798, 51.06336 ], [ 13.91984, 51.06462 ], [ 13.91262, 51.06698 ], [ 13.91127, 51.06809 ], [ 13.91157, 51.06855 ], [ 13.90546, 51.0686 ], [ 13.90531, 51.06884 ], [ 13.9045, 51.06876 ], [ 13.90443, 51.06927 ], [ 13.90376, 51.06919 ], [ 13.9037, 51.06946 ], [ 13.9029, 51.06968 ], [ 13.90241, 51.06937 ], [ 13.89935, 51.0702 ], [ 13.89311, 51.06998 ], [ 13.88645, 51.07153 ], [ 13.8858, 51.07129 ], [ 13.88578, 51.07168 ], [ 13.88427, 51.07213 ], [ 13.88425, 51.07255 ], [ 13.88344, 51.07263 ], [ 13.88329, 51.07296 ], [ 13.88367, 51.07361 ], [ 13.88632, 51.07381 ], [ 13.89043, 51.07773 ], [ 13.896, 51.07944 ], [ 13.89557, 51.08072 ], [ 13.89679, 51.08199 ], [ 13.89523, 51.08289 ], [ 13.89136, 51.08247 ], [ 13.8911, 51.08295 ], [ 13.89399, 51.08477 ], [ 13.89619, 51.08564 ], [ 13.89528, 51.0866 ], [ 13.89643, 51.08678 ], [ 13.89599, 51.08752 ], [ 13.89912, 51.08839 ], [ 13.90123, 51.08829 ], [ 13.90152, 51.08788 ], [ 13.90055, 51.08627 ], [ 13.8993, 51.08643 ], [ 13.89676, 51.08613 ], [ 13.89736, 51.08512 ], [ 13.89924, 51.08458 ], [ 13.90183, 51.08326 ], [ 13.90216, 51.08282 ], [ 13.90322, 51.08359 ], [ 13.9064, 51.0848 ], [ 13.90436, 51.0858 ], [ 13.9047, 51.08773 ], [ 13.9053, 51.08882 ], [ 13.9063, 51.08957 ], [ 13.90958, 51.08987 ], [ 13.90989, 51.09066 ], [ 13.91064, 51.09103 ], [ 13.90993, 51.09261 ], [ 13.91105, 51.09417 ], [ 13.90878, 51.09631 ], [ 13.91013, 51.09698 ], [ 13.90872, 51.09741 ], [ 13.9069, 51.09872 ], [ 13.90405, 51.09831 ], [ 13.9031, 51.09853 ], [ 13.89964, 51.10246 ], [ 13.89537, 51.1038 ], [ 13.89895, 51.10833 ], [ 13.89797, 51.10841 ], [ 13.89514, 51.10948 ], [ 13.89418, 51.11032 ], [ 13.89374, 51.11126 ], [ 13.89248, 51.11131 ], [ 13.89253, 51.11271 ], [ 13.8929, 51.11322 ], [ 13.88737, 51.11321 ], [ 13.88484, 51.11686 ], [ 13.88409, 51.11861 ], [ 13.88222, 51.11989 ], [ 13.88054, 51.12218 ], [ 13.88024, 51.12349 ], [ 13.87851, 51.12491 ], [ 13.87434, 51.126 ], [ 13.87258, 51.12743 ], [ 13.87288, 51.12756 ], [ 13.87129, 51.13021 ], [ 13.8704, 51.13241 ], [ 13.87035, 51.13413 ], [ 13.86944, 51.13582 ], [ 13.87477, 51.13794 ], [ 13.87633, 51.1382 ], [ 13.87693, 51.13789 ], [ 13.87928, 51.13841 ], [ 13.87908, 51.13877 ], [ 13.87964, 51.13893 ], [ 13.88392, 51.13936 ], [ 13.88793, 51.1404 ], [ 13.88832, 51.14226 ], [ 13.88927, 51.1429 ], [ 13.88721, 51.14413 ], [ 13.8872, 51.14462 ], [ 13.88776, 51.14503 ], [ 13.88783, 51.14602 ], [ 13.88374, 51.14645 ], [ 13.88399, 51.1478 ], [ 13.88464, 51.14904 ], [ 13.88347, 51.15018 ], [ 13.88056, 51.15013 ], [ 13.88025, 51.1509 ], [ 13.88032, 51.15207 ], [ 13.87826, 51.15241 ], [ 13.87985, 51.15376 ], [ 13.87965, 51.15428 ], [ 13.87555, 51.1549 ], [ 13.87487, 51.15534 ], [ 13.87356, 51.15711 ], [ 13.87188, 51.15641 ], [ 13.86988, 51.1564 ], [ 13.86795, 51.15523 ], [ 13.86527, 51.15544 ], [ 13.86361, 51.15619 ], [ 13.86267, 51.15695 ], [ 13.86265, 51.15733 ], [ 13.86083, 51.15719 ], [ 13.86003, 51.15811 ], [ 13.8573, 51.15609 ], [ 13.85283, 51.15449 ], [ 13.85019, 51.15318 ], [ 13.84404, 51.15156 ], [ 13.84294, 51.15218 ], [ 13.84025, 51.14928 ], [ 13.84006, 51.14871 ], [ 13.83932, 51.14865 ], [ 13.83885, 51.14635 ], [ 13.83552, 51.14726 ], [ 13.83455, 51.14661 ], [ 13.83285, 51.14628 ], [ 13.83118, 51.14534 ], [ 13.83051, 51.14673 ], [ 13.82862, 51.14867 ], [ 13.823, 51.15166 ], [ 13.82206, 51.15174 ], [ 13.82246, 51.15194 ], [ 13.81873, 51.15392 ], [ 13.81593, 51.15499 ], [ 13.81423, 51.15528 ], [ 13.81002, 51.15516 ], [ 13.81, 51.15574 ], [ 13.8095, 51.15588 ], [ 13.80795, 51.15948 ], [ 13.80745, 51.15942 ], [ 13.80719, 51.15981 ], [ 13.80723, 51.15927 ], [ 13.80586, 51.15946 ], [ 13.80559, 51.16204 ], [ 13.80486, 51.16429 ], [ 13.80198, 51.16839 ], [ 13.79852, 51.16975 ], [ 13.79808, 51.16968 ], [ 13.7985, 51.16866 ], [ 13.78799, 51.1658 ], [ 13.78301, 51.16627 ], [ 13.77973, 51.16597 ], [ 13.78063, 51.16735 ], [ 13.77628, 51.16999 ], [ 13.77167, 51.17421 ], [ 13.76997, 51.17484 ] ] ] } },
{ "type": "Feature", "properties": { "stadt": "Essen" }, "geometry": { "type": "Polygon", "coordinates": [ [ [ 7.07399, 51.4828 ], [ 7.07268, 51.4852 ], [ 7.07097, 51.48497 ], [ 7.07092, 51.48554 ], [ 7.07131, 51.48791 ], [ 7.0711, 51.48933 ], [ 7.07312, 51.49016 ], [ 7.07246, 51.49087 ], [ 7.07333, 51.49118 ], [ 7.07314, 51.4915 ], [ 7.07421, 51.49245 ], [ 7.07376, 51.49327 ], [ 7.07185, 51.4949 ], [ 7.0715, 51.49478 ], [ 7.06706, 51.49758 ], [ 7.06631, 51.49777 ], [ 7.06089, 51.4967 ], [ 7.05874, 51.49906 ], [ 7.05757, 51.49864 ], [ 7.05727, 51.50076 ], [ 7.05681, 51.50178 ], [ 7.05544, 51.50347 ], [ 7.05418, 51.50343 ], [ 7.05452, 51.50551 ], [ 7.05217, 51.50526 ], [ 7.05051, 51.50792 ], [ 7.05078, 51.50799 ], [ 7.04991, 51.50982 ], [ 7.05026, 51.50975 ], [ 7.05046, 51.51199 ], [ 7.04639, 51.51177 ], [ 7.04532, 51.51128 ], [ 7.04184, 51.51126 ], [ 7.04113, 51.51228 ], [ 7.04088, 51.5135 ], [ 7.03995, 51.5139 ], [ 7.03785, 51.51409 ], [ 7.03712, 51.51473 ], [ 7.03245, 51.51434 ], [ 7.03329, 51.5162 ], [ 7.02694, 51.51706 ], [ 7.02516, 51.51697 ], [ 7.02231, 51.51913 ], [ 7.01977, 51.5181 ], [ 7.01799, 51.52241 ], [ 7.01677, 51.52319 ], [ 7.01561, 51.52647 ], [ 7.01491, 51.52752 ], [ 7.01361, 51.52836 ], [ 7.01314, 51.52919 ], [ 7.01301, 51.52998 ], [ 7.01336, 51.53157 ], [ 7.01406, 51.53242 ], [ 7.00782, 51.53271 ], [ 7.0069, 51.53298 ], [ 7.00697, 51.53343 ], [ 7.00533, 51.53357 ], [ 7.00468, 51.53418 ], [ 7.00378, 51.53386 ], [ 7.00252, 51.53423 ], [ 6.99897, 51.53377 ], [ 6.99902, 51.53241 ], [ 6.99744, 51.53164 ], [ 6.99672, 51.53186 ], [ 6.99509, 51.53095 ], [ 6.99511, 51.52239 ], [ 6.99286, 51.5203 ], [ 6.99109, 51.51765 ], [ 6.98609, 51.51294 ], [ 6.98615, 51.5104 ], [ 6.98778, 51.50865 ], [ 6.97654, 51.50482 ], [ 6.95543, 51.50187 ], [ 6.94335, 51.49867 ], [ 6.92861, 51.49703 ], [ 6.92815, 51.49777 ], [ 6.91921, 51.4965 ], [ 6.92002, 51.49429 ], [ 6.92166, 51.49143 ], [ 6.91407, 51.4895 ], [ 6.90222, 51.48839 ], [ 6.90281, 51.48594 ], [ 6.89997, 51.48576 ], [ 6.89838, 51.48104 ], [ 6.89673, 51.48125 ], [ 6.8948, 51.47824 ], [ 6.89436, 51.47612 ], [ 6.89529, 51.4743 ], [ 6.89643, 51.47374 ], [ 6.89763, 51.47243 ], [ 6.89872, 51.47272 ], [ 6.89992, 51.47136 ], [ 6.90163, 51.47111 ], [ 6.90453, 51.46969 ], [ 6.90557, 51.47019 ], [ 6.90616, 51.47006 ], [ 6.90643, 51.46953 ], [ 6.90767, 51.46949 ], [ 6.90781, 51.46905 ], [ 6.90907, 51.46892 ], [ 6.90885, 51.46861 ], [ 6.90942, 51.46849 ], [ 6.90992, 51.46786 ], [ 6.91202, 51.4673 ], [ 6.91221, 51.46698 ], [ 6.91299, 51.46695 ], [ 6.91396, 51.4655 ], [ 6.91577, 51.46441 ], [ 6.91606, 51.46314 ], [ 6.91721, 51.46266 ], [ 6.91687, 51.46193 ], [ 6.91713, 51.46126 ], [ 6.91665, 51.46104 ], [ 6.91699, 51.46045 ], [ 6.91668, 51.4602 ], [ 6.91671, 51.45927 ], [ 6.91713, 51.4583 ], [ 6.91682, 51.45702 ], [ 6.91703, 51.45491 ], [ 6.9162, 51.45372 ], [ 6.91519, 51.45033 ], [ 6.91791, 51.45 ], [ 6.92309, 51.45027 ], [ 6.9277, 51.45122 ], [ 6.9316, 51.45128 ], [ 6.93318, 51.4507 ], [ 6.93797, 51.45038 ], [ 6.94315, 51.44734 ], [ 6.94649, 51.44738 ], [ 6.95008, 51.44958 ], [ 6.95133, 51.44932 ], [ 6.95345, 51.44767 ], [ 6.95494, 51.44395 ], [ 6.95912, 51.43934 ], [ 6.95954, 51.43947 ], [ 6.95953, 51.43892 ], [ 6.95903, 51.43837 ], [ 6.95936, 51.43746 ], [ 6.95673, 51.43698 ], [ 6.95787, 51.43465 ], [ 6.95782, 51.43326 ], [ 6.95581, 51.43308 ], [ 6.95563, 51.43263 ], [ 6.95119, 51.43185 ], [ 6.95467, 51.42936 ], [ 6.95396, 51.42603 ], [ 6.95438, 51.42533 ], [ 6.95407, 51.42527 ], [ 6.95437, 51.42334 ], [ 6.95146, 51.42219 ], [ 6.94889, 51.42032 ], [ 6.94426, 51.41529 ], [ 6.94411, 51.41504 ], [ 6.94445, 51.41488 ], [ 6.94379, 51.41448 ], [ 6.94448, 51.41383 ], [ 6.94433, 51.41258 ], [ 6.94505, 51.41173 ], [ 6.94413, 51.4106 ], [ 6.94443, 51.40987 ], [ 6.94416, 51.40939 ], [ 6.94356, 51.40935 ], [ 6.94393, 51.40853 ], [ 6.94472, 51.39983 ], [ 6.93887, 51.39733 ], [ 6.93991, 51.39608 ], [ 6.94206, 51.39557 ], [ 6.94359, 51.39483 ], [ 6.94559, 51.39272 ], [ 6.94326, 51.38932 ], [ 6.94077, 51.38817 ], [ 6.93756, 51.38751 ], [ 6.93401, 51.38726 ], [ 6.9333, 51.38771 ], [ 6.93072, 51.38643 ], [ 6.92751, 51.38537 ], [ 6.92902, 51.38338 ], [ 6.92676, 51.3821 ], [ 6.92618, 51.38287 ], [ 6.92215, 51.38198 ], [ 6.91969, 51.38182 ], [ 6.91984, 51.38165 ], [ 6.91938, 51.38117 ], [ 6.91783, 51.38077 ], [ 6.91546, 51.37937 ], [ 6.91499, 51.3797 ], [ 6.91353, 51.37899 ], [ 6.9124, 51.37991 ], [ 6.91093, 51.37915 ], [ 6.91099, 51.37859 ], [ 6.90981, 51.37793 ], [ 6.91246, 51.37634 ], [ 6.91634, 51.37467 ], [ 6.91513, 51.37374 ], [ 6.91478, 51.37277 ], [ 6.91365, 51.37162 ], [ 6.91204, 51.37255 ], [ 6.90628, 51.36879 ], [ 6.90725, 51.36825 ], [ 6.90509, 51.3676 ], [ 6.90738, 51.36568 ], [ 6.9133, 51.36207 ], [ 6.91299, 51.36172 ], [ 6.91507, 51.36137 ], [ 6.92495, 51.3577 ], [ 6.92274, 51.35554 ], [ 6.92239, 51.35585 ], [ 6.92091, 51.35528 ], [ 6.92218, 51.35493 ], [ 6.92154, 51.35406 ], [ 6.92191, 51.35386 ], [ 6.92279, 51.35419 ], [ 6.92589, 51.35347 ], [ 6.92672, 51.35367 ], [ 6.92702, 51.35296 ], [ 6.92869, 51.35303 ], [ 6.92903, 51.35244 ], [ 6.92859, 51.35206 ], [ 6.92423, 51.35038 ], [ 6.92598, 51.34849 ], [ 6.92881, 51.34966 ], [ 6.92927, 51.34813 ], [ 6.93153, 51.35042 ], [ 6.93237, 51.35037 ], [ 6.93375, 51.34952 ], [ 6.93428, 51.34977 ], [ 6.93559, 51.34933 ], [ 6.93881, 51.35085 ], [ 6.93948, 51.35057 ], [ 6.93953, 51.35098 ], [ 6.94155, 51.34992 ], [ 6.94261, 51.35024 ], [ 6.94326, 51.34981 ], [ 6.94481, 51.35072 ], [ 6.94462, 51.35094 ], [ 6.94522, 51.35143 ], [ 6.9458, 51.3511 ], [ 6.94697, 51.35147 ], [ 6.9511, 51.34926 ], [ 6.95217, 51.34999 ], [ 6.95316, 51.34949 ], [ 6.96098, 51.34757 ], [ 6.96203, 51.3489 ], [ 6.96254, 51.34875 ], [ 6.96321, 51.34783 ], [ 6.96379, 51.34804 ], [ 6.96421, 51.34761 ], [ 6.96993, 51.34941 ], [ 6.96927, 51.3502 ], [ 6.96956, 51.35051 ], [ 6.97253, 51.35191 ], [ 6.9757, 51.3526 ], [ 6.97712, 51.3539 ], [ 6.97784, 51.35603 ], [ 6.9796, 51.35502 ], [ 6.98, 51.35542 ], [ 6.97998, 51.35417 ], [ 6.98219, 51.35349 ], [ 6.98726, 51.35792 ], [ 6.98822, 51.35846 ], [ 6.99007, 51.35815 ], [ 6.99203, 51.35939 ], [ 6.99447, 51.35825 ], [ 6.99624, 51.35816 ], [ 6.99709, 51.35753 ], [ 6.99897, 51.35708 ], [ 7.00224, 51.35789 ], [ 7.00317, 51.35789 ], [ 7.00497, 51.35725 ], [ 7.00759, 51.35751 ], [ 7.00788, 51.35771 ], [ 7.00708, 51.35932 ], [ 7.01073, 51.36055 ], [ 7.00948, 51.36113 ], [ 7.01124, 51.3624 ], [ 7.01738, 51.36494 ], [ 7.01826, 51.36482 ], [ 7.02107, 51.36551 ], [ 7.02147, 51.36471 ], [ 7.0233, 51.36525 ], [ 7.0242, 51.36445 ], [ 7.02395, 51.36429 ], [ 7.0292, 51.36234 ], [ 7.03263, 51.36358 ], [ 7.0359, 51.36156 ], [ 7.03634, 51.36229 ], [ 7.03771, 51.36261 ], [ 7.03924, 51.3644 ], [ 7.04238, 51.36704 ], [ 7.04333, 51.36701 ], [ 7.04329, 51.36748 ], [ 7.04378, 51.36822 ], [ 7.04437, 51.36837 ], [ 7.04457, 51.3667 ], [ 7.04511, 51.36565 ], [ 7.04757, 51.36455 ], [ 7.04835, 51.36383 ], [ 7.04822, 51.36324 ], [ 7.04876, 51.36254 ], [ 7.05048, 51.36207 ], [ 7.0519, 51.36242 ], [ 7.05485, 51.3623 ], [ 7.05604, 51.36257 ], [ 7.05584, 51.36293 ], [ 7.0561, 51.36317 ], [ 7.05836, 51.36374 ], [ 7.06292, 51.36721 ], [ 7.06568, 51.36807 ], [ 7.06597, 51.3684 ], [ 7.06667, 51.36793 ], [ 7.06983, 51.37051 ], [ 7.07959, 51.37451 ], [ 7.08148, 51.37281 ], [ 7.08096, 51.37209 ], [ 7.08073, 51.37073 ], [ 7.08165, 51.37004 ], [ 7.08421, 51.3713 ], [ 7.08605, 51.37098 ], [ 7.08807, 51.37185 ], [ 7.0888, 51.36968 ], [ 7.09033, 51.36863 ], [ 7.09143, 51.36892 ], [ 7.09247, 51.36977 ], [ 7.09263, 51.36945 ], [ 7.09464, 51.37005 ], [ 7.09576, 51.36988 ], [ 7.09677, 51.37059 ], [ 7.09741, 51.37064 ], [ 7.098, 51.37014 ], [ 7.09954, 51.37061 ], [ 7.09935, 51.37079 ], [ 7.09959, 51.37087 ], [ 7.09895, 51.3713 ], [ 7.09946, 51.37164 ], [ 7.10011, 51.37156 ], [ 7.09974, 51.37213 ], [ 7.10018, 51.37234 ], [ 7.09855, 51.37267 ], [ 7.09892, 51.37317 ], [ 7.09936, 51.37357 ], [ 7.10083, 51.37265 ], [ 7.10113, 51.37277 ], [ 7.10137, 51.37292 ], [ 7.10132, 51.37433 ], [ 7.10185, 51.37493 ], [ 7.10286, 51.37503 ], [ 7.10295, 51.37593 ], [ 7.10412, 51.37583 ], [ 7.10477, 51.37658 ], [ 7.10585, 51.37694 ], [ 7.10855, 51.37689 ], [ 7.11183, 51.37799 ], [ 7.11221, 51.37743 ], [ 7.11213, 51.37591 ], [ 7.11319, 51.37589 ], [ 7.11399, 51.37667 ], [ 7.11467, 51.3764 ], [ 7.1149, 51.37665 ], [ 7.11581, 51.37615 ], [ 7.11595, 51.37567 ], [ 7.11652, 51.37578 ], [ 7.11776, 51.3774 ], [ 7.11951, 51.378 ], [ 7.119, 51.37849 ], [ 7.11579, 51.37774 ], [ 7.11547, 51.37816 ], [ 7.11704, 51.37888 ], [ 7.11705, 51.37966 ], [ 7.11872, 51.37979 ], [ 7.11704, 51.38054 ], [ 7.11706, 51.38108 ], [ 7.11735, 51.38112 ], [ 7.11786, 51.38217 ], [ 7.11731, 51.3826 ], [ 7.11724, 51.38322 ], [ 7.11661, 51.38408 ], [ 7.11609, 51.3841 ], [ 7.11665, 51.38583 ], [ 7.11867, 51.38655 ], [ 7.11953, 51.38733 ], [ 7.11828, 51.38867 ], [ 7.11729, 51.38829 ], [ 7.11817, 51.38902 ], [ 7.11755, 51.39008 ], [ 7.11869, 51.39227 ], [ 7.11853, 51.39382 ], [ 7.11753, 51.39508 ], [ 7.11611, 51.39574 ], [ 7.11591, 51.39601 ], [ 7.11617, 51.39607 ], [ 7.11529, 51.39684 ], [ 7.11479, 51.3978 ], [ 7.1131, 51.3992 ], [ 7.1123, 51.40036 ], [ 7.1123, 51.40184 ], [ 7.1126, 51.40239 ], [ 7.11232, 51.40291 ], [ 7.11271, 51.40371 ], [ 7.11257, 51.40412 ], [ 7.1117, 51.40443 ], [ 7.11168, 51.40551 ], [ 7.10806, 51.40648 ], [ 7.1102, 51.40746 ], [ 7.11257, 51.4077 ], [ 7.11239, 51.40823 ], [ 7.11495, 51.40868 ], [ 7.11574, 51.40869 ], [ 7.11682, 51.40773 ], [ 7.12073, 51.40886 ], [ 7.12163, 51.40854 ], [ 7.12234, 51.40924 ], [ 7.12178, 51.40979 ], [ 7.12431, 51.41053 ], [ 7.12671, 51.4119 ], [ 7.1267, 51.41095 ], [ 7.12727, 51.41057 ], [ 7.12747, 51.41085 ], [ 7.12709, 51.41145 ], [ 7.12908, 51.41266 ], [ 7.12993, 51.41261 ], [ 7.1289, 51.41394 ], [ 7.13206, 51.4153 ], [ 7.13194, 51.4155 ], [ 7.13426, 51.41748 ], [ 7.13471, 51.41831 ], [ 7.13527, 51.41854 ], [ 7.13485, 51.41887 ], [ 7.13569, 51.41934 ], [ 7.13567, 51.41983 ], [ 7.13683, 51.42044 ], [ 7.13623, 51.42204 ], [ 7.13765, 51.42225 ], [ 7.13705, 51.42359 ], [ 7.13653, 51.42376 ], [ 7.1362, 51.42453 ], [ 7.13756, 51.4253 ], [ 7.13257, 51.42813 ], [ 7.12827, 51.43003 ], [ 7.1232, 51.43099 ], [ 7.11925, 51.4309 ], [ 7.11906, 51.43129 ], [ 7.12294, 51.43168 ], [ 7.12266, 51.43412 ], [ 7.12488, 51.43515 ], [ 7.13104, 51.43888 ], [ 7.13267, 51.43949 ], [ 7.13248, 51.43968 ], [ 7.1328, 51.44016 ], [ 7.13234, 51.44053 ], [ 7.13316, 51.44078 ], [ 7.13296, 51.44127 ], [ 7.13371, 51.44141 ], [ 7.13353, 51.44188 ], [ 7.13389, 51.44216 ], [ 7.1329, 51.442 ], [ 7.13178, 51.44268 ], [ 7.13091, 51.44276 ], [ 7.13182, 51.4435 ], [ 7.1302, 51.44427 ], [ 7.12982, 51.44402 ], [ 7.1282, 51.44513 ], [ 7.12894, 51.44555 ], [ 7.12825, 51.44609 ], [ 7.12895, 51.44662 ], [ 7.1263, 51.4497 ], [ 7.12298, 51.45245 ], [ 7.12137, 51.45495 ], [ 7.11838, 51.45535 ], [ 7.11603, 51.45494 ], [ 7.11569, 51.45637 ], [ 7.11543, 51.45634 ], [ 7.1147, 51.45823 ], [ 7.11293, 51.46001 ], [ 7.10956, 51.45938 ], [ 7.10927, 51.46048 ], [ 7.10836, 51.46135 ], [ 7.10852, 51.4619 ], [ 7.10827, 51.46243 ], [ 7.11125, 51.46386 ], [ 7.11233, 51.46399 ], [ 7.11323, 51.46458 ], [ 7.11387, 51.4655 ], [ 7.11347, 51.4662 ], [ 7.11381, 51.46781 ], [ 7.11342, 51.46967 ], [ 7.1139, 51.47026 ], [ 7.11375, 51.47185 ], [ 7.11406, 51.47201 ], [ 7.11338, 51.47243 ], [ 7.11314, 51.47313 ], [ 7.11165, 51.47356 ], [ 7.11082, 51.47436 ], [ 7.10867, 51.47542 ], [ 7.10871, 51.47608 ], [ 7.10552, 51.4781 ], [ 7.10562, 51.47865 ], [ 7.10402, 51.4802 ], [ 7.10163, 51.48091 ], [ 7.098, 51.48275 ], [ 7.09284, 51.48229 ], [ 7.09233, 51.48288 ], [ 7.09026, 51.48243 ], [ 7.08942, 51.48338 ], [ 7.08484, 51.48416 ], [ 7.08365, 51.48404 ], [ 7.08357, 51.48329 ], [ 7.083, 51.48309 ], [ 7.07399, 51.4828 ] ] ] } },
{ "type": "Feature", "properties": { "stadt": "Hannover" }, "geometry": { "type": "MultiPolygon", "coordinates": [ [ [ [ 9.78748, 52.44995 ], [ 9.78197, 52.44947 ], [ 9.78175, 52.45223 ], [ 9.78119, 52.45433 ], [ 9.77111, 52.45412 ], [ 9.77137, 52.45348 ], [ 9.773, 52.45201 ], [ 9.77259, 52.45039 ], [ 9.77101, 52.44823 ], [ 9.77009, 52.44775 ], [ 9.76833, 52.44228 ], [ 9.76733, 52.44044 ], [ 9.76572, 52.43867 ], [ 9.76766, 52.43227 ], [ 9.7629, 52.42731 ], [ 9.73512, 52.42769 ], [ 9.73289, 52.4284 ], [ 9.73238, 52.42908 ], [ 9.73135, 52.42905 ], [ 9.73003, 52.42813 ], [ 9.72874, 52.42779 ], [ 9.72884, 52.42709 ], [ 9.73042, 52.42634 ], [ 9.73208, 52.42612 ], [ 9.73248, 52.4234 ], [ 9.72197, 52.42285 ], [ 9.72194, 52.42325 ], [ 9.72072, 52.42322 ], [ 9.72068, 52.42384 ], [ 9.71975, 52.42381 ], [ 9.71964, 52.4252 ], [ 9.71709, 52.42512 ], [ 9.71715, 52.42647 ], [ 9.71793, 52.42833 ], [ 9.72296, 52.42769 ], [ 9.72315, 52.42805 ], [ 9.70267, 52.43073 ], [ 9.69952, 52.4307 ], [ 9.69724, 52.43146 ], [ 9.69493, 52.4314 ], [ 9.69323, 52.43056 ], [ 9.67373, 52.42892 ], [ 9.66791, 52.42797 ], [ 9.66858, 52.42888 ], [ 9.66938, 52.43143 ], [ 9.66332, 52.43249 ], [ 9.6622, 52.43243 ], [ 9.66202, 52.43366 ], [ 9.65363, 52.43199 ], [ 9.64381, 52.43328 ], [ 9.63776, 52.43278 ], [ 9.6347, 52.42716 ], [ 9.62633, 52.42714 ], [ 9.62362, 52.42535 ], [ 9.62294, 52.42576 ], [ 9.61902, 52.42147 ], [ 9.61624, 52.42182 ], [ 9.61266, 52.42145 ], [ 9.61293, 52.42134 ], [ 9.61303, 52.41986 ], [ 9.61428, 52.41956 ], [ 9.61372, 52.41882 ], [ 9.6138, 52.41782 ], [ 9.61459, 52.41804 ], [ 9.61802, 52.41631 ], [ 9.61749, 52.40966 ], [ 9.61894, 52.40644 ], [ 9.61817, 52.40606 ], [ 9.61824, 52.40577 ], [ 9.61683, 52.4057 ], [ 9.61621, 52.40299 ], [ 9.61267, 52.4032 ], [ 9.61143, 52.40134 ], [ 9.61058, 52.40077 ], [ 9.61065, 52.40019 ], [ 9.60626, 52.39804 ], [ 9.60522, 52.39814 ], [ 9.60447, 52.39688 ], [ 9.6057, 52.39565 ], [ 9.61053, 52.39319 ], [ 9.61175, 52.39334 ], [ 9.61387, 52.39451 ], [ 9.61531, 52.39455 ], [ 9.61814, 52.39374 ], [ 9.62119, 52.39483 ], [ 9.62496, 52.39506 ], [ 9.62554, 52.39558 ], [ 9.62571, 52.39626 ], [ 9.6248, 52.39802 ], [ 9.62494, 52.39858 ], [ 9.62576, 52.39892 ], [ 9.62897, 52.39901 ], [ 9.62981, 52.39942 ], [ 9.63049, 52.40039 ], [ 9.63058, 52.40158 ], [ 9.63019, 52.40249 ], [ 9.62895, 52.40367 ], [ 9.62896, 52.40439 ], [ 9.63012, 52.4048 ], [ 9.63254, 52.40455 ], [ 9.63367, 52.40483 ], [ 9.63432, 52.40603 ], [ 9.63352, 52.40757 ], [ 9.63438, 52.40864 ], [ 9.63549, 52.40915 ], [ 9.63804, 52.40907 ], [ 9.64, 52.40982 ], [ 9.64071, 52.41042 ], [ 9.64209, 52.41305 ], [ 9.64461, 52.41374 ], [ 9.64623, 52.41342 ], [ 9.64758, 52.41263 ], [ 9.65022, 52.40974 ], [ 9.65101, 52.40723 ], [ 9.65105, 52.40519 ], [ 9.65165, 52.40321 ], [ 9.65052, 52.40196 ], [ 9.6484, 52.40106 ], [ 9.64803, 52.40025 ], [ 9.64951, 52.39889 ], [ 9.64943, 52.39754 ], [ 9.6508, 52.39608 ], [ 9.65155, 52.39574 ], [ 9.65256, 52.3958 ], [ 9.65355, 52.39674 ], [ 9.65358, 52.39812 ], [ 9.65176, 52.39858 ], [ 9.65127, 52.39899 ], [ 9.65141, 52.39989 ], [ 9.65218, 52.40023 ], [ 9.65319, 52.40018 ], [ 9.65437, 52.39961 ], [ 9.65479, 52.39833 ], [ 9.65534, 52.39803 ], [ 9.65944, 52.39916 ], [ 9.66349, 52.39892 ], [ 9.66548, 52.39834 ], [ 9.66466, 52.39642 ], [ 9.6632, 52.39504 ], [ 9.66374, 52.39358 ], [ 9.66307, 52.39306 ], [ 9.66359, 52.39283 ], [ 9.66274, 52.39219 ], [ 9.66219, 52.39236 ], [ 9.66272, 52.3921 ], [ 9.6608, 52.39053 ], [ 9.65971, 52.3913 ], [ 9.65893, 52.393 ], [ 9.65486, 52.38971 ], [ 9.65554, 52.38942 ], [ 9.65276, 52.38408 ], [ 9.64962, 52.38409 ], [ 9.64956, 52.38347 ], [ 9.64752, 52.38327 ], [ 9.64649, 52.38259 ], [ 9.64456, 52.38231 ], [ 9.64471, 52.38131 ], [ 9.64776, 52.38219 ], [ 9.65025, 52.38238 ], [ 9.65188, 52.38144 ], [ 9.65192, 52.38068 ], [ 9.65462, 52.38037 ], [ 9.65532, 52.3793 ], [ 9.65562, 52.37929 ], [ 9.65556, 52.3786 ], [ 9.65804, 52.37853 ], [ 9.65814, 52.37706 ], [ 9.65921, 52.3744 ], [ 9.66091, 52.3744 ], [ 9.66089, 52.37318 ], [ 9.66135, 52.37313 ], [ 9.6614, 52.37111 ], [ 9.66062, 52.37049 ], [ 9.65995, 52.3705 ], [ 9.65776, 52.36961 ], [ 9.65689, 52.36893 ], [ 9.65673, 52.36743 ], [ 9.65546, 52.36728 ], [ 9.65524, 52.36581 ], [ 9.65337, 52.3655 ], [ 9.65419, 52.36423 ], [ 9.65226, 52.3635 ], [ 9.65222, 52.36251 ], [ 9.65098, 52.36245 ], [ 9.64997, 52.36062 ], [ 9.64632, 52.36195 ], [ 9.64473, 52.36214 ], [ 9.63958, 52.36176 ], [ 9.6357, 52.36074 ], [ 9.63675, 52.36024 ], [ 9.63798, 52.36019 ], [ 9.63795, 52.35932 ], [ 9.63936, 52.35858 ], [ 9.63982, 52.357 ], [ 9.64212, 52.3552 ], [ 9.64609, 52.353 ], [ 9.64549, 52.35144 ], [ 9.64752, 52.35136 ], [ 9.64811, 52.35213 ], [ 9.66167, 52.34874 ], [ 9.6649, 52.34821 ], [ 9.66506, 52.34746 ], [ 9.66647, 52.3474 ], [ 9.66608, 52.34638 ], [ 9.6744, 52.34684 ], [ 9.67446, 52.3476 ], [ 9.67975, 52.34726 ], [ 9.68005, 52.34079 ], [ 9.68373, 52.34092 ], [ 9.68312, 52.33938 ], [ 9.67875, 52.33919 ], [ 9.67967, 52.33686 ], [ 9.67385, 52.33452 ], [ 9.67375, 52.33383 ], [ 9.67288, 52.33408 ], [ 9.67052, 52.33316 ], [ 9.67114, 52.33059 ], [ 9.67508, 52.32994 ], [ 9.67536, 52.32898 ], [ 9.67569, 52.32894 ], [ 9.67252, 52.32682 ], [ 9.67325, 52.32567 ], [ 9.67463, 52.32595 ], [ 9.67537, 52.32383 ], [ 9.67849, 52.32449 ], [ 9.67904, 52.32175 ], [ 9.67999, 52.32173 ], [ 9.68196, 52.31812 ], [ 9.68185, 52.317 ], [ 9.67982, 52.31714 ], [ 9.67995, 52.31597 ], [ 9.6792, 52.31297 ], [ 9.68121, 52.31315 ], [ 9.68203, 52.3126 ], [ 9.68896, 52.31391 ], [ 9.69078, 52.31503 ], [ 9.69432, 52.31862 ], [ 9.70256, 52.32055 ], [ 9.70476, 52.32193 ], [ 9.7065, 52.32199 ], [ 9.71104, 52.32335 ], [ 9.71638, 52.32436 ], [ 9.71726, 52.32519 ], [ 9.71674, 52.32686 ], [ 9.71775, 52.3291 ], [ 9.72037, 52.33005 ], [ 9.72007, 52.33034 ], [ 9.72158, 52.33064 ], [ 9.72638, 52.33058 ], [ 9.72885, 52.32992 ], [ 9.73002, 52.3292 ], [ 9.73219, 52.32879 ], [ 9.73701, 52.32995 ], [ 9.73737, 52.33154 ], [ 9.73722, 52.33226 ], [ 9.73797, 52.33285 ], [ 9.73969, 52.33312 ], [ 9.73911, 52.33397 ], [ 9.73888, 52.33546 ], [ 9.74257, 52.33607 ], [ 9.74308, 52.33469 ], [ 9.74446, 52.33425 ], [ 9.74898, 52.33021 ], [ 9.75017, 52.32713 ], [ 9.7556, 52.32278 ], [ 9.7584, 52.32093 ], [ 9.75973, 52.32213 ], [ 9.76032, 52.3208 ], [ 9.76071, 52.32113 ], [ 9.76236, 52.32139 ], [ 9.76414, 52.32102 ], [ 9.76477, 52.32131 ], [ 9.76459, 52.32197 ], [ 9.76531, 52.32324 ], [ 9.76624, 52.32308 ], [ 9.76687, 52.32194 ], [ 9.7662, 52.3205 ], [ 9.76626, 52.31961 ], [ 9.76852, 52.3186 ], [ 9.77239, 52.3182 ], [ 9.77293, 52.31939 ], [ 9.77352, 52.31967 ], [ 9.77442, 52.31915 ], [ 9.77569, 52.31931 ], [ 9.77581, 52.31974 ], [ 9.77945, 52.32002 ], [ 9.78037, 52.32025 ], [ 9.78011, 52.32081 ], [ 9.78412, 52.32217 ], [ 9.78487, 52.32111 ], [ 9.78918, 52.32214 ], [ 9.78738, 52.32456 ], [ 9.78882, 52.32488 ], [ 9.78843, 52.32561 ], [ 9.78935, 52.32582 ], [ 9.78968, 52.32525 ], [ 9.79331, 52.32602 ], [ 9.79725, 52.31952 ], [ 9.79842, 52.31684 ], [ 9.80232, 52.31749 ], [ 9.80196, 52.31838 ], [ 9.80485, 52.31893 ], [ 9.80534, 52.31799 ], [ 9.8104, 52.31838 ], [ 9.81106, 52.31757 ], [ 9.81299, 52.31696 ], [ 9.81336, 52.31616 ], [ 9.81373, 52.31615 ], [ 9.81402, 52.3151 ], [ 9.81508, 52.31349 ], [ 9.8174, 52.31164 ], [ 9.82372, 52.30848 ], [ 9.82771, 52.30749 ], [ 9.82994, 52.30632 ], [ 9.8339, 52.3058 ], [ 9.85023, 52.30545 ], [ 9.85047, 52.30489 ], [ 9.86268, 52.30745 ], [ 9.86526, 52.30829 ], [ 9.86773, 52.30958 ], [ 9.86677, 52.31197 ], [ 9.86871, 52.31269 ], [ 9.8669, 52.31475 ], [ 9.86594, 52.31653 ], [ 9.86288, 52.31813 ], [ 9.86233, 52.31902 ], [ 9.86263, 52.32083 ], [ 9.86152, 52.32216 ], [ 9.86176, 52.32208 ], [ 9.86367, 52.32347 ], [ 9.86654, 52.32223 ], [ 9.87057, 52.32386 ], [ 9.87146, 52.32387 ], [ 9.87288, 52.32552 ], [ 9.87899, 52.32643 ], [ 9.87532, 52.33226 ], [ 9.87712, 52.33417 ], [ 9.87641, 52.33437 ], [ 9.8783, 52.33517 ], [ 9.87807, 52.33542 ], [ 9.87836, 52.33556 ], [ 9.88141, 52.33622 ], [ 9.88237, 52.33836 ], [ 9.88235, 52.34011 ], [ 9.8828, 52.34117 ], [ 9.884, 52.34247 ], [ 9.8837, 52.34482 ], [ 9.88167, 52.34601 ], [ 9.87892, 52.34551 ], [ 9.8775, 52.34483 ], [ 9.87338, 52.34979 ], [ 9.87571, 52.35179 ], [ 9.87436, 52.35228 ], [ 9.87583, 52.35503 ], [ 9.8812, 52.35907 ], [ 9.88749, 52.35836 ], [ 9.89396, 52.35863 ], [ 9.89569, 52.35931 ], [ 9.89622, 52.35992 ], [ 9.89603, 52.36238 ], [ 9.8941, 52.36459 ], [ 9.89423, 52.36675 ], [ 9.89085, 52.37066 ], [ 9.89051, 52.37224 ], [ 9.8912, 52.37305 ], [ 9.89085, 52.37342 ], [ 9.89192, 52.37416 ], [ 9.89072, 52.38008 ], [ 9.88505, 52.39702 ], [ 9.88482, 52.39709 ], [ 9.88912, 52.39886 ], [ 9.89466, 52.40058 ], [ 9.89762, 52.3999 ], [ 9.90022, 52.39994 ], [ 9.91638, 52.40121 ], [ 9.91857, 52.40397 ], [ 9.91819, 52.40508 ], [ 9.91536, 52.40623 ], [ 9.91542, 52.40644 ], [ 9.90655, 52.40781 ], [ 9.9082, 52.40933 ], [ 9.90808, 52.40988 ], [ 9.90442, 52.41106 ], [ 9.90339, 52.41104 ], [ 9.90204, 52.41331 ], [ 9.90296, 52.41361 ], [ 9.90207, 52.41476 ], [ 9.89885, 52.4143 ], [ 9.89614, 52.41321 ], [ 9.8902, 52.41 ], [ 9.88869, 52.41233 ], [ 9.88832, 52.41235 ], [ 9.88779, 52.41301 ], [ 9.88747, 52.41396 ], [ 9.8893, 52.42064 ], [ 9.88919, 52.42241 ], [ 9.88523, 52.42221 ], [ 9.86125, 52.4242 ], [ 9.85047, 52.42682 ], [ 9.84724, 52.42485 ], [ 9.84642, 52.42507 ], [ 9.84644, 52.42367 ], [ 9.84437, 52.4218 ], [ 9.84277, 52.4231 ], [ 9.84157, 52.4214 ], [ 9.84076, 52.42089 ], [ 9.83862, 52.42039 ], [ 9.83225, 52.42338 ], [ 9.83285, 52.4239 ], [ 9.82446, 52.4277 ], [ 9.81942, 52.4294 ], [ 9.82083, 52.43196 ], [ 9.82087, 52.43289 ], [ 9.8217, 52.43293 ], [ 9.82289, 52.43159 ], [ 9.82336, 52.43158 ], [ 9.82718, 52.43289 ], [ 9.82527, 52.4343 ], [ 9.82213, 52.43463 ], [ 9.82008, 52.43518 ], [ 9.82024, 52.43541 ], [ 9.82323, 52.43473 ], [ 9.82406, 52.4366 ], [ 9.82289, 52.43676 ], [ 9.8228, 52.43855 ], [ 9.82156, 52.43831 ], [ 9.81891, 52.43916 ], [ 9.81768, 52.43991 ], [ 9.81795, 52.44035 ], [ 9.8195, 52.44084 ], [ 9.82337, 52.4415 ], [ 9.82339, 52.44214 ], [ 9.82218, 52.44313 ], [ 9.82022, 52.44376 ], [ 9.81874, 52.44365 ], [ 9.81907, 52.44463 ], [ 9.82116, 52.44425 ], [ 9.821, 52.44615 ], [ 9.81906, 52.4466 ], [ 9.81902, 52.44771 ], [ 9.82033, 52.44772 ], [ 9.82026, 52.44744 ], [ 9.82071, 52.44826 ], [ 9.81701, 52.4484 ], [ 9.81393, 52.44908 ], [ 9.81186, 52.44908 ], [ 9.81029, 52.44959 ], [ 9.80797, 52.44954 ], [ 9.8039, 52.45031 ], [ 9.79975, 52.45065 ], [ 9.79929, 52.44975 ], [ 9.79018, 52.44972 ], [ 9.78979, 52.44888 ], [ 9.78732, 52.44916 ], [ 9.78748, 52.44995 ] ], [ [ 9.63168, 52.42041 ], [ 9.63224, 52.41984 ], [ 9.62944, 52.41915 ], [ 9.62918, 52.41965 ], [ 9.63168, 52.42041 ] ] ], [ [ [ 9.7232, 52.42764 ], [ 9.72531, 52.42732 ], [ 9.72864, 52.42706 ], [ 9.72855, 52.42779 ], [ 9.72337, 52.4281 ], [ 9.7232, 52.42764 ] ] ] ] } },
{ "type": "Feature", "properties": { "stadt": "Bremen" }, "geometry": { "type": "MultiPolygon", "coordinates": [ [ [ [ 8.53971, 53.1859 ], [ 8.55783, 53.18108 ], [ 8.57475, 53.17545 ], [ 8.58262, 53.17338 ], [ 8.58793, 53.17262 ], [ 8.61146, 53.17039 ], [ 8.61576, 53.16936 ], [ 8.61993, 53.16693 ], [ 8.62163, 53.16536 ], [ 8.62338, 53.16307 ], [ 8.62392, 53.16137 ], [ 8.62656, 53.14552 ], [ 8.63061, 53.13846 ], [ 8.63474, 53.13405 ], [ 8.64051, 53.13013 ], [ 8.64552, 53.12745 ], [ 8.64841, 53.12511 ], [ 8.64896, 53.12362 ], [ 8.64976, 53.12338 ], [ 8.65077, 53.12202 ], [ 8.65137, 53.12204 ], [ 8.65017, 53.11996 ], [ 8.64998, 53.11847 ], [ 8.65107, 53.11684 ], [ 8.65146, 53.11701 ], [ 8.6522, 53.1163 ], [ 8.65371, 53.1161 ], [ 8.65543, 53.1171 ], [ 8.65507, 53.11723 ], [ 8.65536, 53.11758 ], [ 8.65698, 53.11808 ], [ 8.65728, 53.1176 ], [ 8.65605, 53.11707 ], [ 8.65573, 53.11662 ], [ 8.65355, 53.11183 ], [ 8.65344, 53.11025 ], [ 8.65423, 53.1089 ], [ 8.65482, 53.10902 ], [ 8.66027, 53.10642 ], [ 8.67047, 53.10246 ], [ 8.66871, 53.09981 ], [ 8.66618, 53.0981 ], [ 8.66642, 53.09798 ], [ 8.66586, 53.09609 ], [ 8.66487, 53.09561 ], [ 8.66545, 53.09335 ], [ 8.66652, 53.09166 ], [ 8.66881, 53.08981 ], [ 8.67337, 53.08744 ], [ 8.67461, 53.08622 ], [ 8.67493, 53.08657 ], [ 8.67817, 53.08613 ], [ 8.68791, 53.0858 ], [ 8.69791, 53.08373 ], [ 8.70083, 53.08294 ], [ 8.70392, 53.08151 ], [ 8.70331, 53.08127 ], [ 8.70151, 53.08158 ], [ 8.70163, 53.08092 ], [ 8.70327, 53.08057 ], [ 8.70459, 53.07979 ], [ 8.70471, 53.07887 ], [ 8.70659, 53.07718 ], [ 8.70616, 53.07615 ], [ 8.70885, 53.07591 ], [ 8.70888, 53.07488 ], [ 8.70911, 53.07488 ], [ 8.70936, 53.07404 ], [ 8.7104, 53.06969 ], [ 8.71017, 53.06709 ], [ 8.70843, 53.05833 ], [ 8.70847, 53.05709 ], [ 8.70787, 53.05612 ], [ 8.70682, 53.05243 ], [ 8.70964, 53.04603 ], [ 8.7116, 53.04419 ], [ 8.71501, 53.04218 ], [ 8.72474, 53.03671 ], [ 8.73077, 53.03376 ], [ 8.73396, 53.03361 ], [ 8.73488, 53.03506 ], [ 8.73227, 53.03638 ], [ 8.73252, 53.0368 ], [ 8.73332, 53.03731 ], [ 8.73527, 53.03695 ], [ 8.73777, 53.0373 ], [ 8.7379, 53.03794 ], [ 8.7397, 53.03876 ], [ 8.73986, 53.0395 ], [ 8.73927, 53.04021 ], [ 8.74168, 53.03931 ], [ 8.74306, 53.04073 ], [ 8.74912, 53.0388 ], [ 8.74944, 53.0392 ], [ 8.74984, 53.03864 ], [ 8.75173, 53.03805 ], [ 8.75662, 53.0391 ], [ 8.75716, 53.03998 ], [ 8.75726, 53.04096 ], [ 8.75638, 53.04133 ], [ 8.75497, 53.04286 ], [ 8.75557, 53.04295 ], [ 8.75588, 53.04367 ], [ 8.75646, 53.04407 ], [ 8.75819, 53.04381 ], [ 8.76021, 53.0458 ], [ 8.76289, 53.04617 ], [ 8.76391, 53.04715 ], [ 8.76238, 53.04776 ], [ 8.76075, 53.05032 ], [ 8.76607, 53.0526 ], [ 8.76679, 53.05136 ], [ 8.77053, 53.05308 ], [ 8.77142, 53.04804 ], [ 8.77259, 53.04637 ], [ 8.77265, 53.04505 ], [ 8.77486, 53.04415 ], [ 8.77646, 53.04305 ], [ 8.77727, 53.04015 ], [ 8.77785, 53.0394 ], [ 8.78258, 53.03788 ], [ 8.78584, 53.03843 ], [ 8.78837, 53.03742 ], [ 8.78976, 53.03732 ], [ 8.79395, 53.0354 ], [ 8.80885, 53.031 ], [ 8.80993, 53.03012 ], [ 8.81045, 53.02881 ], [ 8.81567, 53.02636 ], [ 8.81718, 53.02487 ], [ 8.81775, 53.02247 ], [ 8.82206, 53.02085 ], [ 8.82424, 53.02052 ], [ 8.8294, 53.02126 ], [ 8.83089, 53.02121 ], [ 8.83239, 53.02075 ], [ 8.83406, 53.01961 ], [ 8.83816, 53.01813 ], [ 8.84046, 53.02005 ], [ 8.84061, 53.02074 ], [ 8.84312, 53.02163 ], [ 8.84421, 53.02252 ], [ 8.84465, 53.02363 ], [ 8.84565, 53.02428 ], [ 8.84683, 53.02445 ], [ 8.84935, 53.02405 ], [ 8.84986, 53.02309 ], [ 8.84945, 53.02168 ], [ 8.8488, 53.02085 ], [ 8.84868, 53.01967 ], [ 8.84781, 53.01789 ], [ 8.84728, 53.01781 ], [ 8.84797, 53.01654 ], [ 8.85078, 53.01658 ], [ 8.85149, 53.0177 ], [ 8.85145, 53.01888 ], [ 8.8528, 53.02045 ], [ 8.85446, 53.02061 ], [ 8.85489, 53.02109 ], [ 8.85785, 53.02169 ], [ 8.86195, 53.02154 ], [ 8.8641, 53.02197 ], [ 8.86678, 53.02178 ], [ 8.86913, 53.02475 ], [ 8.86721, 53.02572 ], [ 8.86499, 53.02772 ], [ 8.8646, 53.02865 ], [ 8.86449, 53.03097 ], [ 8.86394, 53.03346 ], [ 8.86271, 53.03419 ], [ 8.86197, 53.03565 ], [ 8.86291, 53.03965 ], [ 8.86341, 53.04063 ], [ 8.86633, 53.0407 ], [ 8.86527, 53.03539 ], [ 8.86559, 53.0343 ], [ 8.86685, 53.03278 ], [ 8.86863, 53.03147 ], [ 8.87718, 53.02748 ], [ 8.88398, 53.02353 ], [ 8.88725, 53.0209 ], [ 8.89082, 53.01577 ], [ 8.89298, 53.01418 ], [ 8.89407, 53.01362 ], [ 8.89705, 53.01291 ], [ 8.90318, 53.01265 ], [ 8.91608, 53.01116 ], [ 8.9177, 53.01332 ], [ 8.92139, 53.01215 ], [ 8.92178, 53.01482 ], [ 8.92852, 53.01285 ], [ 8.92879, 53.01408 ], [ 8.93585, 53.01359 ], [ 8.93825, 53.02479 ], [ 8.94331, 53.02441 ], [ 8.94576, 53.02487 ], [ 8.94634, 53.02591 ], [ 8.94479, 53.02749 ], [ 8.94614, 53.02922 ], [ 8.94578, 53.03061 ], [ 8.94662, 53.03086 ], [ 8.94878, 53.03062 ], [ 8.95113, 53.03143 ], [ 8.95172, 53.03332 ], [ 8.95295, 53.03371 ], [ 8.95318, 53.03347 ], [ 8.95363, 53.03361 ], [ 8.95381, 53.03401 ], [ 8.96353, 53.03711 ], [ 8.96542, 53.03636 ], [ 8.96652, 53.03666 ], [ 8.96822, 53.03791 ], [ 8.97124, 53.03923 ], [ 8.9777, 53.04541 ], [ 8.9803, 53.04683 ], [ 8.97657, 53.0515 ], [ 8.9736, 53.05118 ], [ 8.97095, 53.05582 ], [ 8.96798, 53.05769 ], [ 8.96602, 53.05749 ], [ 8.96554, 53.05856 ], [ 8.96373, 53.05999 ], [ 8.96476, 53.06225 ], [ 8.96634, 53.06308 ], [ 8.96628, 53.06407 ], [ 8.96441, 53.06644 ], [ 8.96405, 53.06914 ], [ 8.96335, 53.0701 ], [ 8.96483, 53.07129 ], [ 8.96362, 53.0715 ], [ 8.96353, 53.07183 ], [ 8.96355, 53.07238 ], [ 8.96445, 53.07283 ], [ 8.96405, 53.07434 ], [ 8.96479, 53.07661 ], [ 8.96419, 53.07878 ], [ 8.9642, 53.08026 ], [ 8.96596, 53.08272 ], [ 8.96232, 53.08471 ], [ 8.96112, 53.08504 ], [ 8.96341, 53.08775 ], [ 8.96307, 53.08786 ], [ 8.96423, 53.08926 ], [ 8.96565, 53.08994 ], [ 8.96829, 53.09059 ], [ 8.97432, 53.09138 ], [ 8.98348, 53.09333 ], [ 8.98508, 53.09403 ], [ 8.98646, 53.09544 ], [ 8.99083, 53.0966 ], [ 8.98953, 53.09841 ], [ 8.98515, 53.09756 ], [ 8.98326, 53.09664 ], [ 8.98176, 53.09639 ], [ 8.97859, 53.09844 ], [ 8.979, 53.09956 ], [ 8.97035, 53.10168 ], [ 8.96902, 53.10064 ], [ 8.96747, 53.10069 ], [ 8.96612, 53.10115 ], [ 8.96324, 53.10043 ], [ 8.96234, 53.10147 ], [ 8.96128, 53.10404 ], [ 8.96113, 53.10619 ], [ 8.96073, 53.10669 ], [ 8.95998, 53.10665 ], [ 8.95941, 53.10878 ], [ 8.95776, 53.11104 ], [ 8.95532, 53.11269 ], [ 8.95141, 53.11366 ], [ 8.94989, 53.11437 ], [ 8.94724, 53.11619 ], [ 8.94942, 53.11772 ], [ 8.95398, 53.11869 ], [ 8.95848, 53.11888 ], [ 8.96031, 53.1197 ], [ 8.9623, 53.11984 ], [ 8.96667, 53.12202 ], [ 8.97305, 53.12251 ], [ 8.9755, 53.12334 ], [ 8.97809, 53.12357 ], [ 8.98186, 53.12533 ], [ 8.98328, 53.12563 ], [ 8.98058, 53.12817 ], [ 8.97862, 53.13078 ], [ 8.97522, 53.13168 ], [ 8.97077, 53.13397 ], [ 8.96092, 53.14177 ], [ 8.95647, 53.14731 ], [ 8.9469, 53.14989 ], [ 8.94746, 53.15039 ], [ 8.9459, 53.15087 ], [ 8.94543, 53.15174 ], [ 8.94479, 53.15215 ], [ 8.94268, 53.15239 ], [ 8.94229, 53.15184 ], [ 8.94118, 53.15182 ], [ 8.94025, 53.15216 ], [ 8.93986, 53.15137 ], [ 8.93994, 53.15081 ], [ 8.93699, 53.15118 ], [ 8.93577, 53.14983 ], [ 8.93456, 53.14996 ], [ 8.9328, 53.14879 ], [ 8.9319, 53.14923 ], [ 8.93106, 53.14775 ], [ 8.92096, 53.14453 ], [ 8.92273, 53.14335 ], [ 8.92271, 53.14254 ], [ 8.92042, 53.14057 ], [ 8.91677, 53.13929 ], [ 8.91793, 53.13831 ], [ 8.91398, 53.13468 ], [ 8.91214, 53.13254 ], [ 8.90895, 53.13298 ], [ 8.90904, 53.13341 ], [ 8.90734, 53.13542 ], [ 8.90672, 53.13737 ], [ 8.90546, 53.13808 ], [ 8.90316, 53.13846 ], [ 8.89779, 53.13403 ], [ 8.89013, 53.13384 ], [ 8.8861, 53.13292 ], [ 8.88317, 53.13348 ], [ 8.87434, 53.13339 ], [ 8.86322, 53.13142 ], [ 8.86196, 53.13192 ], [ 8.86058, 53.13493 ], [ 8.86061, 53.13572 ], [ 8.86195, 53.13737 ], [ 8.86153, 53.13798 ], [ 8.86023, 53.13819 ], [ 8.85877, 53.13749 ], [ 8.85805, 53.13822 ], [ 8.8561, 53.13842 ], [ 8.85594, 53.13911 ], [ 8.85752, 53.13981 ], [ 8.85761, 53.14022 ], [ 8.85571, 53.14007 ], [ 8.85486, 53.14031 ], [ 8.85293, 53.14232 ], [ 8.85302, 53.1437 ], [ 8.85029, 53.14356 ], [ 8.84489, 53.1458 ], [ 8.84476, 53.14607 ], [ 8.84542, 53.14724 ], [ 8.84517, 53.1475 ], [ 8.84114, 53.14776 ], [ 8.84095, 53.14805 ], [ 8.84127, 53.15201 ], [ 8.84045, 53.1545 ], [ 8.84006, 53.15661 ], [ 8.84022, 53.15743 ], [ 8.83986, 53.15785 ], [ 8.83777, 53.15791 ], [ 8.83484, 53.1568 ], [ 8.83143, 53.15973 ], [ 8.82796, 53.16069 ], [ 8.82694, 53.16129 ], [ 8.82687, 53.16181 ], [ 8.82733, 53.16226 ], [ 8.83005, 53.16328 ], [ 8.83001, 53.16391 ], [ 8.82926, 53.16428 ], [ 8.82598, 53.16312 ], [ 8.82178, 53.16364 ], [ 8.81855, 53.16181 ], [ 8.81718, 53.16225 ], [ 8.81603, 53.16355 ], [ 8.81473, 53.16401 ], [ 8.81402, 53.16353 ], [ 8.81347, 53.16137 ], [ 8.81264, 53.16115 ], [ 8.81193, 53.16127 ], [ 8.81005, 53.16285 ], [ 8.80896, 53.16305 ], [ 8.8084, 53.16266 ], [ 8.80794, 53.16071 ], [ 8.80708, 53.16021 ], [ 8.80623, 53.16039 ], [ 8.80511, 53.16173 ], [ 8.80405, 53.16219 ], [ 8.80087, 53.16086 ], [ 8.79867, 53.16066 ], [ 8.7978, 53.16088 ], [ 8.79742, 53.16144 ], [ 8.79814, 53.16281 ], [ 8.79782, 53.16342 ], [ 8.79718, 53.16361 ], [ 8.79528, 53.16155 ], [ 8.79444, 53.16126 ], [ 8.79368, 53.16155 ], [ 8.79233, 53.16313 ], [ 8.79098, 53.16329 ], [ 8.79045, 53.16104 ], [ 8.78961, 53.16032 ], [ 8.78868, 53.16021 ], [ 8.78771, 53.16073 ], [ 8.78725, 53.16245 ], [ 8.78639, 53.16311 ], [ 8.78216, 53.16344 ], [ 8.78011, 53.16179 ], [ 8.77627, 53.16184 ], [ 8.77552, 53.16152 ], [ 8.77541, 53.16113 ], [ 8.77717, 53.1598 ], [ 8.77761, 53.15907 ], [ 8.7771, 53.15834 ], [ 8.77616, 53.1582 ], [ 8.77086, 53.15944 ], [ 8.76528, 53.16225 ], [ 8.76307, 53.16436 ], [ 8.76169, 53.16518 ], [ 8.75966, 53.16499 ], [ 8.75589, 53.16351 ], [ 8.75512, 53.16347 ], [ 8.74912, 53.16579 ], [ 8.74804, 53.16594 ], [ 8.7442, 53.16399 ], [ 8.74275, 53.16377 ], [ 8.74157, 53.16404 ], [ 8.74069, 53.16507 ], [ 8.74084, 53.16661 ], [ 8.74138, 53.16849 ], [ 8.74347, 53.17117 ], [ 8.74329, 53.17178 ], [ 8.73932, 53.17087 ], [ 8.73689, 53.17333 ], [ 8.73551, 53.17314 ], [ 8.73566, 53.17255 ], [ 8.73517, 53.17243 ], [ 8.7345, 53.1729 ], [ 8.73424, 53.17347 ], [ 8.73444, 53.17382 ], [ 8.73206, 53.17448 ], [ 8.73138, 53.17532 ], [ 8.73046, 53.17539 ], [ 8.73059, 53.17645 ], [ 8.73011, 53.17822 ], [ 8.72971, 53.17959 ], [ 8.72895, 53.18061 ], [ 8.71977, 53.18173 ], [ 8.71621, 53.18243 ], [ 8.71427, 53.18326 ], [ 8.71293, 53.18091 ], [ 8.71128, 53.17995 ], [ 8.71008, 53.1803 ], [ 8.71069, 53.17899 ], [ 8.71021, 53.17822 ], [ 8.70982, 53.1779 ], [ 8.70937, 53.17814 ], [ 8.70705, 53.17702 ], [ 8.70545, 53.17569 ], [ 8.70194, 53.17786 ], [ 8.701, 53.17815 ], [ 8.70169, 53.17869 ], [ 8.70099, 53.17942 ], [ 8.7012, 53.18006 ], [ 8.70272, 53.1812 ], [ 8.70082, 53.1833 ], [ 8.7004, 53.18392 ], [ 8.70071, 53.18404 ], [ 8.69942, 53.18549 ], [ 8.69834, 53.18365 ], [ 8.69683, 53.18268 ], [ 8.69151, 53.18138 ], [ 8.68743, 53.17902 ], [ 8.6839, 53.17829 ], [ 8.67972, 53.17816 ], [ 8.67849, 53.17747 ], [ 8.67986, 53.17631 ], [ 8.67584, 53.17511 ], [ 8.67475, 53.17889 ], [ 8.67121, 53.17899 ], [ 8.67038, 53.17715 ], [ 8.66629, 53.17707 ], [ 8.66619, 53.17649 ], [ 8.66532, 53.17646 ], [ 8.66582, 53.17573 ], [ 8.664, 53.17751 ], [ 8.66277, 53.1782 ], [ 8.66286, 53.17771 ], [ 8.66212, 53.17744 ], [ 8.66159, 53.17767 ], [ 8.65974, 53.17756 ], [ 8.65937, 53.17717 ], [ 8.65896, 53.17736 ], [ 8.65827, 53.17893 ], [ 8.65816, 53.18121 ], [ 8.65757, 53.18223 ], [ 8.65368, 53.1832 ], [ 8.65312, 53.18438 ], [ 8.65228, 53.18418 ], [ 8.65252, 53.18487 ], [ 8.65331, 53.18558 ], [ 8.65292, 53.18581 ], [ 8.65301, 53.18607 ], [ 8.6555, 53.18635 ], [ 8.65497, 53.18715 ], [ 8.65207, 53.18851 ], [ 8.64905, 53.18877 ], [ 8.64775, 53.18786 ], [ 8.642, 53.18966 ], [ 8.64241, 53.19003 ], [ 8.63758, 53.19175 ], [ 8.63881, 53.19297 ], [ 8.63658, 53.19396 ], [ 8.63766, 53.19502 ], [ 8.63615, 53.1957 ], [ 8.63578, 53.19545 ], [ 8.63429, 53.19607 ], [ 8.63412, 53.19567 ], [ 8.63213, 53.19545 ], [ 8.62962, 53.19675 ], [ 8.62933, 53.19786 ], [ 8.62795, 53.19829 ], [ 8.62606, 53.19711 ], [ 8.62166, 53.19711 ], [ 8.62223, 53.19527 ], [ 8.61559, 53.19455 ], [ 8.60872, 53.19323 ], [ 8.6091, 53.18862 ], [ 8.60694, 53.18818 ], [ 8.60683, 53.18767 ], [ 8.60408, 53.18714 ], [ 8.60423, 53.1867 ], [ 8.60351, 53.18658 ], [ 8.60342, 53.18696 ], [ 8.59984, 53.18654 ], [ 8.59995, 53.18629 ], [ 8.59904, 53.18599 ], [ 8.59923, 53.18583 ], [ 8.59747, 53.18555 ], [ 8.59764, 53.18489 ], [ 8.59489, 53.1849 ], [ 8.5927, 53.18393 ], [ 8.59306, 53.18418 ], [ 8.59259, 53.18478 ], [ 8.59207, 53.18474 ], [ 8.59149, 53.18673 ], [ 8.59072, 53.18673 ], [ 8.59273, 53.18758 ], [ 8.59046, 53.18808 ], [ 8.59014, 53.18907 ], [ 8.58879, 53.18988 ], [ 8.58874, 53.18921 ], [ 8.58405, 53.18953 ], [ 8.58431, 53.19038 ], [ 8.58249, 53.19071 ], [ 8.58129, 53.19004 ], [ 8.58049, 53.19004 ], [ 8.58018, 53.19097 ], [ 8.58126, 53.19165 ], [ 8.58132, 53.19234 ], [ 8.58016, 53.19309 ], [ 8.58134, 53.19424 ], [ 8.58289, 53.19513 ], [ 8.58322, 53.19579 ], [ 8.58502, 53.19609 ], [ 8.58418, 53.19695 ], [ 8.58239, 53.19761 ], [ 8.58134, 53.1984 ], [ 8.58163, 53.20014 ], [ 8.58467, 53.20157 ], [ 8.58781, 53.20233 ], [ 8.58819, 53.20269 ], [ 8.58809, 53.2031 ], [ 8.58899, 53.20342 ], [ 8.58911, 53.20383 ], [ 8.59015, 53.20401 ], [ 8.5925, 53.20533 ], [ 8.59406, 53.20545 ], [ 8.59693, 53.20765 ], [ 8.59616, 53.20827 ], [ 8.59757, 53.20878 ], [ 8.59833, 53.21014 ], [ 8.59926, 53.21071 ], [ 8.59892, 53.21266 ], [ 8.59855, 53.21292 ], [ 8.57893, 53.21722 ], [ 8.57216, 53.21082 ], [ 8.56621, 53.21365 ], [ 8.55402, 53.20778 ], [ 8.54667, 53.21297 ], [ 8.54359, 53.21307 ], [ 8.54072, 53.21536 ], [ 8.53711, 53.21456 ], [ 8.5359, 53.21531 ], [ 8.53021, 53.21588 ], [ 8.52599, 53.22191 ], [ 8.52325, 53.2216 ], [ 8.52302, 53.22312 ], [ 8.52056, 53.2229 ], [ 8.52101, 53.22643 ], [ 8.51874, 53.22609 ], [ 8.51733, 53.22853 ], [ 8.5118, 53.22759 ], [ 8.51138, 53.22781 ], [ 8.50684, 53.22767 ], [ 8.50634, 53.22816 ], [ 8.50586, 53.22792 ], [ 8.5047, 53.22891 ], [ 8.49227, 53.22723 ], [ 8.49149, 53.22671 ], [ 8.49087, 53.22692 ], [ 8.48974, 53.22664 ], [ 8.48949, 53.22686 ], [ 8.4898, 53.22809 ], [ 8.48877, 53.22833 ], [ 8.48762, 53.2278 ], [ 8.48765, 53.22757 ], [ 8.48159, 53.22646 ], [ 8.48273, 53.22358 ], [ 8.49103, 53.21716 ], [ 8.49231, 53.21479 ], [ 8.49198, 53.21469 ], [ 8.49379, 53.2127 ], [ 8.49422, 53.21286 ], [ 8.49544, 53.21126 ], [ 8.49499, 53.21107 ], [ 8.49601, 53.20998 ], [ 8.49566, 53.20986 ], [ 8.49597, 53.20948 ], [ 8.4974, 53.2083 ], [ 8.49789, 53.20855 ], [ 8.49957, 53.20729 ], [ 8.49899, 53.2069 ], [ 8.5001, 53.20603 ], [ 8.50078, 53.20634 ], [ 8.50156, 53.2057 ], [ 8.50404, 53.2019 ], [ 8.5063, 53.20002 ], [ 8.51244, 53.19692 ], [ 8.51544, 53.198 ], [ 8.52293, 53.19245 ], [ 8.53395, 53.18685 ], [ 8.53971, 53.1859 ] ] ], [ [ [ 8.61337, 53.19737 ], [ 8.61213, 53.19622 ], [ 8.6155, 53.19457 ], [ 8.61668, 53.19576 ], [ 8.61337, 53.19737 ] ] ], [ [ [ 8.57406, 53.58001 ], [ 8.57114, 53.58256 ], [ 8.57061, 53.5823 ], [ 8.57023, 53.58264 ], [ 8.56504, 53.58336 ], [ 8.56403, 53.58125 ], [ 8.54719, 53.58386 ], [ 8.54323, 53.58899 ], [ 8.53945, 53.59295 ], [ 8.53991, 53.59413 ], [ 8.54225, 53.59696 ], [ 8.5412, 53.59709 ], [ 8.5399, 53.59668 ], [ 8.54068, 53.59734 ], [ 8.53748, 53.59842 ], [ 8.53615, 53.59687 ], [ 8.52222, 53.59106 ], [ 8.54689, 53.56496 ], [ 8.56172, 53.54881 ], [ 8.56906, 53.55155 ], [ 8.5644, 53.5565 ], [ 8.56396, 53.55985 ], [ 8.56437, 53.56035 ], [ 8.56548, 53.56041 ], [ 8.56554, 53.56075 ], [ 8.56609, 53.56097 ], [ 8.56601, 53.56124 ], [ 8.56752, 53.56205 ], [ 8.56881, 53.56327 ], [ 8.57373, 53.57359 ], [ 8.57499, 53.57359 ], [ 8.57473, 53.57528 ], [ 8.57564, 53.57738 ], [ 8.57611, 53.57747 ], [ 8.57674, 53.57823 ], [ 8.57643, 53.57852 ], [ 8.57675, 53.57878 ], [ 8.5762, 53.57942 ], [ 8.57406, 53.58001 ] ] ] ] } },
{ "type": "Feature", "properties": { "stadt": "Nürnberg" }, "geometry": { "type": "MultiPolygon", "coordinates": [ [ [ [ 11.11422, 49.36522 ], [ 11.11264, 49.36647 ], [ 11.11219, 49.36633 ], [ 11.11386, 49.36503 ], [ 11.11422, 49.36522 ] ] ], [ [ [ 11.25842, 49.41519 ], [ 11.2582, 49.41524 ], [ 11.25799, 49.41284 ], [ 11.25916, 49.40941 ], [ 11.26442, 49.41012 ], [ 11.26466, 49.41066 ], [ 11.26424, 49.41143 ], [ 11.264, 49.41325 ], [ 11.26231, 49.41644 ], [ 11.2826, 49.4166 ], [ 11.27998, 49.41936 ], [ 11.27492, 49.42581 ], [ 11.2709, 49.43308 ], [ 11.2698, 49.43428 ], [ 11.26885, 49.43453 ], [ 11.26835, 49.4361 ], [ 11.26874, 49.43682 ], [ 11.26845, 49.43774 ], [ 11.26878, 49.43785 ], [ 11.26815, 49.43996 ], [ 11.26646, 49.43989 ], [ 11.26634, 49.4406 ], [ 11.26293, 49.44097 ], [ 11.26108, 49.43996 ], [ 11.2563, 49.43912 ], [ 11.25612, 49.43946 ], [ 11.25547, 49.43958 ], [ 11.25555, 49.44036 ], [ 11.25499, 49.4404 ], [ 11.25497, 49.44008 ], [ 11.25263, 49.44014 ], [ 11.25232, 49.43963 ], [ 11.25185, 49.43972 ], [ 11.25192, 49.44032 ], [ 11.24867, 49.44077 ], [ 11.24858, 49.43994 ], [ 11.25108, 49.43947 ], [ 11.25112, 49.43879 ], [ 11.25108, 49.43819 ], [ 11.24983, 49.43763 ], [ 11.24981, 49.43707 ], [ 11.24922, 49.43706 ], [ 11.24918, 49.43638 ], [ 11.24873, 49.43582 ], [ 11.25147, 49.43529 ], [ 11.25158, 49.4348 ], [ 11.25234, 49.43469 ], [ 11.25286, 49.43242 ], [ 11.254, 49.43266 ], [ 11.25589, 49.43231 ], [ 11.2574, 49.42967 ], [ 11.25476, 49.42861 ], [ 11.25296, 49.42859 ], [ 11.25121, 49.42756 ], [ 11.24824, 49.42643 ], [ 11.25104, 49.42529 ], [ 11.25235, 49.42562 ], [ 11.25379, 49.42509 ], [ 11.25319, 49.42419 ], [ 11.25491, 49.42375 ], [ 11.25679, 49.42375 ], [ 11.25745, 49.42446 ], [ 11.26015, 49.42529 ], [ 11.26168, 49.41727 ], [ 11.25859, 49.41749 ], [ 11.25571, 49.41684 ], [ 11.25592, 49.41618 ], [ 11.25745, 49.41586 ], [ 11.25842, 49.41519 ] ] ], [ [ [ 10.99931, 49.44212 ], [ 10.99658, 49.44187 ], [ 10.99644, 49.44091 ], [ 10.99672, 49.43996 ], [ 10.99786, 49.43833 ], [ 10.99376, 49.43777 ], [ 10.9939, 49.43751 ], [ 10.99144, 49.43605 ], [ 10.99184, 49.43569 ], [ 10.99146, 49.43552 ], [ 10.99157, 49.43527 ], [ 10.99302, 49.43345 ], [ 10.99498, 49.43169 ], [ 10.99774, 49.43028 ], [ 10.9967, 49.42983 ], [ 10.99707, 49.42943 ], [ 10.99607, 49.42912 ], [ 10.99657, 49.42739 ], [ 10.99771, 49.42637 ], [ 10.99992, 49.42539 ], [ 11.0008, 49.42574 ], [ 11.00116, 49.42627 ], [ 11.00283, 49.42565 ], [ 11.00413, 49.42399 ], [ 11.00441, 49.42087 ], [ 11.00482, 49.41996 ], [ 11.00601, 49.41909 ], [ 11.00846, 49.41811 ], [ 11.01552, 49.41721 ], [ 11.01576, 49.41769 ], [ 11.01689, 49.41743 ], [ 11.01686, 49.41837 ], [ 11.01806, 49.4186 ], [ 11.01772, 49.4195 ], [ 11.01933, 49.41969 ], [ 11.02037, 49.41959 ], [ 11.02085, 49.41913 ], [ 11.02053, 49.41863 ], [ 11.02121, 49.41818 ], [ 11.0217, 49.41798 ], [ 11.02253, 49.41823 ], [ 11.02217, 49.41746 ], [ 11.02323, 49.41706 ], [ 11.02266, 49.41688 ], [ 11.0222, 49.4157 ], [ 11.02143, 49.41595 ], [ 11.02102, 49.41535 ], [ 11.02058, 49.41544 ], [ 11.01939, 49.41476 ], [ 11.01978, 49.41373 ], [ 11.01886, 49.41403 ], [ 11.01849, 49.41321 ], [ 11.01872, 49.41274 ], [ 11.01818, 49.41229 ], [ 11.01734, 49.41254 ], [ 11.01628, 49.41221 ], [ 11.01545, 49.41152 ], [ 11.01538, 49.41078 ], [ 11.01646, 49.40921 ], [ 11.01681, 49.40964 ], [ 11.01698, 49.41091 ], [ 11.02022, 49.41128 ], [ 11.01959, 49.41032 ], [ 11.01975, 49.40995 ], [ 11.01861, 49.40938 ], [ 11.01731, 49.40951 ], [ 11.01619, 49.40799 ], [ 11.01775, 49.4069 ], [ 11.01852, 49.40778 ], [ 11.02353, 49.40463 ], [ 11.02377, 49.40411 ], [ 11.0251, 49.40436 ], [ 11.02596, 49.40314 ], [ 11.02578, 49.4028 ], [ 11.02425, 49.40221 ], [ 11.0242, 49.40184 ], [ 11.02358, 49.40182 ], [ 11.02375, 49.40114 ], [ 11.0245, 49.40114 ], [ 11.02467, 49.40074 ], [ 11.02482, 49.39824 ], [ 11.02509, 49.39806 ], [ 11.02427, 49.3979 ], [ 11.02414, 49.39654 ], [ 11.02346, 49.39653 ], [ 11.02301, 49.3953 ], [ 11.02171, 49.3952 ], [ 11.0243, 49.39391 ], [ 11.01622, 49.39319 ], [ 11.01279, 49.3925 ], [ 11.01309, 49.3921 ], [ 11.01287, 49.391 ], [ 11.01178, 49.38894 ], [ 11.00945, 49.38903 ], [ 11.0092, 49.38788 ], [ 11.00837, 49.38704 ], [ 11.00269, 49.38714 ], [ 11.00265, 49.38861 ], [ 10.99869, 49.38817 ], [ 10.99896, 49.38786 ], [ 10.99802, 49.388 ], [ 10.99654, 49.38638 ], [ 10.99745, 49.38629 ], [ 10.9979, 49.38464 ], [ 10.99759, 49.38464 ], [ 10.99759, 49.38337 ], [ 10.99617, 49.38296 ], [ 10.99424, 49.38117 ], [ 10.99347, 49.3825 ], [ 10.99249, 49.38239 ], [ 10.99434, 49.37714 ], [ 10.99356, 49.37709 ], [ 10.99371, 49.3766 ], [ 10.99751, 49.37705 ], [ 10.99781, 49.37603 ], [ 10.99975, 49.37573 ], [ 11.00046, 49.37531 ], [ 11.00039, 49.37457 ], [ 11.00076, 49.37454 ], [ 11.00176, 49.37275 ], [ 11.00455, 49.37277 ], [ 11.00721, 49.37342 ], [ 11.00884, 49.37279 ], [ 11.00865, 49.37173 ], [ 11.01463, 49.37042 ], [ 11.01451, 49.37014 ], [ 11.01633, 49.3694 ], [ 11.01872, 49.37147 ], [ 11.02359, 49.37032 ], [ 11.02655, 49.37107 ], [ 11.02758, 49.36935 ], [ 11.02823, 49.36958 ], [ 11.02846, 49.36937 ], [ 11.02941, 49.37005 ], [ 11.03025, 49.36952 ], [ 11.03158, 49.37085 ], [ 11.03112, 49.37103 ], [ 11.03211, 49.37217 ], [ 11.03337, 49.37186 ], [ 11.0335, 49.37085 ], [ 11.03486, 49.37017 ], [ 11.03618, 49.36876 ], [ 11.03952, 49.36734 ], [ 11.04397, 49.36372 ], [ 11.04429, 49.36317 ], [ 11.04415, 49.36256 ], [ 11.04474, 49.36205 ], [ 11.04337, 49.36111 ], [ 11.04525, 49.36022 ], [ 11.04521, 49.35963 ], [ 11.04445, 49.35931 ], [ 11.04454, 49.35849 ], [ 11.04375, 49.35812 ], [ 11.04385, 49.35681 ], [ 11.04304, 49.35665 ], [ 11.04265, 49.35714 ], [ 11.04119, 49.35641 ], [ 11.04047, 49.35687 ], [ 11.03835, 49.35536 ], [ 11.03901, 49.3547 ], [ 11.03992, 49.35493 ], [ 11.0393, 49.3556 ], [ 11.03991, 49.3561 ], [ 11.04047, 49.35623 ], [ 11.04103, 49.35591 ], [ 11.04033, 49.35547 ], [ 11.04165, 49.35433 ], [ 11.04103, 49.3541 ], [ 11.04225, 49.35258 ], [ 11.04086, 49.35227 ], [ 11.03823, 49.35231 ], [ 11.03873, 49.35181 ], [ 11.03864, 49.35104 ], [ 11.04155, 49.35089 ], [ 11.04168, 49.35126 ], [ 11.04115, 49.35144 ], [ 11.0413, 49.35216 ], [ 11.04298, 49.35094 ], [ 11.04455, 49.35236 ], [ 11.04545, 49.35267 ], [ 11.04683, 49.35002 ], [ 11.04766, 49.34677 ], [ 11.04789, 49.3468 ], [ 11.04895, 49.3451 ], [ 11.05036, 49.34641 ], [ 11.05096, 49.34622 ], [ 11.05116, 49.34578 ], [ 11.05165, 49.34589 ], [ 11.05176, 49.34556 ], [ 11.05256, 49.34568 ], [ 11.05271, 49.34507 ], [ 11.05144, 49.34458 ], [ 11.05153, 49.34429 ], [ 11.05232, 49.34413 ], [ 11.05404, 49.34428 ], [ 11.05396, 49.34343 ], [ 11.05262, 49.34307 ], [ 11.05349, 49.34183 ], [ 11.05415, 49.34247 ], [ 11.05515, 49.34238 ], [ 11.05561, 49.34158 ], [ 11.05785, 49.3402 ], [ 11.06002, 49.33951 ], [ 11.06101, 49.3395 ], [ 11.06106, 49.33984 ], [ 11.06234, 49.34004 ], [ 11.06441, 49.33955 ], [ 11.06514, 49.33828 ], [ 11.0667, 49.3375 ], [ 11.06728, 49.3365 ], [ 11.0661, 49.33543 ], [ 11.06626, 49.33385 ], [ 11.06701, 49.33381 ], [ 11.0685, 49.33434 ], [ 11.06945, 49.3341 ], [ 11.06911, 49.3324 ], [ 11.06958, 49.33143 ], [ 11.07304, 49.33265 ], [ 11.07259, 49.33358 ], [ 11.07129, 49.33363 ], [ 11.07115, 49.33488 ], [ 11.07268, 49.33562 ], [ 11.07322, 49.33491 ], [ 11.07472, 49.33486 ], [ 11.07451, 49.3362 ], [ 11.07363, 49.33743 ], [ 11.07231, 49.33715 ], [ 11.07174, 49.33766 ], [ 11.07474, 49.33932 ], [ 11.0785, 49.33779 ], [ 11.07873, 49.33939 ], [ 11.08306, 49.33941 ], [ 11.08694, 49.34088 ], [ 11.08667, 49.34108 ], [ 11.08721, 49.34156 ], [ 11.09117, 49.34244 ], [ 11.0913, 49.34317 ], [ 11.09187, 49.34322 ], [ 11.09183, 49.34407 ], [ 11.09058, 49.34473 ], [ 11.09053, 49.34593 ], [ 11.08844, 49.34551 ], [ 11.08814, 49.34665 ], [ 11.08864, 49.34675 ], [ 11.08809, 49.34786 ], [ 11.08957, 49.34823 ], [ 11.09101, 49.34818 ], [ 11.09127, 49.34928 ], [ 11.09158, 49.34931 ], [ 11.0919, 49.34998 ], [ 11.0932, 49.3498 ], [ 11.09358, 49.34851 ], [ 11.09508, 49.34876 ], [ 11.09455, 49.35025 ], [ 11.09568, 49.35074 ], [ 11.09689, 49.34909 ], [ 11.10228, 49.34972 ], [ 11.10216, 49.35078 ], [ 11.10466, 49.35228 ], [ 11.10482, 49.35189 ], [ 11.10672, 49.35292 ], [ 11.10956, 49.35186 ], [ 11.11003, 49.35238 ], [ 11.10881, 49.35285 ], [ 11.10861, 49.35348 ], [ 11.10998, 49.35374 ], [ 11.11215, 49.35572 ], [ 11.11214, 49.35656 ], [ 11.11402, 49.35601 ], [ 11.11371, 49.35677 ], [ 11.11522, 49.35691 ], [ 11.11531, 49.35764 ], [ 11.11972, 49.35745 ], [ 11.12039, 49.35783 ], [ 11.12221, 49.35744 ], [ 11.1221, 49.3582 ], [ 11.1203, 49.3582 ], [ 11.12086, 49.35901 ], [ 11.12063, 49.35908 ], [ 11.12079, 49.35958 ], [ 11.12223, 49.3596 ], [ 11.12154, 49.36101 ], [ 11.12153, 49.36212 ], [ 11.11755, 49.36248 ], [ 11.11659, 49.36207 ], [ 11.11418, 49.36267 ], [ 11.1159, 49.36396 ], [ 11.115, 49.36434 ], [ 11.11247, 49.36434 ], [ 11.11218, 49.36407 ], [ 11.11154, 49.36433 ], [ 11.11129, 49.3638 ], [ 11.10948, 49.36488 ], [ 11.11, 49.36589 ], [ 11.11066, 49.36618 ], [ 11.10924, 49.36759 ], [ 11.10827, 49.36803 ], [ 11.10879, 49.36871 ], [ 11.1086, 49.36886 ], [ 11.10802, 49.36888 ], [ 11.10782, 49.36819 ], [ 11.10722, 49.36779 ], [ 11.10777, 49.36707 ], [ 11.10623, 49.36772 ], [ 11.10592, 49.36817 ], [ 11.10517, 49.36822 ], [ 11.10468, 49.36882 ], [ 11.10497, 49.36935 ], [ 11.10569, 49.36899 ], [ 11.10576, 49.36939 ], [ 11.10331, 49.37053 ], [ 11.10325, 49.37085 ], [ 11.09999, 49.37213 ], [ 11.09989, 49.37247 ], [ 11.10162, 49.37248 ], [ 11.10647, 49.37053 ], [ 11.10707, 49.37238 ], [ 11.11103, 49.37225 ], [ 11.11214, 49.3711 ], [ 11.11368, 49.37052 ], [ 11.11511, 49.3692 ], [ 11.11478, 49.36897 ], [ 11.11618, 49.36841 ], [ 11.11643, 49.36866 ], [ 11.12128, 49.36781 ], [ 11.12282, 49.36862 ], [ 11.12109, 49.36993 ], [ 11.12067, 49.36982 ], [ 11.1197, 49.3707 ], [ 11.1196, 49.37122 ], [ 11.11566, 49.37196 ], [ 11.1125, 49.37317 ], [ 11.11107, 49.37553 ], [ 11.11028, 49.37623 ], [ 11.10661, 49.37787 ], [ 11.10399, 49.37791 ], [ 11.1005, 49.37705 ], [ 11.10364, 49.37936 ], [ 11.10523, 49.38224 ], [ 11.10817, 49.38446 ], [ 11.11005, 49.38672 ], [ 11.11037, 49.38668 ], [ 11.11088, 49.3882 ], [ 11.11147, 49.38863 ], [ 11.1106, 49.38925 ], [ 11.11065, 49.39064 ], [ 11.11175, 49.39058 ], [ 11.11205, 49.39118 ], [ 11.11203, 49.39155 ], [ 11.11132, 49.39179 ], [ 11.11081, 49.39248 ], [ 11.1128, 49.39203 ], [ 11.11389, 49.39122 ], [ 11.11608, 49.39061 ], [ 11.11698, 49.39082 ], [ 11.1194, 49.39031 ], [ 11.12379, 49.39071 ], [ 11.12783, 49.39052 ], [ 11.1286, 49.38981 ], [ 11.12922, 49.38989 ], [ 11.12994, 49.39074 ], [ 11.12889, 49.39115 ], [ 11.12946, 49.39163 ], [ 11.13315, 49.39183 ], [ 11.13583, 49.39106 ], [ 11.13959, 49.38876 ], [ 11.14345, 49.38751 ], [ 11.14567, 49.38721 ], [ 11.15346, 49.38747 ], [ 11.1585, 49.38924 ], [ 11.16472, 49.39047 ], [ 11.16575, 49.39043 ], [ 11.16741, 49.38928 ], [ 11.16889, 49.38897 ], [ 11.16944, 49.38853 ], [ 11.16986, 49.38866 ], [ 11.17056, 49.38808 ], [ 11.17218, 49.38796 ], [ 11.17882, 49.38835 ], [ 11.17878, 49.3892 ], [ 11.18939, 49.38989 ], [ 11.18566, 49.39594 ], [ 11.17911, 49.40842 ], [ 11.17723, 49.41105 ], [ 11.17517, 49.41286 ], [ 11.17608, 49.41365 ], [ 11.18535, 49.40852 ], [ 11.19036, 49.40682 ], [ 11.19504, 49.40582 ], [ 11.195, 49.40638 ], [ 11.1906, 49.40722 ], [ 11.18572, 49.40888 ], [ 11.17648, 49.414 ], [ 11.17911, 49.41556 ], [ 11.17953, 49.41529 ], [ 11.18053, 49.41589 ], [ 11.18096, 49.41564 ], [ 11.18126, 49.41583 ], [ 11.18088, 49.41614 ], [ 11.18174, 49.41667 ], [ 11.18371, 49.41602 ], [ 11.18414, 49.41644 ], [ 11.19528, 49.41483 ], [ 11.19765, 49.41405 ], [ 11.19966, 49.41634 ], [ 11.20676, 49.41782 ], [ 11.2066, 49.41825 ], [ 11.20799, 49.41857 ], [ 11.20714, 49.42024 ], [ 11.20735, 49.42044 ], [ 11.21289, 49.42046 ], [ 11.21351, 49.42078 ], [ 11.21167, 49.42236 ], [ 11.20972, 49.42188 ], [ 11.20853, 49.4222 ], [ 11.2044, 49.42126 ], [ 11.20059, 49.42196 ], [ 11.20137, 49.42295 ], [ 11.20052, 49.42336 ], [ 11.19723, 49.42455 ], [ 11.19431, 49.4244 ], [ 11.19358, 49.4248 ], [ 11.19335, 49.4261 ], [ 11.19361, 49.42813 ], [ 11.19339, 49.42818 ], [ 11.17973, 49.42868 ], [ 11.17821, 49.42308 ], [ 11.17832, 49.42241 ], [ 11.18088, 49.41936 ], [ 11.181, 49.4186 ], [ 11.18144, 49.41837 ], [ 11.1814, 49.41786 ], [ 11.17847, 49.41611 ], [ 11.1788, 49.41581 ], [ 11.17671, 49.41459 ], [ 11.17573, 49.41514 ], [ 11.17464, 49.41508 ], [ 11.17032, 49.41729 ], [ 11.15017, 49.42463 ], [ 11.14164, 49.42903 ], [ 11.13333, 49.43206 ], [ 11.13344, 49.43225 ], [ 11.13258, 49.43232 ], [ 11.13217, 49.43315 ], [ 11.13513, 49.43679 ], [ 11.13616, 49.4385 ], [ 11.13091, 49.43955 ], [ 11.13141, 49.43987 ], [ 11.13091, 49.44025 ], [ 11.12891, 49.44037 ], [ 11.12954, 49.44104 ], [ 11.12845, 49.44227 ], [ 11.12923, 49.44245 ], [ 11.12986, 49.4419 ], [ 11.13009, 49.44198 ], [ 11.12991, 49.44225 ], [ 11.13042, 49.44247 ], [ 11.13125, 49.44184 ], [ 11.13368, 49.44284 ], [ 11.13297, 49.44357 ], [ 11.1339, 49.44401 ], [ 11.13392, 49.44501 ], [ 11.13712, 49.44535 ], [ 11.13722, 49.44683 ], [ 11.14076, 49.44503 ], [ 11.14283, 49.44437 ], [ 11.14826, 49.44358 ], [ 11.15048, 49.44373 ], [ 11.15219, 49.4442 ], [ 11.15523, 49.44664 ], [ 11.15303, 49.44878 ], [ 11.15286, 49.45332 ], [ 11.15159, 49.45346 ], [ 11.14589, 49.4523 ], [ 11.14213, 49.45093 ], [ 11.13898, 49.4508 ], [ 11.13674, 49.45287 ], [ 11.13842, 49.45359 ], [ 11.13993, 49.45248 ], [ 11.14087, 49.45241 ], [ 11.14385, 49.45378 ], [ 11.14421, 49.45449 ], [ 11.14239, 49.45624 ], [ 11.14826, 49.4589 ], [ 11.15164, 49.45782 ], [ 11.15295, 49.45844 ], [ 11.15735, 49.4586 ], [ 11.16116, 49.45915 ], [ 11.16167, 49.45998 ], [ 11.16336, 49.46097 ], [ 11.17222, 49.46185 ], [ 11.17211, 49.46296 ], [ 11.1733, 49.46426 ], [ 11.17506, 49.46419 ], [ 11.17546, 49.46472 ], [ 11.17674, 49.46512 ], [ 11.18611, 49.46762 ], [ 11.18846, 49.46749 ], [ 11.18529, 49.46969 ], [ 11.18355, 49.46954 ], [ 11.1837, 49.47092 ], [ 11.1811, 49.47269 ], [ 11.17955, 49.47454 ], [ 11.18028, 49.47552 ], [ 11.17987, 49.47597 ], [ 11.17774, 49.47542 ], [ 11.17737, 49.47577 ], [ 11.17472, 49.47558 ], [ 11.1727, 49.4762 ], [ 11.15029, 49.4731 ], [ 11.14986, 49.47475 ], [ 11.15131, 49.47776 ], [ 11.14795, 49.47931 ], [ 11.14849, 49.48092 ], [ 11.14911, 49.48103 ], [ 11.14897, 49.48275 ], [ 11.14623, 49.4848 ], [ 11.14363, 49.4845 ], [ 11.14293, 49.48746 ], [ 11.13559, 49.48895 ], [ 11.12982, 49.48826 ], [ 11.12853, 49.48861 ], [ 11.12923, 49.4891 ], [ 11.12642, 49.48984 ], [ 11.12914, 49.49168 ], [ 11.12797, 49.49207 ], [ 11.12295, 49.49105 ], [ 11.12268, 49.5051 ], [ 11.12324, 49.50618 ], [ 11.11934, 49.50712 ], [ 11.11976, 49.51183 ], [ 11.12018, 49.51288 ], [ 11.1162, 49.51337 ], [ 11.11639, 49.51407 ], [ 11.11408, 49.51504 ], [ 11.10915, 49.51307 ], [ 11.10796, 49.51217 ], [ 11.1075, 49.5108 ], [ 11.10801, 49.50865 ], [ 11.10323, 49.50997 ], [ 11.09882, 49.50799 ], [ 11.09589, 49.50773 ], [ 11.09686, 49.5046 ], [ 11.09724, 49.50263 ], [ 11.09681, 49.50259 ], [ 11.09726, 49.50099 ], [ 11.08499, 49.50192 ], [ 11.07589, 49.50382 ], [ 11.07545, 49.50519 ], [ 11.07452, 49.50639 ], [ 11.07642, 49.50715 ], [ 11.07699, 49.50764 ], [ 11.07672, 49.50809 ], [ 11.07069, 49.5066 ], [ 11.07057, 49.50682 ], [ 11.0688, 49.50645 ], [ 11.0691, 49.50549 ], [ 11.06867, 49.50541 ], [ 11.06745, 49.50599 ], [ 11.0654, 49.50618 ], [ 11.06501, 49.50597 ], [ 11.06341, 49.50613 ], [ 11.06316, 49.50552 ], [ 11.06411, 49.5054 ], [ 11.06366, 49.50467 ], [ 11.06099, 49.50469 ], [ 11.05859, 49.50557 ], [ 11.05854, 49.50519 ], [ 11.05799, 49.50522 ], [ 11.05864, 49.50806 ], [ 11.05766, 49.50837 ], [ 11.05827, 49.50907 ], [ 11.05905, 49.50903 ], [ 11.05915, 49.5094 ], [ 11.05889, 49.50979 ], [ 11.058, 49.50973 ], [ 11.05784, 49.51097 ], [ 11.06343, 49.51114 ], [ 11.06498, 49.51369 ], [ 11.06671, 49.51366 ], [ 11.06689, 49.51388 ], [ 11.06583, 49.51425 ], [ 11.0661, 49.51446 ], [ 11.06589, 49.51502 ], [ 11.06197, 49.51491 ], [ 11.06149, 49.51437 ], [ 11.06077, 49.51425 ], [ 11.05947, 49.51443 ], [ 11.05916, 49.51509 ], [ 11.05972, 49.51564 ], [ 11.0651, 49.51597 ], [ 11.06522, 49.51798 ], [ 11.06629, 49.51813 ], [ 11.06644, 49.52017 ], [ 11.06916, 49.52117 ], [ 11.07241, 49.52027 ], [ 11.07255, 49.51982 ], [ 11.07205, 49.51998 ], [ 11.07198, 49.51964 ], [ 11.07441, 49.51902 ], [ 11.0745, 49.51876 ], [ 11.07621, 49.51882 ], [ 11.07674, 49.51964 ], [ 11.07841, 49.51972 ], [ 11.07785, 49.52005 ], [ 11.07556, 49.52031 ], [ 11.07266, 49.52166 ], [ 11.07195, 49.52228 ], [ 11.07104, 49.5223 ], [ 11.07106, 49.52264 ], [ 11.0657, 49.52354 ], [ 11.06503, 49.52447 ], [ 11.06472, 49.52416 ], [ 11.06376, 49.52446 ], [ 11.06318, 49.52543 ], [ 11.06491, 49.52531 ], [ 11.06503, 49.52562 ], [ 11.0656, 49.52567 ], [ 11.06604, 49.52512 ], [ 11.06833, 49.5244 ], [ 11.06876, 49.52507 ], [ 11.06672, 49.52615 ], [ 11.06227, 49.52677 ], [ 11.0619, 49.52702 ], [ 11.06228, 49.52792 ], [ 11.06168, 49.5276 ], [ 11.06167, 49.52828 ], [ 11.06116, 49.52827 ], [ 11.06096, 49.52775 ], [ 11.0605, 49.52778 ], [ 11.06047, 49.52755 ], [ 11.05993, 49.52757 ], [ 11.06009, 49.52842 ], [ 11.05972, 49.52852 ], [ 11.05893, 49.52782 ], [ 11.05776, 49.52798 ], [ 11.05796, 49.52854 ], [ 11.0565, 49.52885 ], [ 11.05594, 49.52955 ], [ 11.05541, 49.52951 ], [ 11.05621, 49.53003 ], [ 11.05614, 49.53034 ], [ 11.05465, 49.52967 ], [ 11.05376, 49.53008 ], [ 11.0526, 49.53007 ], [ 11.05202, 49.53043 ], [ 11.0523, 49.53174 ], [ 11.05091, 49.53217 ], [ 11.05049, 49.53099 ], [ 11.04924, 49.53122 ], [ 11.0481, 49.5307 ], [ 11.0481, 49.53041 ], [ 11.04626, 49.53089 ], [ 11.04607, 49.52981 ], [ 11.04418, 49.52986 ], [ 11.04321, 49.53046 ], [ 11.04312, 49.53116 ], [ 11.03919, 49.53036 ], [ 11.03783, 49.53096 ], [ 11.03277, 49.53214 ], [ 11.03148, 49.53566 ], [ 11.02947, 49.53478 ], [ 11.02925, 49.53506 ], [ 11.02752, 49.535 ], [ 11.02762, 49.53642 ], [ 11.02406, 49.53661 ], [ 11.0227, 49.5379 ], [ 11.01784, 49.53789 ], [ 11.01742, 49.53587 ], [ 11.01596, 49.53578 ], [ 11.01608, 49.5361 ], [ 11.01468, 49.53644 ], [ 11.01196, 49.53787 ], [ 11.00821, 49.53847 ], [ 11.0065, 49.53805 ], [ 11.00619, 49.5396 ], [ 11.00239, 49.53963 ], [ 11.00123, 49.53986 ], [ 11.00076, 49.54035 ], [ 10.99835, 49.54025 ], [ 10.99159, 49.54075 ], [ 10.98907, 49.54046 ], [ 10.98933, 49.53922 ], [ 10.98914, 49.53761 ], [ 10.99055, 49.53709 ], [ 10.99035, 49.53678 ], [ 10.9893, 49.53692 ], [ 10.98873, 49.53654 ], [ 10.99078, 49.53587 ], [ 10.99295, 49.53601 ], [ 10.99372, 49.53498 ], [ 10.99379, 49.5333 ], [ 10.99415, 49.53328 ], [ 10.99411, 49.53288 ], [ 10.99313, 49.53158 ], [ 10.99274, 49.52688 ], [ 10.9932, 49.52723 ], [ 10.99449, 49.52697 ], [ 10.99413, 49.52649 ], [ 10.99542, 49.52618 ], [ 10.9951, 49.52591 ], [ 10.99602, 49.52547 ], [ 10.99612, 49.52499 ], [ 11.00225, 49.52389 ], [ 11.00274, 49.52306 ], [ 11.00401, 49.52263 ], [ 11.00295, 49.52233 ], [ 11.00242, 49.52129 ], [ 10.99879, 49.52065 ], [ 10.99934, 49.51654 ], [ 10.99819, 49.51629 ], [ 10.99875, 49.51478 ], [ 10.99941, 49.51458 ], [ 10.99952, 49.51357 ], [ 11.00601, 49.51232 ], [ 11.00624, 49.51111 ], [ 11.00592, 49.51019 ], [ 11.00747, 49.51006 ], [ 11.00741, 49.50931 ], [ 11.00931, 49.50929 ], [ 11.00961, 49.50836 ], [ 11.01406, 49.50826 ], [ 11.01401, 49.50755 ], [ 11.01684, 49.50744 ], [ 11.01716, 49.50927 ], [ 11.02145, 49.50922 ], [ 11.02157, 49.5087 ], [ 11.02482, 49.50863 ], [ 11.02526, 49.51006 ], [ 11.02617, 49.51004 ], [ 11.02607, 49.50946 ], [ 11.02866, 49.50874 ], [ 11.02822, 49.50713 ], [ 11.02499, 49.50739 ], [ 11.02509, 49.50504 ], [ 11.0233, 49.50494 ], [ 11.02334, 49.50297 ], [ 11.02381, 49.50297 ], [ 11.02354, 49.4987 ], [ 11.02093, 49.49816 ], [ 11.01588, 49.49464 ], [ 11.01418, 49.49257 ], [ 11.01705, 49.49208 ], [ 11.01602, 49.49048 ], [ 11.01824, 49.48716 ], [ 11.02043, 49.48744 ], [ 11.02056, 49.48445 ], [ 11.02316, 49.48464 ], [ 11.02314, 49.48106 ], [ 11.02598, 49.48124 ], [ 11.02644, 49.47713 ], [ 11.02625, 49.47597 ], [ 11.02668, 49.47577 ], [ 11.0258, 49.47285 ], [ 11.02461, 49.47142 ], [ 11.02291, 49.47178 ], [ 11.02206, 49.47229 ], [ 11.02106, 49.47158 ], [ 11.0183, 49.47295 ], [ 11.01743, 49.47258 ], [ 11.01666, 49.4731 ], [ 11.01579, 49.47268 ], [ 11.017, 49.47084 ], [ 11.01683, 49.46947 ], [ 11.01577, 49.46883 ], [ 11.01571, 49.46785 ], [ 11.01522, 49.46738 ], [ 11.01551, 49.46705 ], [ 11.01494, 49.46465 ], [ 11.01253, 49.46577 ], [ 11.01106, 49.46439 ], [ 11.01132, 49.46428 ], [ 11.01081, 49.4626 ], [ 11.0107, 49.45966 ], [ 11.01018, 49.45772 ], [ 11.00982, 49.45718 ], [ 11.00921, 49.45704 ], [ 11.00949, 49.45672 ], [ 11.00898, 49.45454 ], [ 10.9999, 49.44874 ], [ 10.99843, 49.44842 ], [ 10.99595, 49.44985 ], [ 10.99459, 49.44872 ], [ 10.99686, 49.44705 ], [ 10.99816, 49.44517 ], [ 10.99931, 49.44212 ] ], [ [ 11.18457, 49.39704 ], [ 11.18654, 49.39345 ], [ 11.18037, 49.39236 ], [ 11.17693, 49.39218 ], [ 11.17665, 49.39674 ], [ 11.17888, 49.39683 ], [ 11.17945, 49.39727 ], [ 11.18189, 49.39581 ], [ 11.18457, 49.39704 ] ] ], [ [ [ 11.13017, 49.49372 ], [ 11.12902, 49.49293 ], [ 11.12994, 49.49257 ], [ 11.13097, 49.4934 ], [ 11.13017, 49.49372 ] ] ] ] } },
{ "type": "Feature", "properties": { "stadt": "Duisburg" }, "geometry": { "type": "Polygon", "coordinates": [ [ [ 6.66577, 51.41046 ], [ 6.66565, 51.41086 ], [ 6.6664, 51.41127 ], [ 6.66209, 51.41074 ], [ 6.66747, 51.42835 ], [ 6.66722, 51.43016 ], [ 6.67127, 51.43069 ], [ 6.67136, 51.43045 ], [ 6.67253, 51.43052 ], [ 6.67292, 51.43106 ], [ 6.67262, 51.43232 ], [ 6.67317, 51.43304 ], [ 6.67351, 51.43429 ], [ 6.67149, 51.43457 ], [ 6.67188, 51.43582 ], [ 6.66946, 51.43684 ], [ 6.66838, 51.43695 ], [ 6.66869, 51.43831 ], [ 6.66909, 51.43911 ], [ 6.67164, 51.43893 ], [ 6.67214, 51.43929 ], [ 6.67601, 51.43997 ], [ 6.67769, 51.44067 ], [ 6.67718, 51.44128 ], [ 6.67342, 51.44153 ], [ 6.673, 51.44187 ], [ 6.6738, 51.44384 ], [ 6.6741, 51.44377 ], [ 6.67526, 51.44722 ], [ 6.67837, 51.44907 ], [ 6.67781, 51.45161 ], [ 6.67874, 51.45159 ], [ 6.67785, 51.45343 ], [ 6.67664, 51.458 ], [ 6.67454, 51.45795 ], [ 6.67531, 51.45971 ], [ 6.6708, 51.4591 ], [ 6.6705, 51.4598 ], [ 6.67022, 51.45975 ], [ 6.66699, 51.47224 ], [ 6.66735, 51.47418 ], [ 6.66616, 51.47441 ], [ 6.66328, 51.47335 ], [ 6.66147, 51.47315 ], [ 6.6549, 51.47394 ], [ 6.66623, 51.4836 ], [ 6.65492, 51.48895 ], [ 6.65272, 51.48933 ], [ 6.65003, 51.48839 ], [ 6.6463, 51.48403 ], [ 6.64277, 51.48149 ], [ 6.64006, 51.48713 ], [ 6.63634, 51.49076 ], [ 6.63923, 51.4915 ], [ 6.63877, 51.49367 ], [ 6.64226, 51.49517 ], [ 6.64212, 51.49667 ], [ 6.64033, 51.49805 ], [ 6.63535, 51.49985 ], [ 6.6334, 51.50201 ], [ 6.63229, 51.50273 ], [ 6.63059, 51.50326 ], [ 6.62784, 51.50353 ], [ 6.63422, 51.50596 ], [ 6.63989, 51.50736 ], [ 6.63954, 51.50791 ], [ 6.63836, 51.50792 ], [ 6.63753, 51.50929 ], [ 6.64065, 51.51009 ], [ 6.64109, 51.50906 ], [ 6.64443, 51.50962 ], [ 6.6448, 51.50903 ], [ 6.64869, 51.50966 ], [ 6.6531, 51.51096 ], [ 6.65348, 51.51033 ], [ 6.65468, 51.51067 ], [ 6.65495, 51.51015 ], [ 6.65654, 51.51049 ], [ 6.65692, 51.50997 ], [ 6.66029, 51.51111 ], [ 6.66066, 51.51023 ], [ 6.66405, 51.51097 ], [ 6.66594, 51.51082 ], [ 6.6668, 51.51181 ], [ 6.67087, 51.51155 ], [ 6.6735, 51.51355 ], [ 6.67632, 51.51467 ], [ 6.68118, 51.51722 ], [ 6.68617, 51.51913 ], [ 6.69028, 51.51996 ], [ 6.69286, 51.51847 ], [ 6.69346, 51.5189 ], [ 6.69449, 51.51841 ], [ 6.69653, 51.51912 ], [ 6.69563, 51.52047 ], [ 6.69959, 51.52442 ], [ 6.68889, 51.52832 ], [ 6.68297, 51.53142 ], [ 6.67901, 51.53447 ], [ 6.67788, 51.53589 ], [ 6.67672, 51.53828 ], [ 6.67645, 51.54174 ], [ 6.67699, 51.54416 ], [ 6.67854, 51.54813 ], [ 6.68046, 51.55134 ], [ 6.68464, 51.55661 ], [ 6.68649, 51.56007 ], [ 6.69142, 51.55967 ], [ 6.69255, 51.55902 ], [ 6.69315, 51.55803 ], [ 6.69642, 51.55765 ], [ 6.70191, 51.55475 ], [ 6.70376, 51.55316 ], [ 6.70743, 51.55084 ], [ 6.70893, 51.55149 ], [ 6.70908, 51.5519 ], [ 6.70982, 51.55167 ], [ 6.7096, 51.5521 ], [ 6.71006, 51.55232 ], [ 6.71018, 51.55212 ], [ 6.71258, 51.55262 ], [ 6.71334, 51.55045 ], [ 6.7171, 51.55136 ], [ 6.71816, 51.55087 ], [ 6.7189, 51.55092 ], [ 6.71988, 51.5515 ], [ 6.72127, 51.55083 ], [ 6.72083, 51.55024 ], [ 6.72195, 51.54977 ], [ 6.72215, 51.54889 ], [ 6.72506, 51.54917 ], [ 6.7256, 51.54899 ], [ 6.72587, 51.54834 ], [ 6.72712, 51.54851 ], [ 6.72707, 51.54747 ], [ 6.73048, 51.54581 ], [ 6.72996, 51.54624 ], [ 6.73341, 51.54594 ], [ 6.7337, 51.54554 ], [ 6.73454, 51.54571 ], [ 6.73693, 51.54381 ], [ 6.73829, 51.54488 ], [ 6.74459, 51.54052 ], [ 6.7475, 51.53804 ], [ 6.74714, 51.53603 ], [ 6.75174, 51.53564 ], [ 6.75379, 51.53641 ], [ 6.75518, 51.53484 ], [ 6.75618, 51.53479 ], [ 6.75727, 51.53395 ], [ 6.75906, 51.53352 ], [ 6.76056, 51.53365 ], [ 6.7619, 51.53245 ], [ 6.76376, 51.53368 ], [ 6.76384, 51.53416 ], [ 6.77254, 51.5345 ], [ 6.77297, 51.53551 ], [ 6.77365, 51.53485 ], [ 6.77601, 51.53452 ], [ 6.77597, 51.53409 ], [ 6.77899, 51.53352 ], [ 6.78091, 51.53277 ], [ 6.784, 51.53339 ], [ 6.78485, 51.53279 ], [ 6.78362, 51.5322 ], [ 6.78471, 51.5315 ], [ 6.78358, 51.53072 ], [ 6.78368, 51.53031 ], [ 6.78207, 51.53022 ], [ 6.7815, 51.52916 ], [ 6.7824, 51.52821 ], [ 6.78222, 51.52726 ], [ 6.78182, 51.52687 ], [ 6.78203, 51.52645 ], [ 6.78115, 51.52624 ], [ 6.78112, 51.52561 ], [ 6.77855, 51.52503 ], [ 6.77762, 51.52442 ], [ 6.77744, 51.52298 ], [ 6.77995, 51.5242 ], [ 6.78128, 51.5232 ], [ 6.78428, 51.52194 ], [ 6.78387, 51.52043 ], [ 6.78604, 51.51932 ], [ 6.78704, 51.51927 ], [ 6.78802, 51.51851 ], [ 6.78881, 51.51744 ], [ 6.78878, 51.51655 ], [ 6.79514, 51.51617 ], [ 6.80937, 51.51061 ], [ 6.80902, 51.50974 ], [ 6.81001, 51.50918 ], [ 6.81035, 51.50936 ], [ 6.81124, 51.50841 ], [ 6.81418, 51.5079 ], [ 6.81397, 51.50694 ], [ 6.8201, 51.50695 ], [ 6.82162, 51.50456 ], [ 6.82087, 51.50438 ], [ 6.82293, 51.50065 ], [ 6.82239, 51.50052 ], [ 6.82322, 51.49796 ], [ 6.82411, 51.49768 ], [ 6.82434, 51.49691 ], [ 6.82291, 51.49648 ], [ 6.82347, 51.49485 ], [ 6.82285, 51.49486 ], [ 6.82281, 51.49371 ], [ 6.82349, 51.49328 ], [ 6.82237, 51.49043 ], [ 6.8226, 51.4885 ], [ 6.8234, 51.48757 ], [ 6.81989, 51.48729 ], [ 6.81679, 51.48744 ], [ 6.8164, 51.48573 ], [ 6.8103, 51.48418 ], [ 6.81184, 51.48186 ], [ 6.81377, 51.48017 ], [ 6.81368, 51.47889 ], [ 6.81274, 51.47822 ], [ 6.81321, 51.47773 ], [ 6.80858, 51.47462 ], [ 6.82216, 51.46889 ], [ 6.81891, 51.46716 ], [ 6.81487, 51.46375 ], [ 6.81417, 51.46279 ], [ 6.81427, 51.462 ], [ 6.81304, 51.46057 ], [ 6.81315, 51.4597 ], [ 6.81403, 51.4594 ], [ 6.80933, 51.45607 ], [ 6.81012, 51.45555 ], [ 6.81041, 51.44911 ], [ 6.8099, 51.44855 ], [ 6.80667, 51.44725 ], [ 6.81019, 51.44581 ], [ 6.80901, 51.44561 ], [ 6.81632, 51.4426 ], [ 6.81549, 51.44082 ], [ 6.81631, 51.44054 ], [ 6.81572, 51.43862 ], [ 6.81831, 51.43842 ], [ 6.81808, 51.43602 ], [ 6.8186, 51.4264 ], [ 6.81774, 51.42439 ], [ 6.81797, 51.42321 ], [ 6.81653, 51.41966 ], [ 6.81656, 51.41426 ], [ 6.81712, 51.40999 ], [ 6.81483, 51.40596 ], [ 6.81404, 51.40532 ], [ 6.81386, 51.4048 ], [ 6.81463, 51.40287 ], [ 6.81233, 51.39975 ], [ 6.81382, 51.39873 ], [ 6.81665, 51.39489 ], [ 6.81703, 51.39155 ], [ 6.81609, 51.38647 ], [ 6.81531, 51.384 ], [ 6.81537, 51.38221 ], [ 6.81657, 51.37888 ], [ 6.81405, 51.37731 ], [ 6.81351, 51.3764 ], [ 6.81526, 51.36911 ], [ 6.81714, 51.368 ], [ 6.82036, 51.36812 ], [ 6.82448, 51.36751 ], [ 6.82834, 51.35812 ], [ 6.82612, 51.3579 ], [ 6.83025, 51.35229 ], [ 6.82279, 51.35008 ], [ 6.82123, 51.35183 ], [ 6.82079, 51.35298 ], [ 6.8186, 51.35299 ], [ 6.81794, 51.35331 ], [ 6.81602, 51.35195 ], [ 6.8151, 51.3517 ], [ 6.81525, 51.34922 ], [ 6.81303, 51.34872 ], [ 6.81283, 51.34819 ], [ 6.81203, 51.34812 ], [ 6.8111, 51.3474 ], [ 6.81021, 51.34726 ], [ 6.80908, 51.34775 ], [ 6.80736, 51.34764 ], [ 6.806, 51.35055 ], [ 6.79382, 51.35222 ], [ 6.79437, 51.34962 ], [ 6.79409, 51.34784 ], [ 6.79204, 51.34765 ], [ 6.79169, 51.34665 ], [ 6.7919, 51.3466 ], [ 6.79077, 51.34503 ], [ 6.79216, 51.34501 ], [ 6.79274, 51.34461 ], [ 6.79287, 51.34428 ], [ 6.79254, 51.34391 ], [ 6.79181, 51.34382 ], [ 6.79181, 51.34326 ], [ 6.78976, 51.34363 ], [ 6.78957, 51.34339 ], [ 6.78928, 51.34353 ], [ 6.78947, 51.34365 ], [ 6.78728, 51.34429 ], [ 6.78742, 51.34447 ], [ 6.78612, 51.34515 ], [ 6.78225, 51.34386 ], [ 6.78269, 51.34269 ], [ 6.7815, 51.34255 ], [ 6.77646, 51.34365 ], [ 6.77263, 51.34569 ], [ 6.76688, 51.34731 ], [ 6.76227, 51.34819 ], [ 6.75986, 51.34827 ], [ 6.75462, 51.35001 ], [ 6.75314, 51.349 ], [ 6.75285, 51.34997 ], [ 6.74918, 51.35215 ], [ 6.74838, 51.35247 ], [ 6.74729, 51.3524 ], [ 6.74409, 51.35091 ], [ 6.74223, 51.34889 ], [ 6.73937, 51.3471 ], [ 6.73826, 51.34539 ], [ 6.72778, 51.34189 ], [ 6.72506, 51.34071 ], [ 6.71876, 51.33515 ], [ 6.71711, 51.33588 ], [ 6.71605, 51.33437 ], [ 6.71449, 51.33338 ], [ 6.70621, 51.33674 ], [ 6.69791, 51.33944 ], [ 6.66729, 51.34674 ], [ 6.65972, 51.34942 ], [ 6.65644, 51.35191 ], [ 6.65464, 51.35472 ], [ 6.65419, 51.3576 ], [ 6.65534, 51.36089 ], [ 6.65701, 51.36284 ], [ 6.66076, 51.36528 ], [ 6.66817, 51.36807 ], [ 6.67512, 51.36991 ], [ 6.67405, 51.3719 ], [ 6.67648, 51.37253 ], [ 6.67837, 51.37595 ], [ 6.67958, 51.37686 ], [ 6.67542, 51.37618 ], [ 6.66887, 51.37398 ], [ 6.66843, 51.374 ], [ 6.66816, 51.37439 ], [ 6.6691, 51.37594 ], [ 6.66923, 51.37721 ], [ 6.67098, 51.37901 ], [ 6.67322, 51.38677 ], [ 6.67414, 51.38617 ], [ 6.67514, 51.38607 ], [ 6.67463, 51.38645 ], [ 6.67485, 51.38664 ], [ 6.67342, 51.38749 ], [ 6.67395, 51.38813 ], [ 6.67368, 51.38837 ], [ 6.67404, 51.38856 ], [ 6.67283, 51.38937 ], [ 6.66925, 51.38744 ], [ 6.66975, 51.38717 ], [ 6.66928, 51.3868 ], [ 6.66052, 51.38789 ], [ 6.66018, 51.3872 ], [ 6.65788, 51.38534 ], [ 6.65676, 51.38355 ], [ 6.65384, 51.38374 ], [ 6.65353, 51.38274 ], [ 6.65061, 51.38285 ], [ 6.64836, 51.38234 ], [ 6.6476, 51.38236 ], [ 6.6461, 51.38319 ], [ 6.64623, 51.38443 ], [ 6.64451, 51.38681 ], [ 6.63714, 51.38585 ], [ 6.63558, 51.39433 ], [ 6.64026, 51.39464 ], [ 6.63989, 51.39799 ], [ 6.64051, 51.39815 ], [ 6.63933, 51.39952 ], [ 6.63695, 51.40111 ], [ 6.62938, 51.40437 ], [ 6.62845, 51.4055 ], [ 6.62563, 51.41097 ], [ 6.62572, 51.4119 ], [ 6.62686, 51.41214 ], [ 6.62734, 51.41484 ], [ 6.62847, 51.41761 ], [ 6.62849, 51.41832 ], [ 6.62944, 51.41966 ], [ 6.63684, 51.4183 ], [ 6.64352, 51.41648 ], [ 6.65149, 51.41063 ], [ 6.65634, 51.4085 ], [ 6.66126, 51.40816 ], [ 6.66456, 51.40885 ], [ 6.66577, 51.41046 ] ] ] } },
{ "type": "Feature", "properties": { "stadt": "Bochum" }, "geometry": { "type": "Polygon", "coordinates": [ [ [ 7.3095, 51.526 ], [ 7.3085, 51.52644 ], [ 7.30415, 51.52544 ], [ 7.30317, 51.52762 ], [ 7.30211, 51.52736 ], [ 7.30157, 51.52848 ], [ 7.30113, 51.52835 ], [ 7.30067, 51.52938 ], [ 7.30041, 51.52931 ], [ 7.29971, 51.53089 ], [ 7.29719, 51.53018 ], [ 7.29696, 51.53056 ], [ 7.29569, 51.52995 ], [ 7.2948, 51.53137 ], [ 7.2908, 51.52983 ], [ 7.29038, 51.5284 ], [ 7.28863, 51.52763 ], [ 7.2885, 51.52652 ], [ 7.28545, 51.52648 ], [ 7.28516, 51.52496 ], [ 7.28278, 51.52452 ], [ 7.27847, 51.52485 ], [ 7.27427, 51.52416 ], [ 7.26695, 51.52567 ], [ 7.26059, 51.52623 ], [ 7.26048, 51.52601 ], [ 7.25733, 51.52693 ], [ 7.25749, 51.52725 ], [ 7.25645, 51.52737 ], [ 7.25563, 51.52585 ], [ 7.25478, 51.52535 ], [ 7.25527, 51.52522 ], [ 7.2548, 51.52395 ], [ 7.25515, 51.52347 ], [ 7.25481, 51.52287 ], [ 7.25477, 51.52139 ], [ 7.25529, 51.52139 ], [ 7.25545, 51.52002 ], [ 7.25234, 51.52 ], [ 7.25219, 51.52103 ], [ 7.25264, 51.52196 ], [ 7.25168, 51.52288 ], [ 7.25044, 51.5232 ], [ 7.24978, 51.52429 ], [ 7.24828, 51.52357 ], [ 7.24863, 51.52296 ], [ 7.24776, 51.52159 ], [ 7.24388, 51.52107 ], [ 7.24087, 51.52122 ], [ 7.238, 51.52044 ], [ 7.23809, 51.52007 ], [ 7.23865, 51.5201 ], [ 7.23923, 51.51964 ], [ 7.23876, 51.51939 ], [ 7.23839, 51.51861 ], [ 7.23774, 51.51858 ], [ 7.23782, 51.51814 ], [ 7.23719, 51.51803 ], [ 7.23721, 51.51849 ], [ 7.2364, 51.51902 ], [ 7.23417, 51.51962 ], [ 7.23277, 51.51801 ], [ 7.23037, 51.5177 ], [ 7.22977, 51.5184 ], [ 7.22766, 51.51727 ], [ 7.2267, 51.51882 ], [ 7.2254, 51.51863 ], [ 7.22435, 51.51941 ], [ 7.22178, 51.51868 ], [ 7.22182, 51.51955 ], [ 7.22013, 51.51926 ], [ 7.21893, 51.5208 ], [ 7.21345, 51.51924 ], [ 7.206, 51.51791 ], [ 7.20556, 51.51828 ], [ 7.20617, 51.52172 ], [ 7.20393, 51.52133 ], [ 7.20351, 51.52185 ], [ 7.20233, 51.52183 ], [ 7.19901, 51.5207 ], [ 7.19915, 51.52041 ], [ 7.19729, 51.51993 ], [ 7.19766, 51.51883 ], [ 7.19795, 51.51874 ], [ 7.19718, 51.51837 ], [ 7.19727, 51.51816 ], [ 7.19083, 51.51694 ], [ 7.19059, 51.51408 ], [ 7.18995, 51.51146 ], [ 7.19007, 51.50957 ], [ 7.18759, 51.50874 ], [ 7.18649, 51.50861 ], [ 7.18638, 51.50899 ], [ 7.18545, 51.50894 ], [ 7.1858, 51.50737 ], [ 7.18195, 51.50721 ], [ 7.1736, 51.50496 ], [ 7.16893, 51.50432 ], [ 7.1662, 51.50509 ], [ 7.16077, 51.50877 ], [ 7.1604, 51.50634 ], [ 7.15876, 51.50713 ], [ 7.15586, 51.50653 ], [ 7.15613, 51.50624 ], [ 7.15359, 51.50601 ], [ 7.1533, 51.50493 ], [ 7.15259, 51.50437 ], [ 7.15267, 51.50379 ], [ 7.15189, 51.50211 ], [ 7.14979, 51.50368 ], [ 7.15101, 51.50414 ], [ 7.15024, 51.50526 ], [ 7.1452, 51.50473 ], [ 7.14488, 51.50547 ], [ 7.14332, 51.50495 ], [ 7.14185, 51.506 ], [ 7.14101, 51.50551 ], [ 7.14048, 51.50592 ], [ 7.13928, 51.50544 ], [ 7.13853, 51.50597 ], [ 7.13717, 51.505 ], [ 7.13789, 51.50233 ], [ 7.13773, 51.50052 ], [ 7.13847, 51.49868 ], [ 7.13771, 51.49851 ], [ 7.1379, 51.49799 ], [ 7.13767, 51.4968 ], [ 7.13812, 51.49424 ], [ 7.13791, 51.4942 ], [ 7.1381, 51.49303 ], [ 7.13768, 51.49302 ], [ 7.13779, 51.4913 ], [ 7.13483, 51.49091 ], [ 7.13362, 51.49063 ], [ 7.1337, 51.49037 ], [ 7.12551, 51.48881 ], [ 7.1253, 51.48905 ], [ 7.12408, 51.48896 ], [ 7.12101, 51.48839 ], [ 7.11829, 51.4874 ], [ 7.11855, 51.48771 ], [ 7.10527, 51.48327 ], [ 7.10306, 51.48199 ], [ 7.10208, 51.48094 ], [ 7.10402, 51.4802 ], [ 7.10562, 51.47865 ], [ 7.10552, 51.4781 ], [ 7.10871, 51.47608 ], [ 7.10867, 51.47542 ], [ 7.11082, 51.47436 ], [ 7.11165, 51.47356 ], [ 7.11314, 51.47313 ], [ 7.11338, 51.47243 ], [ 7.11406, 51.47201 ], [ 7.11375, 51.47185 ], [ 7.1139, 51.47026 ], [ 7.11342, 51.46967 ], [ 7.11381, 51.46781 ], [ 7.11347, 51.4662 ], [ 7.11387, 51.4655 ], [ 7.11323, 51.46458 ], [ 7.11233, 51.46399 ], [ 7.11125, 51.46386 ], [ 7.10827, 51.46243 ], [ 7.10852, 51.4619 ], [ 7.10836, 51.46135 ], [ 7.10927, 51.46048 ], [ 7.10956, 51.45938 ], [ 7.11293, 51.46001 ], [ 7.1147, 51.45823 ], [ 7.11543, 51.45634 ], [ 7.11569, 51.45637 ], [ 7.11603, 51.45494 ], [ 7.11838, 51.45535 ], [ 7.12137, 51.45495 ], [ 7.12298, 51.45245 ], [ 7.1263, 51.4497 ], [ 7.12895, 51.44662 ], [ 7.12825, 51.44609 ], [ 7.12894, 51.44555 ], [ 7.1282, 51.44513 ], [ 7.12982, 51.44402 ], [ 7.1302, 51.44427 ], [ 7.13182, 51.4435 ], [ 7.13091, 51.44276 ], [ 7.13178, 51.44268 ], [ 7.1329, 51.442 ], [ 7.13389, 51.44216 ], [ 7.13353, 51.44188 ], [ 7.13371, 51.44141 ], [ 7.13296, 51.44127 ], [ 7.13316, 51.44078 ], [ 7.13234, 51.44053 ], [ 7.1328, 51.44016 ], [ 7.13248, 51.43968 ], [ 7.13267, 51.43949 ], [ 7.13104, 51.43888 ], [ 7.12488, 51.43515 ], [ 7.12266, 51.43412 ], [ 7.12294, 51.43168 ], [ 7.11906, 51.43129 ], [ 7.11925, 51.4309 ], [ 7.1232, 51.43099 ], [ 7.12827, 51.43003 ], [ 7.13257, 51.42813 ], [ 7.13756, 51.4253 ], [ 7.14447, 51.42289 ], [ 7.14633, 51.42192 ], [ 7.14883, 51.41939 ], [ 7.14921, 51.4184 ], [ 7.15013, 51.41854 ], [ 7.15068, 51.41702 ], [ 7.15154, 51.41668 ], [ 7.15391, 51.41458 ], [ 7.15437, 51.41457 ], [ 7.15498, 51.41377 ], [ 7.15969, 51.41488 ], [ 7.15975, 51.41465 ], [ 7.16203, 51.41548 ], [ 7.16194, 51.41575 ], [ 7.16567, 51.41684 ], [ 7.16716, 51.41436 ], [ 7.16653, 51.41413 ], [ 7.16699, 51.41348 ], [ 7.16945, 51.4143 ], [ 7.17032, 51.41423 ], [ 7.17163, 51.41479 ], [ 7.17356, 51.41498 ], [ 7.17729, 51.41696 ], [ 7.17698, 51.41718 ], [ 7.17729, 51.41735 ], [ 7.17657, 51.41807 ], [ 7.17892, 51.41939 ], [ 7.18186, 51.41979 ], [ 7.18479, 51.41937 ], [ 7.18551, 51.4185 ], [ 7.1879, 51.41868 ], [ 7.19112, 51.41793 ], [ 7.19371, 51.41799 ], [ 7.19912, 51.41884 ], [ 7.20609, 51.41798 ], [ 7.20826, 51.41735 ], [ 7.22106, 51.41202 ], [ 7.2257, 51.41172 ], [ 7.22872, 51.41055 ], [ 7.23057, 51.41072 ], [ 7.23301, 51.41153 ], [ 7.23808, 51.41203 ], [ 7.24678, 51.41112 ], [ 7.2506, 51.412 ], [ 7.2524, 51.4133 ], [ 7.25668, 51.41776 ], [ 7.25828, 51.42099 ], [ 7.25952, 51.42216 ], [ 7.26305, 51.42349 ], [ 7.26839, 51.4244 ], [ 7.27126, 51.42569 ], [ 7.27454, 51.42976 ], [ 7.2756, 51.43066 ], [ 7.27492, 51.43068 ], [ 7.27576, 51.43369 ], [ 7.2768, 51.43492 ], [ 7.28079, 51.43707 ], [ 7.28499, 51.43798 ], [ 7.28575, 51.43901 ], [ 7.28983, 51.44083 ], [ 7.2927, 51.44365 ], [ 7.29342, 51.4438 ], [ 7.29308, 51.4466 ], [ 7.29121, 51.44892 ], [ 7.29222, 51.44931 ], [ 7.29035, 51.45169 ], [ 7.2895, 51.45195 ], [ 7.28885, 51.45166 ], [ 7.28756, 51.45353 ], [ 7.28971, 51.45444 ], [ 7.29215, 51.45477 ], [ 7.29355, 51.45619 ], [ 7.29586, 51.4567 ], [ 7.29836, 51.45637 ], [ 7.29986, 51.45544 ], [ 7.3022, 51.45595 ], [ 7.30472, 51.45444 ], [ 7.30667, 51.45411 ], [ 7.30937, 51.45426 ], [ 7.30986, 51.45463 ], [ 7.3145, 51.45588 ], [ 7.31641, 51.45695 ], [ 7.31947, 51.45659 ], [ 7.3244, 51.45671 ], [ 7.32437, 51.45711 ], [ 7.32494, 51.45709 ], [ 7.32623, 51.4559 ], [ 7.32798, 51.45683 ], [ 7.32891, 51.45622 ], [ 7.32961, 51.45683 ], [ 7.33005, 51.45655 ], [ 7.33118, 51.45702 ], [ 7.33204, 51.45659 ], [ 7.33657, 51.45766 ], [ 7.33863, 51.4578 ], [ 7.33868, 51.45758 ], [ 7.34042, 51.4577 ], [ 7.34204, 51.45697 ], [ 7.34495, 51.46026 ], [ 7.34528, 51.46103 ], [ 7.34738, 51.46315 ], [ 7.34728, 51.46384 ], [ 7.34889, 51.46495 ], [ 7.34925, 51.46601 ], [ 7.34904, 51.46697 ], [ 7.34932, 51.46869 ], [ 7.34815, 51.47219 ], [ 7.34863, 51.47287 ], [ 7.34859, 51.47332 ], [ 7.34816, 51.47452 ], [ 7.34782, 51.47493 ], [ 7.34715, 51.47502 ], [ 7.3469, 51.47564 ], [ 7.34911, 51.47616 ], [ 7.34644, 51.48052 ], [ 7.34719, 51.48078 ], [ 7.34655, 51.48142 ], [ 7.34761, 51.48181 ], [ 7.34744, 51.48202 ], [ 7.34843, 51.4828 ], [ 7.34808, 51.48315 ], [ 7.34763, 51.48307 ], [ 7.34791, 51.48392 ], [ 7.34752, 51.48431 ], [ 7.34486, 51.48379 ], [ 7.34458, 51.48408 ], [ 7.3432, 51.48337 ], [ 7.34252, 51.4835 ], [ 7.34134, 51.4853 ], [ 7.34029, 51.48608 ], [ 7.34045, 51.48733 ], [ 7.34106, 51.48755 ], [ 7.3413, 51.4889 ], [ 7.34246, 51.48867 ], [ 7.34289, 51.49014 ], [ 7.34351, 51.49044 ], [ 7.34373, 51.49148 ], [ 7.34263, 51.49171 ], [ 7.34288, 51.49314 ], [ 7.3397, 51.49324 ], [ 7.34039, 51.49533 ], [ 7.33919, 51.49539 ], [ 7.33763, 51.496 ], [ 7.33692, 51.49554 ], [ 7.33623, 51.49607 ], [ 7.33422, 51.49569 ], [ 7.33407, 51.49653 ], [ 7.33055, 51.49648 ], [ 7.33052, 51.49458 ], [ 7.33137, 51.49458 ], [ 7.33156, 51.49313 ], [ 7.32979, 51.49306 ], [ 7.32821, 51.49 ], [ 7.32735, 51.4901 ], [ 7.32681, 51.48914 ], [ 7.32525, 51.48912 ], [ 7.32501, 51.48978 ], [ 7.32362, 51.48958 ], [ 7.32376, 51.48899 ], [ 7.32353, 51.48894 ], [ 7.32293, 51.49047 ], [ 7.32326, 51.49047 ], [ 7.32301, 51.49267 ], [ 7.32329, 51.49274 ], [ 7.32248, 51.49448 ], [ 7.31735, 51.49392 ], [ 7.31622, 51.49631 ], [ 7.3158, 51.49644 ], [ 7.31601, 51.49716 ], [ 7.3167, 51.49734 ], [ 7.31627, 51.49833 ], [ 7.31886, 51.49905 ], [ 7.31835, 51.49933 ], [ 7.31926, 51.49963 ], [ 7.31938, 51.50004 ], [ 7.3179, 51.50322 ], [ 7.31725, 51.50603 ], [ 7.31518, 51.50583 ], [ 7.31541, 51.50546 ], [ 7.31482, 51.50485 ], [ 7.3135, 51.50421 ], [ 7.30929, 51.50411 ], [ 7.30839, 51.50445 ], [ 7.30575, 51.50448 ], [ 7.30399, 51.5043 ], [ 7.30384, 51.50477 ], [ 7.30434, 51.50597 ], [ 7.30239, 51.50767 ], [ 7.30271, 51.50836 ], [ 7.30258, 51.51232 ], [ 7.30311, 51.51429 ], [ 7.30375, 51.51534 ], [ 7.30347, 51.51572 ], [ 7.30452, 51.51653 ], [ 7.30518, 51.51765 ], [ 7.30647, 51.51804 ], [ 7.30685, 51.51776 ], [ 7.3082, 51.51854 ], [ 7.30755, 51.51884 ], [ 7.31039, 51.52006 ], [ 7.31082, 51.52063 ], [ 7.31258, 51.52137 ], [ 7.31376, 51.52147 ], [ 7.31394, 51.52115 ], [ 7.31472, 51.52154 ], [ 7.31473, 51.52209 ], [ 7.31401, 51.52255 ], [ 7.31454, 51.52341 ], [ 7.31436, 51.52359 ], [ 7.31307, 51.52332 ], [ 7.31285, 51.52414 ], [ 7.31065, 51.52365 ], [ 7.31071, 51.52413 ], [ 7.3095, 51.526 ] ] ] } },
{ "type": "Feature", "properties": { "stadt": "Wuppertal" }, "geometry": { "type": "Polygon", "coordinates": [ [ [ 7.13336, 51.16633 ], [ 7.13598, 51.16572 ], [ 7.13634, 51.16761 ], [ 7.13751, 51.1689 ], [ 7.14217, 51.17128 ], [ 7.14406, 51.17297 ], [ 7.1447, 51.17306 ], [ 7.14593, 51.17194 ], [ 7.14771, 51.17125 ], [ 7.14819, 51.17183 ], [ 7.14803, 51.17256 ], [ 7.1483, 51.17288 ], [ 7.1509, 51.17364 ], [ 7.15205, 51.1748 ], [ 7.15043, 51.17612 ], [ 7.14987, 51.17891 ], [ 7.15003, 51.17973 ], [ 7.15045, 51.18006 ], [ 7.14951, 51.18271 ], [ 7.14799, 51.18361 ], [ 7.14806, 51.18427 ], [ 7.14716, 51.18513 ], [ 7.14563, 51.185 ], [ 7.14528, 51.18553 ], [ 7.14611, 51.1864 ], [ 7.14594, 51.18683 ], [ 7.14454, 51.18784 ], [ 7.14207, 51.18891 ], [ 7.14135, 51.18964 ], [ 7.14144, 51.19017 ], [ 7.14214, 51.19059 ], [ 7.14357, 51.19074 ], [ 7.14497, 51.19046 ], [ 7.1453, 51.19093 ], [ 7.14676, 51.19099 ], [ 7.1485, 51.19216 ], [ 7.14815, 51.1932 ], [ 7.1483, 51.19363 ], [ 7.14913, 51.19373 ], [ 7.15273, 51.19233 ], [ 7.1536, 51.19245 ], [ 7.15379, 51.19286 ], [ 7.15311, 51.19366 ], [ 7.15329, 51.19448 ], [ 7.15487, 51.19575 ], [ 7.15701, 51.1984 ], [ 7.15636, 51.19885 ], [ 7.15719, 51.19988 ], [ 7.15681, 51.2005 ], [ 7.15617, 51.20062 ], [ 7.1565, 51.20095 ], [ 7.15559, 51.20101 ], [ 7.15577, 51.20199 ], [ 7.15822, 51.20205 ], [ 7.1596, 51.20267 ], [ 7.16003, 51.2023 ], [ 7.161, 51.2028 ], [ 7.16145, 51.20254 ], [ 7.16211, 51.20325 ], [ 7.16175, 51.2035 ], [ 7.16295, 51.20444 ], [ 7.16405, 51.20467 ], [ 7.16382, 51.20477 ], [ 7.16405, 51.20499 ], [ 7.16377, 51.20643 ], [ 7.16273, 51.20757 ], [ 7.16293, 51.20788 ], [ 7.16273, 51.20855 ], [ 7.16521, 51.21039 ], [ 7.16556, 51.21119 ], [ 7.1695, 51.21214 ], [ 7.17247, 51.21362 ], [ 7.17496, 51.21365 ], [ 7.17609, 51.21426 ], [ 7.18231, 51.21288 ], [ 7.186, 51.21405 ], [ 7.18854, 51.21402 ], [ 7.19051, 51.21463 ], [ 7.19151, 51.21417 ], [ 7.19469, 51.21572 ], [ 7.19619, 51.21586 ], [ 7.19667, 51.21297 ], [ 7.20286, 51.21139 ], [ 7.203, 51.21227 ], [ 7.20497, 51.21336 ], [ 7.20749, 51.21423 ], [ 7.20736, 51.21531 ], [ 7.20804, 51.21532 ], [ 7.20822, 51.21599 ], [ 7.21197, 51.21703 ], [ 7.21384, 51.21806 ], [ 7.21744, 51.22129 ], [ 7.22236, 51.22145 ], [ 7.22569, 51.22336 ], [ 7.22917, 51.22455 ], [ 7.23343, 51.22476 ], [ 7.2335, 51.22609 ], [ 7.23482, 51.22642 ], [ 7.23482, 51.22683 ], [ 7.236, 51.22586 ], [ 7.2363, 51.22621 ], [ 7.24211, 51.22271 ], [ 7.24331, 51.22345 ], [ 7.24404, 51.22253 ], [ 7.24487, 51.22285 ], [ 7.2463, 51.22166 ], [ 7.24733, 51.2227 ], [ 7.25172, 51.22249 ], [ 7.25169, 51.22218 ], [ 7.25299, 51.22212 ], [ 7.25284, 51.2215 ], [ 7.25333, 51.22168 ], [ 7.25347, 51.22124 ], [ 7.25582, 51.21953 ], [ 7.25565, 51.21944 ], [ 7.25777, 51.21925 ], [ 7.25779, 51.21808 ], [ 7.26068, 51.21826 ], [ 7.2609, 51.21754 ], [ 7.26064, 51.21745 ], [ 7.26066, 51.21606 ], [ 7.26028, 51.215 ], [ 7.26048, 51.21422 ], [ 7.25689, 51.21312 ], [ 7.25996, 51.21128 ], [ 7.2631, 51.21189 ], [ 7.26668, 51.21111 ], [ 7.26462, 51.21006 ], [ 7.26563, 51.209 ], [ 7.27188, 51.20985 ], [ 7.27151, 51.20932 ], [ 7.27173, 51.20851 ], [ 7.27658, 51.20874 ], [ 7.27757, 51.2109 ], [ 7.27967, 51.20994 ], [ 7.281, 51.20871 ], [ 7.2847, 51.2099 ], [ 7.28646, 51.20902 ], [ 7.2876, 51.20923 ], [ 7.28894, 51.21001 ], [ 7.28953, 51.20998 ], [ 7.29005, 51.20965 ], [ 7.29031, 51.20877 ], [ 7.29074, 51.20858 ], [ 7.2906, 51.20807 ], [ 7.29129, 51.20736 ], [ 7.29579, 51.20537 ], [ 7.29757, 51.20568 ], [ 7.29734, 51.20607 ], [ 7.29953, 51.20783 ], [ 7.30002, 51.20888 ], [ 7.29993, 51.20962 ], [ 7.30122, 51.21018 ], [ 7.30085, 51.21087 ], [ 7.30007, 51.21072 ], [ 7.30058, 51.21228 ], [ 7.30022, 51.21296 ], [ 7.29973, 51.21344 ], [ 7.29916, 51.21336 ], [ 7.29854, 51.21487 ], [ 7.29804, 51.2148 ], [ 7.2975, 51.21659 ], [ 7.29874, 51.21739 ], [ 7.29731, 51.21878 ], [ 7.29562, 51.21925 ], [ 7.29496, 51.21994 ], [ 7.29518, 51.22067 ], [ 7.29599, 51.2204 ], [ 7.29821, 51.22066 ], [ 7.29843, 51.22027 ], [ 7.29905, 51.22033 ], [ 7.2988, 51.22066 ], [ 7.29977, 51.22082 ], [ 7.29947, 51.22111 ], [ 7.30012, 51.22125 ], [ 7.29939, 51.22317 ], [ 7.29806, 51.22336 ], [ 7.29753, 51.22312 ], [ 7.29686, 51.22391 ], [ 7.29939, 51.22439 ], [ 7.30042, 51.2251 ], [ 7.29989, 51.22578 ], [ 7.30463, 51.22765 ], [ 7.3058, 51.22852 ], [ 7.30686, 51.22871 ], [ 7.3079, 51.22994 ], [ 7.3106, 51.23097 ], [ 7.31202, 51.23383 ], [ 7.31343, 51.23416 ], [ 7.3098, 51.23578 ], [ 7.30986, 51.23525 ], [ 7.30794, 51.23506 ], [ 7.30779, 51.23673 ], [ 7.30708, 51.23777 ], [ 7.30758, 51.23836 ], [ 7.30605, 51.24095 ], [ 7.30377, 51.24249 ], [ 7.3028, 51.24368 ], [ 7.30019, 51.24442 ], [ 7.2978, 51.24567 ], [ 7.29681, 51.24652 ], [ 7.29653, 51.24786 ], [ 7.29753, 51.2486 ], [ 7.29958, 51.24913 ], [ 7.30236, 51.24904 ], [ 7.30409, 51.2497 ], [ 7.30662, 51.25137 ], [ 7.30646, 51.25179 ], [ 7.30472, 51.25278 ], [ 7.30316, 51.25321 ], [ 7.30237, 51.25311 ], [ 7.30152, 51.25265 ], [ 7.29953, 51.25032 ], [ 7.29877, 51.25006 ], [ 7.29162, 51.25038 ], [ 7.28955, 51.24959 ], [ 7.28368, 51.24972 ], [ 7.28281, 51.25006 ], [ 7.27952, 51.2535 ], [ 7.27518, 51.25946 ], [ 7.27346, 51.2597 ], [ 7.27223, 51.25939 ], [ 7.27203, 51.25587 ], [ 7.27163, 51.25511 ], [ 7.26995, 51.25465 ], [ 7.26991, 51.25553 ], [ 7.26777, 51.25575 ], [ 7.26675, 51.26063 ], [ 7.26992, 51.26515 ], [ 7.27017, 51.26654 ], [ 7.27206, 51.2687 ], [ 7.27293, 51.27053 ], [ 7.27776, 51.27232 ], [ 7.27579, 51.27485 ], [ 7.27478, 51.27786 ], [ 7.27333, 51.27811 ], [ 7.26661, 51.28463 ], [ 7.26512, 51.28421 ], [ 7.26473, 51.2852 ], [ 7.26356, 51.28595 ], [ 7.26096, 51.28491 ], [ 7.25945, 51.28359 ], [ 7.25737, 51.28321 ], [ 7.25638, 51.28365 ], [ 7.25651, 51.28463 ], [ 7.25573, 51.28665 ], [ 7.25635, 51.28898 ], [ 7.25606, 51.2906 ], [ 7.25677, 51.29189 ], [ 7.26036, 51.29476 ], [ 7.26017, 51.29495 ], [ 7.26068, 51.2954 ], [ 7.2617, 51.29818 ], [ 7.26289, 51.30494 ], [ 7.26281, 51.3059 ], [ 7.2636, 51.30744 ], [ 7.26451, 51.30804 ], [ 7.26602, 51.31085 ], [ 7.26585, 51.31173 ], [ 7.26478, 51.31263 ], [ 7.26247, 51.31318 ], [ 7.26063, 51.31288 ], [ 7.26013, 51.31335 ], [ 7.26314, 51.31425 ], [ 7.26464, 51.31504 ], [ 7.26463, 51.31604 ], [ 7.26393, 51.3181 ], [ 7.26085, 51.3171 ], [ 7.25942, 51.3163 ], [ 7.25697, 51.3161 ], [ 7.25642, 51.31679 ], [ 7.25353, 51.31566 ], [ 7.25388, 51.31529 ], [ 7.25124, 51.31425 ], [ 7.25051, 51.3148 ], [ 7.25023, 51.31454 ], [ 7.24858, 51.31493 ], [ 7.24625, 51.31337 ], [ 7.24571, 51.3136 ], [ 7.24387, 51.31331 ], [ 7.24413, 51.31268 ], [ 7.24094, 51.31189 ], [ 7.2412, 51.31164 ], [ 7.2369, 51.30996 ], [ 7.23375, 51.30811 ], [ 7.22903, 51.31055 ], [ 7.22851, 51.31017 ], [ 7.22829, 51.30938 ], [ 7.22577, 51.30787 ], [ 7.22467, 51.30889 ], [ 7.2209, 51.30768 ], [ 7.22321, 51.30605 ], [ 7.22326, 51.30526 ], [ 7.22035, 51.30496 ], [ 7.21919, 51.30416 ], [ 7.21367, 51.30256 ], [ 7.2109, 51.30242 ], [ 7.20821, 51.30157 ], [ 7.2078, 51.30202 ], [ 7.20116, 51.29781 ], [ 7.20138, 51.29648 ], [ 7.20035, 51.2957 ], [ 7.19943, 51.29553 ], [ 7.19983, 51.29508 ], [ 7.19784, 51.29458 ], [ 7.19706, 51.29489 ], [ 7.1955, 51.29472 ], [ 7.19448, 51.29485 ], [ 7.19435, 51.29513 ], [ 7.19341, 51.29498 ], [ 7.19299, 51.29539 ], [ 7.19163, 51.2951 ], [ 7.19151, 51.29564 ], [ 7.18966, 51.29505 ], [ 7.18822, 51.29641 ], [ 7.18577, 51.29596 ], [ 7.18523, 51.29757 ], [ 7.18546, 51.29778 ], [ 7.18443, 51.29765 ], [ 7.1838, 51.29862 ], [ 7.18275, 51.29825 ], [ 7.18224, 51.29913 ], [ 7.17929, 51.29847 ], [ 7.17238, 51.29828 ], [ 7.16865, 51.29759 ], [ 7.16901, 51.29829 ], [ 7.17276, 51.29951 ], [ 7.17887, 51.30325 ], [ 7.18074, 51.30548 ], [ 7.18074, 51.30575 ], [ 7.18025, 51.30571 ], [ 7.18021, 51.30617 ], [ 7.17824, 51.30623 ], [ 7.17736, 51.3069 ], [ 7.17765, 51.30749 ], [ 7.17738, 51.30855 ], [ 7.17671, 51.30934 ], [ 7.17594, 51.30953 ], [ 7.17581, 51.30996 ], [ 7.17494, 51.30993 ], [ 7.17477, 51.31024 ], [ 7.17286, 51.31013 ], [ 7.17235, 51.31067 ], [ 7.17142, 51.31062 ], [ 7.1706, 51.31101 ], [ 7.17045, 51.31219 ], [ 7.17009, 51.31252 ], [ 7.16704, 51.31283 ], [ 7.16634, 51.31228 ], [ 7.16068, 51.31014 ], [ 7.1544, 51.30959 ], [ 7.14934, 51.3081 ], [ 7.14632, 51.30755 ], [ 7.14463, 51.30648 ], [ 7.14449, 51.30685 ], [ 7.14337, 51.30627 ], [ 7.14206, 51.3066 ], [ 7.13625, 51.3059 ], [ 7.13471, 51.3062 ], [ 7.13374, 51.30682 ], [ 7.12895, 51.3044 ], [ 7.12848, 51.30445 ], [ 7.12882, 51.30417 ], [ 7.12401, 51.30159 ], [ 7.12325, 51.30164 ], [ 7.12274, 51.30204 ], [ 7.1211, 51.30126 ], [ 7.12013, 51.30166 ], [ 7.1204, 51.30235 ], [ 7.12008, 51.30305 ], [ 7.11826, 51.30459 ], [ 7.11829, 51.3051 ], [ 7.11698, 51.30596 ], [ 7.11527, 51.30444 ], [ 7.11398, 51.30398 ], [ 7.10536, 51.30217 ], [ 7.10301, 51.30095 ], [ 7.09911, 51.29776 ], [ 7.09614, 51.29443 ], [ 7.09637, 51.29398 ], [ 7.09576, 51.29287 ], [ 7.09577, 51.29229 ], [ 7.09641, 51.29188 ], [ 7.09797, 51.29118 ], [ 7.09849, 51.29131 ], [ 7.09899, 51.28974 ], [ 7.0952, 51.28804 ], [ 7.09609, 51.28602 ], [ 7.09778, 51.28579 ], [ 7.09817, 51.28545 ], [ 7.09717, 51.28444 ], [ 7.0954, 51.28456 ], [ 7.09576, 51.28344 ], [ 7.09765, 51.28259 ], [ 7.09562, 51.28256 ], [ 7.09464, 51.2821 ], [ 7.09199, 51.28168 ], [ 7.09108, 51.28096 ], [ 7.08923, 51.28167 ], [ 7.08717, 51.281 ], [ 7.08672, 51.28144 ], [ 7.08512, 51.28071 ], [ 7.08474, 51.28102 ], [ 7.0842, 51.28084 ], [ 7.08379, 51.28137 ], [ 7.08063, 51.28038 ], [ 7.07893, 51.27879 ], [ 7.07875, 51.27807 ], [ 7.0775, 51.27647 ], [ 7.07688, 51.27501 ], [ 7.07484, 51.27192 ], [ 7.0745, 51.27105 ], [ 7.07472, 51.2708 ], [ 7.07278, 51.26861 ], [ 7.0729, 51.2677 ], [ 7.06916, 51.26565 ], [ 7.06831, 51.26479 ], [ 7.06546, 51.26316 ], [ 7.06446, 51.26226 ], [ 7.06322, 51.26025 ], [ 7.06281, 51.26025 ], [ 7.06231, 51.2581 ], [ 7.06171, 51.25759 ], [ 7.06003, 51.25782 ], [ 7.05913, 51.25649 ], [ 7.05711, 51.25657 ], [ 7.05695, 51.25593 ], [ 7.05586, 51.2556 ], [ 7.05533, 51.25628 ], [ 7.05431, 51.25619 ], [ 7.05377, 51.25699 ], [ 7.05154, 51.25603 ], [ 7.04595, 51.25637 ], [ 7.04093, 51.25471 ], [ 7.04067, 51.25296 ], [ 7.03865, 51.25035 ], [ 7.03635, 51.24904 ], [ 7.03579, 51.24934 ], [ 7.03343, 51.24908 ], [ 7.03477, 51.24715 ], [ 7.03384, 51.24749 ], [ 7.02946, 51.24682 ], [ 7.02672, 51.24919 ], [ 7.02712, 51.24953 ], [ 7.02616, 51.2495 ], [ 7.02466, 51.24865 ], [ 7.02137, 51.24997 ], [ 7.01597, 51.24768 ], [ 7.01485, 51.24589 ], [ 7.01407, 51.24541 ], [ 7.01497, 51.2446 ], [ 7.02147, 51.24264 ], [ 7.0219, 51.24271 ], [ 7.0215, 51.24343 ], [ 7.02195, 51.24333 ], [ 7.02208, 51.24369 ], [ 7.02343, 51.24407 ], [ 7.02407, 51.24342 ], [ 7.02718, 51.24198 ], [ 7.03027, 51.24097 ], [ 7.033, 51.23925 ], [ 7.03263, 51.23899 ], [ 7.03264, 51.23788 ], [ 7.0352, 51.23766 ], [ 7.0364, 51.23642 ], [ 7.03864, 51.23532 ], [ 7.03636, 51.23411 ], [ 7.03786, 51.2334 ], [ 7.03762, 51.23215 ], [ 7.03703, 51.23202 ], [ 7.03794, 51.23038 ], [ 7.0407, 51.22755 ], [ 7.04166, 51.22791 ], [ 7.04368, 51.22966 ], [ 7.04713, 51.23151 ], [ 7.04735, 51.23128 ], [ 7.05055, 51.23251 ], [ 7.05172, 51.23248 ], [ 7.05181, 51.2309 ], [ 7.05005, 51.23094 ], [ 7.04748, 51.22954 ], [ 7.04495, 51.22873 ], [ 7.04548, 51.22799 ], [ 7.04469, 51.22679 ], [ 7.04541, 51.22642 ], [ 7.04364, 51.2253 ], [ 7.0415, 51.22527 ], [ 7.042, 51.22454 ], [ 7.0405, 51.22384 ], [ 7.04067, 51.22262 ], [ 7.04199, 51.22159 ], [ 7.04167, 51.22112 ], [ 7.04079, 51.2209 ], [ 7.03853, 51.2212 ], [ 7.03579, 51.22064 ], [ 7.03665, 51.22012 ], [ 7.03835, 51.22023 ], [ 7.03902, 51.21858 ], [ 7.0358, 51.21765 ], [ 7.03608, 51.21735 ], [ 7.03464, 51.21722 ], [ 7.03489, 51.21654 ], [ 7.03633, 51.2152 ], [ 7.04161, 51.21371 ], [ 7.04225, 51.21204 ], [ 7.04732, 51.20908 ], [ 7.04797, 51.20889 ], [ 7.05257, 51.21058 ], [ 7.0561, 51.21058 ], [ 7.05767, 51.21016 ], [ 7.06017, 51.21413 ], [ 7.06582, 51.21734 ], [ 7.0756, 51.2183 ], [ 7.0769, 51.21813 ], [ 7.08075, 51.21925 ], [ 7.08249, 51.22021 ], [ 7.0847, 51.21975 ], [ 7.09244, 51.22024 ], [ 7.09304, 51.21912 ], [ 7.09514, 51.21757 ], [ 7.09607, 51.21727 ], [ 7.09755, 51.21735 ], [ 7.10036, 51.21629 ], [ 7.10119, 51.21647 ], [ 7.10225, 51.21625 ], [ 7.10353, 51.21475 ], [ 7.10492, 51.21454 ], [ 7.1053, 51.21372 ], [ 7.10736, 51.21217 ], [ 7.10771, 51.21138 ], [ 7.10713, 51.20991 ], [ 7.1045, 51.20756 ], [ 7.10366, 51.20626 ], [ 7.1041, 51.20566 ], [ 7.10714, 51.20372 ], [ 7.10788, 51.20244 ], [ 7.10656, 51.19571 ], [ 7.11114, 51.18992 ], [ 7.11394, 51.18749 ], [ 7.11329, 51.18635 ], [ 7.11353, 51.18427 ], [ 7.11415, 51.18384 ], [ 7.12568, 51.18261 ], [ 7.12577, 51.18123 ], [ 7.12535, 51.18038 ], [ 7.12166, 51.17761 ], [ 7.12149, 51.17714 ], [ 7.12176, 51.17651 ], [ 7.12335, 51.17542 ], [ 7.12776, 51.1746 ], [ 7.12837, 51.17425 ], [ 7.13215, 51.16985 ], [ 7.13336, 51.16633 ] ] ] } },
{ "type": "Feature", "properties": { "stadt": "Bonn" }, "geometry": { "type": "Polygon", "coordinates": [ [ [ 7.03947, 50.7566 ], [ 7.03687, 50.75524 ], [ 7.03971, 50.75329 ], [ 7.03673, 50.75073 ], [ 7.03838, 50.75003 ], [ 7.03716, 50.74809 ], [ 7.03623, 50.74811 ], [ 7.03681, 50.74668 ], [ 7.03624, 50.74642 ], [ 7.03529, 50.74253 ], [ 7.03489, 50.74236 ], [ 7.03475, 50.74001 ], [ 7.03287, 50.73495 ], [ 7.03335, 50.73384 ], [ 7.03285, 50.73378 ], [ 7.03344, 50.7319 ], [ 7.03202, 50.73214 ], [ 7.03148, 50.73072 ], [ 7.03151, 50.72894 ], [ 7.02963, 50.72608 ], [ 7.03382, 50.72546 ], [ 7.03293, 50.724 ], [ 7.03722, 50.72127 ], [ 7.03854, 50.72025 ], [ 7.03843, 50.72003 ], [ 7.03892, 50.71965 ], [ 7.03925, 50.71982 ], [ 7.04033, 50.71886 ], [ 7.03466, 50.71579 ], [ 7.03197, 50.71483 ], [ 7.03064, 50.71326 ], [ 7.02766, 50.71109 ], [ 7.02615, 50.70878 ], [ 7.02254, 50.70647 ], [ 7.02328, 50.70524 ], [ 7.02306, 50.70459 ], [ 7.0251, 50.7042 ], [ 7.02485, 50.70398 ], [ 7.02572, 50.70321 ], [ 7.0276, 50.70251 ], [ 7.02805, 50.70182 ], [ 7.02807, 50.70103 ], [ 7.02879, 50.70066 ], [ 7.02866, 50.70039 ], [ 7.02913, 50.70018 ], [ 7.02895, 50.69994 ], [ 7.02943, 50.69965 ], [ 7.02977, 50.69886 ], [ 7.03212, 50.69909 ], [ 7.03303, 50.69755 ], [ 7.03226, 50.69656 ], [ 7.03179, 50.69476 ], [ 7.03112, 50.6941 ], [ 7.03073, 50.69308 ], [ 7.03644, 50.69098 ], [ 7.03523, 50.68968 ], [ 7.03908, 50.68851 ], [ 7.03856, 50.68802 ], [ 7.03708, 50.68826 ], [ 7.03736, 50.68694 ], [ 7.03537, 50.68657 ], [ 7.03563, 50.68638 ], [ 7.0329, 50.68113 ], [ 7.03123, 50.6801 ], [ 7.03137, 50.67862 ], [ 7.03408, 50.67784 ], [ 7.03934, 50.67719 ], [ 7.0431, 50.67463 ], [ 7.04425, 50.67438 ], [ 7.0428, 50.67105 ], [ 7.03979, 50.66648 ], [ 7.0409, 50.66465 ], [ 7.04089, 50.66396 ], [ 7.03743, 50.66171 ], [ 7.03657, 50.66144 ], [ 7.03408, 50.66149 ], [ 7.02892, 50.66371 ], [ 7.02666, 50.66506 ], [ 7.02482, 50.66542 ], [ 7.0239, 50.66426 ], [ 7.02486, 50.66455 ], [ 7.02485, 50.66401 ], [ 7.0241, 50.66372 ], [ 7.02351, 50.66248 ], [ 7.02373, 50.66152 ], [ 7.02347, 50.66147 ], [ 7.0259, 50.65434 ], [ 7.0267, 50.6551 ], [ 7.03246, 50.65462 ], [ 7.03622, 50.64998 ], [ 7.04541, 50.64437 ], [ 7.04803, 50.64198 ], [ 7.05008, 50.64123 ], [ 7.05191, 50.63961 ], [ 7.0593, 50.63843 ], [ 7.05706, 50.63304 ], [ 7.05953, 50.63269 ], [ 7.06163, 50.63303 ], [ 7.0636, 50.63286 ], [ 7.0752, 50.63722 ], [ 7.07536, 50.63828 ], [ 7.07476, 50.63948 ], [ 7.07498, 50.64067 ], [ 7.07601, 50.64211 ], [ 7.08047, 50.64433 ], [ 7.08185, 50.64433 ], [ 7.08236, 50.6461 ], [ 7.08712, 50.64827 ], [ 7.08736, 50.64887 ], [ 7.08853, 50.64874 ], [ 7.09117, 50.65044 ], [ 7.0957, 50.65228 ], [ 7.09764, 50.65388 ], [ 7.09866, 50.65521 ], [ 7.09994, 50.65609 ], [ 7.10415, 50.65792 ], [ 7.10536, 50.65954 ], [ 7.10635, 50.6589 ], [ 7.1079, 50.65846 ], [ 7.12238, 50.65618 ], [ 7.12382, 50.65524 ], [ 7.12337, 50.65498 ], [ 7.12372, 50.65457 ], [ 7.12149, 50.65421 ], [ 7.12498, 50.65175 ], [ 7.12771, 50.6472 ], [ 7.13204, 50.64829 ], [ 7.13824, 50.64889 ], [ 7.13833, 50.64937 ], [ 7.13931, 50.64954 ], [ 7.1391, 50.65013 ], [ 7.14415, 50.65122 ], [ 7.14473, 50.65172 ], [ 7.14624, 50.65191 ], [ 7.14686, 50.65244 ], [ 7.14991, 50.65347 ], [ 7.15258, 50.65364 ], [ 7.15391, 50.65445 ], [ 7.15806, 50.65514 ], [ 7.15874, 50.65473 ], [ 7.15971, 50.65498 ], [ 7.16162, 50.65483 ], [ 7.16153, 50.65455 ], [ 7.16262, 50.65398 ], [ 7.16234, 50.65347 ], [ 7.16301, 50.65332 ], [ 7.16355, 50.65256 ], [ 7.16532, 50.65298 ], [ 7.1657, 50.65217 ], [ 7.17018, 50.6524 ], [ 7.17022, 50.6517 ], [ 7.1719, 50.65185 ], [ 7.17196, 50.65144 ], [ 7.17273, 50.65195 ], [ 7.17333, 50.65109 ], [ 7.17464, 50.65108 ], [ 7.17722, 50.65268 ], [ 7.17799, 50.65218 ], [ 7.18136, 50.65215 ], [ 7.1854, 50.65081 ], [ 7.18603, 50.65053 ], [ 7.18563, 50.64968 ], [ 7.18728, 50.64929 ], [ 7.18711, 50.64878 ], [ 7.18878, 50.64846 ], [ 7.18876, 50.64765 ], [ 7.19134, 50.64523 ], [ 7.19254, 50.64491 ], [ 7.19251, 50.64455 ], [ 7.19431, 50.64249 ], [ 7.19515, 50.64296 ], [ 7.19738, 50.64602 ], [ 7.19984, 50.64761 ], [ 7.19901, 50.64827 ], [ 7.2008, 50.64888 ], [ 7.20054, 50.64925 ], [ 7.20292, 50.64989 ], [ 7.20326, 50.64914 ], [ 7.20517, 50.64954 ], [ 7.20541, 50.64907 ], [ 7.21068, 50.64975 ], [ 7.20826, 50.6534 ], [ 7.19471, 50.66664 ], [ 7.18664, 50.67648 ], [ 7.17703, 50.6858 ], [ 7.17395, 50.69043 ], [ 7.16991, 50.70026 ], [ 7.16826, 50.70337 ], [ 7.17177, 50.7043 ], [ 7.1716, 50.7045 ], [ 7.17453, 50.7055 ], [ 7.17475, 50.70512 ], [ 7.17852, 50.70613 ], [ 7.17745, 50.70779 ], [ 7.18031, 50.70835 ], [ 7.18199, 50.70929 ], [ 7.18275, 50.70915 ], [ 7.18342, 50.70938 ], [ 7.18362, 50.70982 ], [ 7.18502, 50.71027 ], [ 7.18531, 50.71001 ], [ 7.18647, 50.71029 ], [ 7.18793, 50.71111 ], [ 7.18912, 50.71141 ], [ 7.19085, 50.71095 ], [ 7.1941, 50.71067 ], [ 7.19697, 50.71334 ], [ 7.1962, 50.71431 ], [ 7.19584, 50.71433 ], [ 7.19546, 50.7171 ], [ 7.19583, 50.71717 ], [ 7.19571, 50.71933 ], [ 7.19194, 50.72637 ], [ 7.19067, 50.72719 ], [ 7.1908, 50.7274 ], [ 7.19149, 50.72698 ], [ 7.19199, 50.72727 ], [ 7.19425, 50.72744 ], [ 7.19261, 50.72879 ], [ 7.19806, 50.73193 ], [ 7.20908, 50.73674 ], [ 7.20565, 50.7409 ], [ 7.20461, 50.74134 ], [ 7.20497, 50.74172 ], [ 7.20398, 50.74225 ], [ 7.20503, 50.74257 ], [ 7.204, 50.74384 ], [ 7.20388, 50.7445 ], [ 7.20172, 50.74498 ], [ 7.20136, 50.74562 ], [ 7.20008, 50.74619 ], [ 7.19952, 50.74789 ], [ 7.19736, 50.7465 ], [ 7.19713, 50.74678 ], [ 7.19616, 50.74615 ], [ 7.19498, 50.74442 ], [ 7.195, 50.74379 ], [ 7.19246, 50.74449 ], [ 7.19219, 50.74499 ], [ 7.19245, 50.74549 ], [ 7.1916, 50.74659 ], [ 7.19301, 50.74688 ], [ 7.18842, 50.74837 ], [ 7.18395, 50.74852 ], [ 7.18269, 50.75175 ], [ 7.17972, 50.75152 ], [ 7.17815, 50.75079 ], [ 7.17628, 50.75247 ], [ 7.16998, 50.75233 ], [ 7.16926, 50.75317 ], [ 7.16671, 50.7541 ], [ 7.1644, 50.75562 ], [ 7.15833, 50.75305 ], [ 7.15688, 50.75403 ], [ 7.15471, 50.75621 ], [ 7.15379, 50.7589 ], [ 7.15274, 50.75973 ], [ 7.14484, 50.76236 ], [ 7.14559, 50.76281 ], [ 7.14477, 50.76346 ], [ 7.14529, 50.76376 ], [ 7.1445, 50.76448 ], [ 7.14536, 50.76496 ], [ 7.14232, 50.76719 ], [ 7.14232, 50.76761 ], [ 7.14204, 50.76748 ], [ 7.13988, 50.76909 ], [ 7.13538, 50.77103 ], [ 7.13485, 50.77076 ], [ 7.1324, 50.77214 ], [ 7.12781, 50.77314 ], [ 7.12783, 50.77336 ], [ 7.1271, 50.77342 ], [ 7.12536, 50.77441 ], [ 7.12394, 50.77339 ], [ 7.12156, 50.77245 ], [ 7.11541, 50.77173 ], [ 7.11282, 50.77115 ], [ 7.11082, 50.77028 ], [ 7.10831, 50.76804 ], [ 7.10716, 50.76421 ], [ 7.1063, 50.76302 ], [ 7.10361, 50.76201 ], [ 7.10052, 50.76156 ], [ 7.09687, 50.76165 ], [ 7.09283, 50.7628 ], [ 7.08201, 50.76779 ], [ 7.0772, 50.76871 ], [ 7.07579, 50.76727 ], [ 7.0667, 50.77085 ], [ 7.0648, 50.76893 ], [ 7.05631, 50.76311 ], [ 7.05409, 50.76467 ], [ 7.05284, 50.76404 ], [ 7.05136, 50.76514 ], [ 7.04889, 50.76365 ], [ 7.0482, 50.76387 ], [ 7.0446, 50.76177 ], [ 7.03993, 50.75817 ], [ 7.03837, 50.75909 ], [ 7.03706, 50.75791 ], [ 7.03947, 50.7566 ] ] ] } },
{ "type": "Feature", "properties": { "stadt": "Bielefeld" }, "geometry": { "type": "Polygon", "coordinates": [ [ [ 8.6353, 52.06215 ], [ 8.62957, 52.06153 ], [ 8.62986, 52.06387 ], [ 8.62713, 52.0637 ], [ 8.62505, 52.06536 ], [ 8.6211, 52.06694 ], [ 8.62088, 52.06669 ], [ 8.61875, 52.06731 ], [ 8.61701, 52.06734 ], [ 8.61655, 52.06907 ], [ 8.61871, 52.07108 ], [ 8.61903, 52.07255 ], [ 8.61856, 52.07366 ], [ 8.61949, 52.07468 ], [ 8.6217, 52.07571 ], [ 8.62106, 52.0759 ], [ 8.62112, 52.07638 ], [ 8.62037, 52.07624 ], [ 8.61993, 52.07739 ], [ 8.61663, 52.07727 ], [ 8.61463, 52.07757 ], [ 8.61442, 52.07721 ], [ 8.61219, 52.07708 ], [ 8.60788, 52.07739 ], [ 8.60734, 52.08001 ], [ 8.60767, 52.08322 ], [ 8.60521, 52.08346 ], [ 8.60473, 52.08473 ], [ 8.60535, 52.08597 ], [ 8.6079, 52.08766 ], [ 8.60814, 52.08839 ], [ 8.60327, 52.08922 ], [ 8.60094, 52.08902 ], [ 8.6027, 52.08865 ], [ 8.59917, 52.08721 ], [ 8.59704, 52.08696 ], [ 8.59327, 52.08529 ], [ 8.59277, 52.0854 ], [ 8.58994, 52.08377 ], [ 8.58778, 52.08337 ], [ 8.58692, 52.08182 ], [ 8.58469, 52.08196 ], [ 8.58405, 52.07927 ], [ 8.58042, 52.07555 ], [ 8.57883, 52.07557 ], [ 8.57846, 52.07531 ], [ 8.57405, 52.07591 ], [ 8.57353, 52.0758 ], [ 8.57355, 52.07524 ], [ 8.57066, 52.07576 ], [ 8.57052, 52.07683 ], [ 8.56982, 52.07722 ], [ 8.56928, 52.07812 ], [ 8.57005, 52.07863 ], [ 8.57014, 52.07898 ], [ 8.56982, 52.07907 ], [ 8.57007, 52.0792 ], [ 8.5689, 52.08089 ], [ 8.56766, 52.08198 ], [ 8.56814, 52.08227 ], [ 8.568, 52.08291 ], [ 8.56558, 52.08522 ], [ 8.56561, 52.08623 ], [ 8.56514, 52.08744 ], [ 8.56555, 52.08904 ], [ 8.56335, 52.09154 ], [ 8.56348, 52.09251 ], [ 8.56499, 52.09193 ], [ 8.56741, 52.09233 ], [ 8.5699, 52.09348 ], [ 8.57023, 52.09372 ], [ 8.56897, 52.09518 ], [ 8.56984, 52.09603 ], [ 8.5729, 52.09783 ], [ 8.57063, 52.09924 ], [ 8.57035, 52.09912 ], [ 8.57008, 52.10015 ], [ 8.56748, 52.10017 ], [ 8.56733, 52.10078 ], [ 8.56961, 52.10101 ], [ 8.56903, 52.10142 ], [ 8.56957, 52.10168 ], [ 8.56784, 52.10286 ], [ 8.57067, 52.1036 ], [ 8.56896, 52.1062 ], [ 8.56858, 52.10571 ], [ 8.56731, 52.10668 ], [ 8.56414, 52.10594 ], [ 8.5599, 52.10871 ], [ 8.55933, 52.10785 ], [ 8.55726, 52.10694 ], [ 8.55627, 52.10398 ], [ 8.55449, 52.1023 ], [ 8.55487, 52.1015 ], [ 8.55466, 52.10152 ], [ 8.54778, 52.10586 ], [ 8.54704, 52.10554 ], [ 8.54472, 52.10596 ], [ 8.54432, 52.10658 ], [ 8.54209, 52.10711 ], [ 8.53738, 52.10763 ], [ 8.53491, 52.10745 ], [ 8.53316, 52.10797 ], [ 8.53055, 52.10812 ], [ 8.52592, 52.11017 ], [ 8.51859, 52.1109 ], [ 8.51842, 52.11125 ], [ 8.51712, 52.11141 ], [ 8.51674, 52.11397 ], [ 8.51583, 52.11391 ], [ 8.51586, 52.11466 ], [ 8.51008, 52.11324 ], [ 8.50893, 52.11477 ], [ 8.50837, 52.11451 ], [ 8.50981, 52.11169 ], [ 8.50819, 52.11101 ], [ 8.50699, 52.11161 ], [ 8.50618, 52.11077 ], [ 8.505, 52.1111 ], [ 8.5031, 52.11108 ], [ 8.50288, 52.10987 ], [ 8.50545, 52.11016 ], [ 8.50746, 52.10992 ], [ 8.50392, 52.10887 ], [ 8.50073, 52.1073 ], [ 8.49899, 52.10793 ], [ 8.49657, 52.10769 ], [ 8.49128, 52.10815 ], [ 8.48954, 52.10971 ], [ 8.48841, 52.10939 ], [ 8.48536, 52.10795 ], [ 8.48602, 52.10753 ], [ 8.48448, 52.10635 ], [ 8.48288, 52.10609 ], [ 8.48245, 52.10638 ], [ 8.48076, 52.10587 ], [ 8.482, 52.10325 ], [ 8.47879, 52.10195 ], [ 8.47706, 52.10379 ], [ 8.47368, 52.10275 ], [ 8.47155, 52.10078 ], [ 8.4719, 52.10058 ], [ 8.47058, 52.09887 ], [ 8.47036, 52.09811 ], [ 8.47115, 52.09686 ], [ 8.47191, 52.09677 ], [ 8.47146, 52.09512 ], [ 8.47184, 52.09407 ], [ 8.47242, 52.09389 ], [ 8.47164, 52.09217 ], [ 8.47246, 52.09044 ], [ 8.46411, 52.09023 ], [ 8.46517, 52.08853 ], [ 8.46295, 52.08806 ], [ 8.46269, 52.0875 ], [ 8.46153, 52.0871 ], [ 8.45956, 52.08673 ], [ 8.45981, 52.08519 ], [ 8.45754, 52.0848 ], [ 8.4579, 52.08413 ], [ 8.45935, 52.08433 ], [ 8.45901, 52.08319 ], [ 8.45837, 52.08274 ], [ 8.45801, 52.08167 ], [ 8.45933, 52.08006 ], [ 8.45892, 52.07932 ], [ 8.45923, 52.07842 ], [ 8.45842, 52.07862 ], [ 8.45838, 52.07751 ], [ 8.4587, 52.07745 ], [ 8.45841, 52.07685 ], [ 8.45703, 52.07574 ], [ 8.456, 52.07604 ], [ 8.45504, 52.07579 ], [ 8.45466, 52.07536 ], [ 8.45569, 52.07424 ], [ 8.45791, 52.07288 ], [ 8.45441, 52.0729 ], [ 8.4545, 52.0717 ], [ 8.45265, 52.07153 ], [ 8.45306, 52.07056 ], [ 8.45292, 52.07004 ], [ 8.44885, 52.0695 ], [ 8.4482, 52.06816 ], [ 8.44651, 52.06742 ], [ 8.44771, 52.06643 ], [ 8.44772, 52.06539 ], [ 8.44581, 52.06293 ], [ 8.44782, 52.06228 ], [ 8.44952, 52.06228 ], [ 8.45023, 52.06151 ], [ 8.45086, 52.0615 ], [ 8.45023, 52.06139 ], [ 8.44673, 52.05906 ], [ 8.44702, 52.05861 ], [ 8.44662, 52.05833 ], [ 8.44684, 52.05772 ], [ 8.44776, 52.05631 ], [ 8.4479, 52.05547 ], [ 8.44894, 52.05499 ], [ 8.45045, 52.05369 ], [ 8.45234, 52.05367 ], [ 8.45119, 52.05256 ], [ 8.45333, 52.05181 ], [ 8.45269, 52.05067 ], [ 8.45337, 52.05011 ], [ 8.44948, 52.04819 ], [ 8.44663, 52.04729 ], [ 8.44498, 52.0471 ], [ 8.44529, 52.04679 ], [ 8.44124, 52.04606 ], [ 8.43908, 52.0469 ], [ 8.43909, 52.04747 ], [ 8.43765, 52.04901 ], [ 8.43595, 52.04865 ], [ 8.43452, 52.04934 ], [ 8.43329, 52.04825 ], [ 8.4327, 52.04812 ], [ 8.43232, 52.04739 ], [ 8.431, 52.04775 ], [ 8.42182, 52.04501 ], [ 8.42246, 52.04453 ], [ 8.42095, 52.04369 ], [ 8.42555, 52.04065 ], [ 8.42826, 52.03675 ], [ 8.42974, 52.03567 ], [ 8.42998, 52.03487 ], [ 8.43136, 52.03346 ], [ 8.43341, 52.02931 ], [ 8.43599, 52.02742 ], [ 8.44338, 52.0242 ], [ 8.45703, 52.02109 ], [ 8.45697, 52.02033 ], [ 8.4596, 52.01982 ], [ 8.46137, 52.01887 ], [ 8.46032, 52.01808 ], [ 8.46001, 52.01719 ], [ 8.46035, 52.0163 ], [ 8.46157, 52.01573 ], [ 8.46006, 52.01507 ], [ 8.45711, 52.01516 ], [ 8.45595, 52.01377 ], [ 8.45654, 52.01358 ], [ 8.45627, 52.01326 ], [ 8.45693, 52.01305 ], [ 8.45626, 52.01239 ], [ 8.45645, 52.01237 ], [ 8.45599, 52.01153 ], [ 8.45615, 52.01061 ], [ 8.4559, 52.00995 ], [ 8.45486, 52.00882 ], [ 8.45598, 52.00796 ], [ 8.45499, 52.00687 ], [ 8.45339, 52.00592 ], [ 8.45367, 52.00565 ], [ 8.45228, 52.00424 ], [ 8.45199, 52.0029 ], [ 8.45369, 52.00206 ], [ 8.45369, 52.00078 ], [ 8.45506, 52.00002 ], [ 8.45551, 51.99896 ], [ 8.45409, 51.99863 ], [ 8.45272, 51.99776 ], [ 8.45413, 51.99723 ], [ 8.45383, 51.99674 ], [ 8.4479, 51.99447 ], [ 8.44913, 51.9928 ], [ 8.44907, 51.99154 ], [ 8.45094, 51.98896 ], [ 8.44884, 51.98882 ], [ 8.43698, 51.98639 ], [ 8.43394, 51.98547 ], [ 8.43527, 51.98428 ], [ 8.43361, 51.98334 ], [ 8.43365, 51.98203 ], [ 8.43732, 51.98106 ], [ 8.43778, 51.97973 ], [ 8.43751, 51.97909 ], [ 8.43708, 51.97948 ], [ 8.43615, 51.9792 ], [ 8.43479, 51.98067 ], [ 8.43238, 51.98006 ], [ 8.43198, 51.97982 ], [ 8.43278, 51.97867 ], [ 8.43028, 51.97828 ], [ 8.43028, 51.97775 ], [ 8.42575, 51.97619 ], [ 8.42721, 51.97504 ], [ 8.42658, 51.97498 ], [ 8.42698, 51.97462 ], [ 8.42173, 51.97367 ], [ 8.41615, 51.97393 ], [ 8.40998, 51.97279 ], [ 8.4083, 51.97329 ], [ 8.40773, 51.97289 ], [ 8.40817, 51.97239 ], [ 8.40804, 51.97216 ], [ 8.40612, 51.96973 ], [ 8.39961, 51.96927 ], [ 8.39787, 51.96975 ], [ 8.39715, 51.97042 ], [ 8.39698, 51.97284 ], [ 8.39401, 51.97265 ], [ 8.3934, 51.97428 ], [ 8.39232, 51.9742 ], [ 8.39158, 51.97458 ], [ 8.39009, 51.97417 ], [ 8.38938, 51.97452 ], [ 8.38843, 51.97425 ], [ 8.38653, 51.97433 ], [ 8.38462, 51.97517 ], [ 8.38112, 51.97497 ], [ 8.38069, 51.97488 ], [ 8.38079, 51.97424 ], [ 8.38147, 51.97418 ], [ 8.38132, 51.97337 ], [ 8.37782, 51.97281 ], [ 8.37815, 51.9712 ], [ 8.37868, 51.97014 ], [ 8.37948, 51.97029 ], [ 8.38067, 51.96963 ], [ 8.38417, 51.96709 ], [ 8.38793, 51.96821 ], [ 8.39009, 51.9684 ], [ 8.39062, 51.96709 ], [ 8.39224, 51.96719 ], [ 8.39222, 51.96515 ], [ 8.38904, 51.9653 ], [ 8.38913, 51.96465 ], [ 8.39149, 51.96219 ], [ 8.39332, 51.96257 ], [ 8.39371, 51.96133 ], [ 8.39071, 51.96087 ], [ 8.39127, 51.95995 ], [ 8.39503, 51.96051 ], [ 8.39536, 51.95903 ], [ 8.39627, 51.95747 ], [ 8.40396, 51.95929 ], [ 8.40451, 51.95854 ], [ 8.40694, 51.95885 ], [ 8.40674, 51.96007 ], [ 8.40735, 51.96014 ], [ 8.40779, 51.96019 ], [ 8.40811, 51.95888 ], [ 8.41069, 51.95913 ], [ 8.4108, 51.95882 ], [ 8.41423, 51.95936 ], [ 8.41303, 51.96046 ], [ 8.41417, 51.96085 ], [ 8.4152, 51.96096 ], [ 8.41597, 51.96053 ], [ 8.41507, 51.95905 ], [ 8.41692, 51.95904 ], [ 8.41966, 51.95992 ], [ 8.42088, 51.95798 ], [ 8.42075, 51.95706 ], [ 8.42018, 51.95674 ], [ 8.4209, 51.95585 ], [ 8.42117, 51.95439 ], [ 8.42251, 51.9541 ], [ 8.42385, 51.95156 ], [ 8.42359, 51.95134 ], [ 8.42814, 51.94577 ], [ 8.42652, 51.94576 ], [ 8.42719, 51.94465 ], [ 8.42858, 51.94471 ], [ 8.43073, 51.94581 ], [ 8.43135, 51.94565 ], [ 8.43321, 51.94615 ], [ 8.43542, 51.94575 ], [ 8.43552, 51.9454 ], [ 8.43644, 51.94526 ], [ 8.44147, 51.94658 ], [ 8.44502, 51.94676 ], [ 8.44577, 51.94773 ], [ 8.45674, 51.94893 ], [ 8.46209, 51.94916 ], [ 8.46698, 51.95039 ], [ 8.46736, 51.95006 ], [ 8.46721, 51.94988 ], [ 8.46909, 51.94961 ], [ 8.47076, 51.94621 ], [ 8.472, 51.94638 ], [ 8.4722, 51.94602 ], [ 8.4721, 51.94509 ], [ 8.46984, 51.94481 ], [ 8.46972, 51.9436 ], [ 8.47288, 51.94386 ], [ 8.47234, 51.94452 ], [ 8.47413, 51.94436 ], [ 8.47724, 51.9451 ], [ 8.48254, 51.94554 ], [ 8.48343, 51.94404 ], [ 8.48445, 51.9445 ], [ 8.48483, 51.94406 ], [ 8.48686, 51.94531 ], [ 8.48763, 51.94397 ], [ 8.48711, 51.94345 ], [ 8.48929, 51.94256 ], [ 8.48987, 51.94313 ], [ 8.49144, 51.94154 ], [ 8.4908, 51.94014 ], [ 8.49399, 51.93984 ], [ 8.49326, 51.93828 ], [ 8.4952, 51.93644 ], [ 8.49411, 51.93569 ], [ 8.49545, 51.9352 ], [ 8.49825, 51.93322 ], [ 8.4961, 51.93114 ], [ 8.49917, 51.92694 ], [ 8.50105, 51.92495 ], [ 8.50292, 51.92358 ], [ 8.50383, 51.92338 ], [ 8.50469, 51.92146 ], [ 8.50599, 51.91487 ], [ 8.51193, 51.92002 ], [ 8.53277, 51.92646 ], [ 8.53288, 51.92586 ], [ 8.53368, 51.92506 ], [ 8.53633, 51.92458 ], [ 8.53883, 51.92237 ], [ 8.54195, 51.9234 ], [ 8.54381, 51.92437 ], [ 8.54547, 51.9257 ], [ 8.54658, 51.92496 ], [ 8.54567, 51.92403 ], [ 8.54781, 51.91931 ], [ 8.5461, 51.91904 ], [ 8.54611, 51.91975 ], [ 8.54378, 51.9201 ], [ 8.54213, 51.91955 ], [ 8.5433, 51.91706 ], [ 8.54404, 51.91716 ], [ 8.54453, 51.91586 ], [ 8.54502, 51.9155 ], [ 8.54858, 51.91634 ], [ 8.54765, 51.91779 ], [ 8.55209, 51.91856 ], [ 8.55274, 51.91836 ], [ 8.55515, 51.91863 ], [ 8.55822, 51.9193 ], [ 8.55887, 51.92166 ], [ 8.56046, 51.92206 ], [ 8.56088, 51.92414 ], [ 8.56187, 51.92408 ], [ 8.56127, 51.92523 ], [ 8.56203, 51.92538 ], [ 8.56244, 51.9244 ], [ 8.56419, 51.9248 ], [ 8.5648, 51.92455 ], [ 8.56508, 51.92499 ], [ 8.5656, 51.92503 ], [ 8.56919, 51.92344 ], [ 8.57738, 51.92163 ], [ 8.58115, 51.92051 ], [ 8.58144, 51.92014 ], [ 8.58332, 51.92045 ], [ 8.58881, 51.92414 ], [ 8.59986, 51.92513 ], [ 8.60698, 51.92731 ], [ 8.6067, 51.9278 ], [ 8.60929, 51.92973 ], [ 8.61181, 51.92986 ], [ 8.61396, 51.93112 ], [ 8.61603, 51.93112 ], [ 8.61691, 51.93192 ], [ 8.62049, 51.93305 ], [ 8.62525, 51.93587 ], [ 8.62622, 51.93692 ], [ 8.62662, 51.9406 ], [ 8.62949, 51.94506 ], [ 8.63085, 51.94599 ], [ 8.63214, 51.94607 ], [ 8.63373, 51.94665 ], [ 8.63393, 51.94808 ], [ 8.63362, 51.94887 ], [ 8.6348, 51.94918 ], [ 8.63522, 51.94985 ], [ 8.63735, 51.95091 ], [ 8.63897, 51.95218 ], [ 8.64204, 51.95335 ], [ 8.64157, 51.9534 ], [ 8.64179, 51.95394 ], [ 8.64253, 51.95417 ], [ 8.64269, 51.95469 ], [ 8.64412, 51.95504 ], [ 8.64418, 51.95581 ], [ 8.64665, 51.95858 ], [ 8.64772, 51.9593 ], [ 8.64928, 51.95911 ], [ 8.64969, 51.95931 ], [ 8.64975, 51.95996 ], [ 8.64863, 51.96061 ], [ 8.64164, 51.96362 ], [ 8.64173, 51.96459 ], [ 8.64127, 51.96485 ], [ 8.64171, 51.96672 ], [ 8.64106, 51.9671 ], [ 8.64311, 51.96935 ], [ 8.64267, 51.9698 ], [ 8.64288, 51.97078 ], [ 8.6483, 51.9719 ], [ 8.65095, 51.973 ], [ 8.65406, 51.97759 ], [ 8.65423, 51.97849 ], [ 8.65303, 51.97931 ], [ 8.65236, 51.98598 ], [ 8.65093, 51.98631 ], [ 8.65096, 51.98733 ], [ 8.65055, 51.98785 ], [ 8.65034, 51.98907 ], [ 8.6492, 51.9895 ], [ 8.64923, 51.99054 ], [ 8.64832, 51.99145 ], [ 8.64889, 51.99483 ], [ 8.64933, 51.99528 ], [ 8.64884, 51.99544 ], [ 8.64925, 51.99553 ], [ 8.64987, 51.99634 ], [ 8.64981, 51.99773 ], [ 8.65034, 51.99812 ], [ 8.64975, 51.99858 ], [ 8.64999, 51.99902 ], [ 8.65426, 52.00202 ], [ 8.65583, 52.00375 ], [ 8.65664, 52.00415 ], [ 8.65668, 52.00508 ], [ 8.65736, 52.00534 ], [ 8.65737, 52.00568 ], [ 8.65879, 52.00681 ], [ 8.65912, 52.00744 ], [ 8.65891, 52.00834 ], [ 8.6615, 52.00983 ], [ 8.66019, 52.01025 ], [ 8.66018, 52.01071 ], [ 8.66051, 52.01116 ], [ 8.66112, 52.01115 ], [ 8.6612, 52.01199 ], [ 8.66223, 52.01249 ], [ 8.66119, 52.01589 ], [ 8.65993, 52.01584 ], [ 8.6597, 52.01615 ], [ 8.65911, 52.01603 ], [ 8.65839, 52.01638 ], [ 8.659, 52.01716 ], [ 8.65876, 52.01749 ], [ 8.6577, 52.01784 ], [ 8.65758, 52.01817 ], [ 8.65673, 52.01825 ], [ 8.65697, 52.01848 ], [ 8.65625, 52.01879 ], [ 8.65496, 52.01866 ], [ 8.65456, 52.01917 ], [ 8.65042, 52.0191 ], [ 8.64767, 52.02058 ], [ 8.64691, 52.02305 ], [ 8.64376, 52.02404 ], [ 8.642, 52.02519 ], [ 8.64212, 52.02663 ], [ 8.64248, 52.027 ], [ 8.64232, 52.02763 ], [ 8.64411, 52.0302 ], [ 8.64812, 52.03418 ], [ 8.65068, 52.03375 ], [ 8.65521, 52.03448 ], [ 8.65654, 52.03639 ], [ 8.65996, 52.03849 ], [ 8.66065, 52.03936 ], [ 8.65986, 52.04009 ], [ 8.66129, 52.04332 ], [ 8.66082, 52.04519 ], [ 8.66115, 52.04525 ], [ 8.66154, 52.04775 ], [ 8.66223, 52.04895 ], [ 8.66216, 52.04966 ], [ 8.66335, 52.05382 ], [ 8.66088, 52.05469 ], [ 8.66044, 52.05565 ], [ 8.66015, 52.0556 ], [ 8.6607, 52.0576 ], [ 8.65433, 52.05886 ], [ 8.65423, 52.05918 ], [ 8.65166, 52.05947 ], [ 8.65101, 52.05913 ], [ 8.65126, 52.05824 ], [ 8.64797, 52.05786 ], [ 8.64735, 52.05978 ], [ 8.64335, 52.06024 ], [ 8.64342, 52.06112 ], [ 8.64214, 52.06119 ], [ 8.64108, 52.06054 ], [ 8.63962, 52.06065 ], [ 8.6353, 52.06215 ] ] ] } },
{ "type": "Feature", "properties": { "stadt": "Münster" }, "geometry": { "type": "Polygon", "coordinates": [ [ [ 7.55925, 52.04329 ], [ 7.55252, 52.04104 ], [ 7.55157, 52.03994 ], [ 7.54881, 52.03865 ], [ 7.54185, 52.03699 ], [ 7.54197, 52.03647 ], [ 7.53913, 52.03534 ], [ 7.53338, 52.03359 ], [ 7.53298, 52.03395 ], [ 7.53133, 52.03339 ], [ 7.53432, 52.03061 ], [ 7.53441, 52.03 ], [ 7.53413, 52.0299 ], [ 7.5356, 52.02785 ], [ 7.53317, 52.02712 ], [ 7.53414, 52.02506 ], [ 7.53201, 52.0234 ], [ 7.53343, 52.02167 ], [ 7.53436, 52.01973 ], [ 7.53388, 52.0196 ], [ 7.53398, 52.01941 ], [ 7.53253, 52.01823 ], [ 7.52962, 52.0173 ], [ 7.52718, 52.01686 ], [ 7.52592, 52.01723 ], [ 7.52351, 52.01724 ], [ 7.52401, 52.01493 ], [ 7.52112, 52.01486 ], [ 7.52135, 52.01365 ], [ 7.51752, 52.01311 ], [ 7.51401, 52.01221 ], [ 7.51591, 52.00921 ], [ 7.51569, 52.00894 ], [ 7.51333, 52.00878 ], [ 7.52047, 51.99925 ], [ 7.51903, 51.99941 ], [ 7.51335, 51.99879 ], [ 7.51491, 51.99625 ], [ 7.51358, 51.9953 ], [ 7.51581, 51.9929 ], [ 7.51696, 51.98944 ], [ 7.51828, 51.98723 ], [ 7.51501, 51.98621 ], [ 7.51594, 51.98495 ], [ 7.51767, 51.98419 ], [ 7.51961, 51.9824 ], [ 7.5206, 51.98104 ], [ 7.52081, 51.97835 ], [ 7.52265, 51.97805 ], [ 7.51941, 51.97632 ], [ 7.51203, 51.97312 ], [ 7.51013, 51.97124 ], [ 7.50871, 51.96908 ], [ 7.50445, 51.96962 ], [ 7.50185, 51.96961 ], [ 7.49967, 51.96911 ], [ 7.49997, 51.96848 ], [ 7.49916, 51.96817 ], [ 7.49845, 51.96849 ], [ 7.49711, 51.9677 ], [ 7.49693, 51.96692 ], [ 7.49486, 51.96628 ], [ 7.49504, 51.96575 ], [ 7.49444, 51.96519 ], [ 7.49421, 51.96411 ], [ 7.4932, 51.96391 ], [ 7.49326, 51.9631 ], [ 7.49117, 51.9627 ], [ 7.49087, 51.96151 ], [ 7.48644, 51.96122 ], [ 7.48828, 51.95928 ], [ 7.4877, 51.95912 ], [ 7.48724, 51.95944 ], [ 7.48686, 51.95889 ], [ 7.48291, 51.95829 ], [ 7.48326, 51.95786 ], [ 7.4806, 51.95744 ], [ 7.48108, 51.95648 ], [ 7.4809, 51.95626 ], [ 7.48141, 51.95605 ], [ 7.48126, 51.95577 ], [ 7.47767, 51.95505 ], [ 7.48038, 51.95171 ], [ 7.47978, 51.94977 ], [ 7.47875, 51.94979 ], [ 7.47882, 51.9487 ], [ 7.47854, 51.94843 ], [ 7.47896, 51.94519 ], [ 7.47806, 51.94519 ], [ 7.47934, 51.94314 ], [ 7.47449, 51.94227 ], [ 7.47429, 51.94221 ], [ 7.47452, 51.94193 ], [ 7.47379, 51.94163 ], [ 7.4743, 51.94049 ], [ 7.47512, 51.94021 ], [ 7.47546, 51.93956 ], [ 7.47668, 51.93974 ], [ 7.47766, 51.94083 ], [ 7.48017, 51.94133 ], [ 7.48047, 51.94103 ], [ 7.48235, 51.94154 ], [ 7.48523, 51.94097 ], [ 7.48519, 51.94043 ], [ 7.4858, 51.93955 ], [ 7.48704, 51.93887 ], [ 7.49437, 51.93988 ], [ 7.5083, 51.93627 ], [ 7.51169, 51.93579 ], [ 7.51211, 51.93241 ], [ 7.50775, 51.93137 ], [ 7.50909, 51.92694 ], [ 7.5032, 51.92728 ], [ 7.50517, 51.92489 ], [ 7.50675, 51.92222 ], [ 7.50766, 51.92244 ], [ 7.50501, 51.91711 ], [ 7.50536, 51.91402 ], [ 7.50572, 51.91362 ], [ 7.50743, 51.91335 ], [ 7.50904, 51.91398 ], [ 7.51067, 51.91241 ], [ 7.51132, 51.91116 ], [ 7.51087, 51.90878 ], [ 7.51209, 51.90733 ], [ 7.51229, 51.90639 ], [ 7.51221, 51.90527 ], [ 7.50892, 51.90279 ], [ 7.5087, 51.90214 ], [ 7.50916, 51.90039 ], [ 7.50883, 51.898 ], [ 7.50841, 51.89715 ], [ 7.51006, 51.89498 ], [ 7.50983, 51.89427 ], [ 7.51339, 51.89621 ], [ 7.52476, 51.89943 ], [ 7.52768, 51.90091 ], [ 7.5327, 51.90102 ], [ 7.53281, 51.90053 ], [ 7.53531, 51.90102 ], [ 7.53515, 51.89881 ], [ 7.53464, 51.89884 ], [ 7.53437, 51.89773 ], [ 7.535, 51.8977 ], [ 7.53478, 51.89725 ], [ 7.53506, 51.89473 ], [ 7.53554, 51.89414 ], [ 7.53544, 51.89238 ], [ 7.53469, 51.89217 ], [ 7.53457, 51.8917 ], [ 7.53469, 51.88967 ], [ 7.53564, 51.88703 ], [ 7.53529, 51.88702 ], [ 7.53776, 51.88387 ], [ 7.54154, 51.88454 ], [ 7.5434, 51.88066 ], [ 7.54641, 51.88114 ], [ 7.54655, 51.88065 ], [ 7.54464, 51.878 ], [ 7.54626, 51.87618 ], [ 7.54534, 51.87594 ], [ 7.54579, 51.87512 ], [ 7.54676, 51.87533 ], [ 7.54679, 51.86981 ], [ 7.5496, 51.86916 ], [ 7.54923, 51.86852 ], [ 7.54951, 51.86846 ], [ 7.55566, 51.87038 ], [ 7.55584, 51.86829 ], [ 7.55885, 51.86537 ], [ 7.55977, 51.86495 ], [ 7.56086, 51.86527 ], [ 7.56182, 51.86636 ], [ 7.56457, 51.86462 ], [ 7.56067, 51.86205 ], [ 7.5641, 51.86015 ], [ 7.55754, 51.85564 ], [ 7.56003, 51.85409 ], [ 7.57209, 51.85413 ], [ 7.57166, 51.85311 ], [ 7.57194, 51.85216 ], [ 7.57157, 51.85124 ], [ 7.56959, 51.85039 ], [ 7.56939, 51.84978 ], [ 7.56961, 51.84929 ], [ 7.56912, 51.84891 ], [ 7.5704, 51.84791 ], [ 7.57241, 51.84932 ], [ 7.57362, 51.85126 ], [ 7.57418, 51.8515 ], [ 7.57469, 51.85061 ], [ 7.57624, 51.84917 ], [ 7.577, 51.84767 ], [ 7.57792, 51.84688 ], [ 7.5789, 51.84664 ], [ 7.58077, 51.84688 ], [ 7.58508, 51.84573 ], [ 7.58467, 51.84488 ], [ 7.58492, 51.8444 ], [ 7.59165, 51.84596 ], [ 7.59127, 51.84671 ], [ 7.59421, 51.84733 ], [ 7.59626, 51.84854 ], [ 7.60012, 51.84774 ], [ 7.6015, 51.84712 ], [ 7.60148, 51.84635 ], [ 7.59851, 51.84266 ], [ 7.60667, 51.84201 ], [ 7.606, 51.84119 ], [ 7.6062, 51.84098 ], [ 7.60921, 51.84063 ], [ 7.61033, 51.84017 ], [ 7.61305, 51.84065 ], [ 7.61422, 51.84172 ], [ 7.61672, 51.8429 ], [ 7.61565, 51.84424 ], [ 7.61272, 51.84419 ], [ 7.61529, 51.85039 ], [ 7.61606, 51.8568 ], [ 7.62192, 51.85713 ], [ 7.62749, 51.85449 ], [ 7.63062, 51.85384 ], [ 7.64008, 51.85715 ], [ 7.64041, 51.85788 ], [ 7.64052, 51.86031 ], [ 7.6426, 51.8601 ], [ 7.64363, 51.85967 ], [ 7.64454, 51.8604 ], [ 7.64719, 51.86086 ], [ 7.64733, 51.8644 ], [ 7.63721, 51.86761 ], [ 7.6419, 51.86996 ], [ 7.64597, 51.87243 ], [ 7.64911, 51.87679 ], [ 7.65077, 51.87825 ], [ 7.65079, 51.87871 ], [ 7.65321, 51.87656 ], [ 7.65739, 51.87846 ], [ 7.66144, 51.8776 ], [ 7.6644, 51.8774 ], [ 7.66434, 51.87706 ], [ 7.66898, 51.87657 ], [ 7.67551, 51.87633 ], [ 7.68001, 51.87718 ], [ 7.6821, 51.87606 ], [ 7.69339, 51.87233 ], [ 7.69969, 51.86907 ], [ 7.70798, 51.8752 ], [ 7.70993, 51.87544 ], [ 7.7096, 51.87643 ], [ 7.70684, 51.88134 ], [ 7.69785, 51.88674 ], [ 7.6957, 51.88767 ], [ 7.69453, 51.88685 ], [ 7.695, 51.88607 ], [ 7.69331, 51.88537 ], [ 7.69104, 51.88656 ], [ 7.69053, 51.88741 ], [ 7.6887, 51.88843 ], [ 7.68953, 51.88912 ], [ 7.68991, 51.89013 ], [ 7.69058, 51.89039 ], [ 7.69107, 51.89285 ], [ 7.69184, 51.89302 ], [ 7.69001, 51.89489 ], [ 7.69003, 51.89607 ], [ 7.68938, 51.89657 ], [ 7.68976, 51.90133 ], [ 7.6882, 51.90113 ], [ 7.68795, 51.90189 ], [ 7.68681, 51.90189 ], [ 7.68703, 51.9024 ], [ 7.68823, 51.90238 ], [ 7.68912, 51.90293 ], [ 7.69334, 51.90362 ], [ 7.69938, 51.90569 ], [ 7.70104, 51.90702 ], [ 7.70168, 51.90698 ], [ 7.70174, 51.90667 ], [ 7.70368, 51.90729 ], [ 7.70466, 51.90803 ], [ 7.70442, 51.90632 ], [ 7.70608, 51.90644 ], [ 7.70622, 51.90547 ], [ 7.70881, 51.90536 ], [ 7.70945, 51.90629 ], [ 7.71999, 51.90488 ], [ 7.72056, 51.90357 ], [ 7.72142, 51.90269 ], [ 7.74255, 51.8967 ], [ 7.74364, 51.90001 ], [ 7.74852, 51.89886 ], [ 7.75088, 51.89784 ], [ 7.75775, 51.89769 ], [ 7.75935, 51.89887 ], [ 7.76027, 51.90081 ], [ 7.75958, 51.90292 ], [ 7.76121, 51.9048 ], [ 7.76033, 51.90671 ], [ 7.76145, 51.90831 ], [ 7.75884, 51.90919 ], [ 7.7567, 51.91155 ], [ 7.7636, 51.91074 ], [ 7.76377, 51.91382 ], [ 7.76559, 51.91369 ], [ 7.76585, 51.91478 ], [ 7.76639, 51.91476 ], [ 7.76603, 51.91569 ], [ 7.76806, 51.91533 ], [ 7.7677, 51.91907 ], [ 7.76915, 51.91924 ], [ 7.76921, 51.91973 ], [ 7.77074, 51.91986 ], [ 7.7715, 51.91938 ], [ 7.77299, 51.9196 ], [ 7.77276, 51.92013 ], [ 7.77389, 51.9202 ], [ 7.77377, 51.92108 ], [ 7.77331, 51.92129 ], [ 7.77436, 51.92217 ], [ 7.7734, 51.92282 ], [ 7.77341, 51.92374 ], [ 7.77429, 51.92422 ], [ 7.76951, 51.92818 ], [ 7.76584, 51.93627 ], [ 7.76584, 51.93597 ], [ 7.7598, 51.93766 ], [ 7.7594, 51.93745 ], [ 7.75776, 51.93791 ], [ 7.75761, 51.93808 ], [ 7.75799, 51.93814 ], [ 7.75821, 51.93903 ], [ 7.75812, 51.93991 ], [ 7.75957, 51.94074 ], [ 7.75863, 51.94176 ], [ 7.75564, 51.9415 ], [ 7.75318, 51.94067 ], [ 7.75296, 51.93937 ], [ 7.75173, 51.93923 ], [ 7.74882, 51.93982 ], [ 7.74953, 51.94049 ], [ 7.75009, 51.94045 ], [ 7.75016, 51.94206 ], [ 7.75112, 51.94222 ], [ 7.751, 51.94439 ], [ 7.74871, 51.9443 ], [ 7.74888, 51.94498 ], [ 7.74817, 51.94557 ], [ 7.74591, 51.9461 ], [ 7.74516, 51.94791 ], [ 7.7465, 51.94961 ], [ 7.74741, 51.95256 ], [ 7.74872, 51.9547 ], [ 7.74792, 51.9568 ], [ 7.74513, 51.95679 ], [ 7.74625, 51.95934 ], [ 7.74475, 51.95941 ], [ 7.74522, 51.96257 ], [ 7.74468, 51.96263 ], [ 7.74487, 51.96562 ], [ 7.73955, 51.96653 ], [ 7.73644, 51.9664 ], [ 7.734, 51.96827 ], [ 7.73502, 51.9728 ], [ 7.73435, 51.97285 ], [ 7.73418, 51.97396 ], [ 7.73261, 51.97396 ], [ 7.7327, 51.97789 ], [ 7.73225, 51.98053 ], [ 7.72914, 51.98256 ], [ 7.7305, 51.98439 ], [ 7.73178, 51.98718 ], [ 7.73232, 51.98939 ], [ 7.73813, 51.98656 ], [ 7.7388, 51.98814 ], [ 7.74322, 51.99388 ], [ 7.74338, 51.99375 ], [ 7.74326, 51.99399 ], [ 7.74616, 51.9964 ], [ 7.74586, 51.99654 ], [ 7.74743, 51.99785 ], [ 7.74438, 51.99868 ], [ 7.74414, 51.99827 ], [ 7.74091, 51.99879 ], [ 7.73963, 52.0014 ], [ 7.73811, 52.00141 ], [ 7.7357, 52.00382 ], [ 7.73501, 52.0059 ], [ 7.73285, 52.00754 ], [ 7.73426, 52.01037 ], [ 7.73495, 52.01008 ], [ 7.7361, 52.01165 ], [ 7.73765, 52.01159 ], [ 7.73563, 52.01261 ], [ 7.73263, 52.01269 ], [ 7.73171, 52.01303 ], [ 7.73002, 52.01745 ], [ 7.72783, 52.01845 ], [ 7.72827, 52.01952 ], [ 7.72588, 52.02123 ], [ 7.72479, 52.02336 ], [ 7.72409, 52.02409 ], [ 7.72061, 52.02583 ], [ 7.71974, 52.02711 ], [ 7.7198, 52.02813 ], [ 7.71878, 52.02892 ], [ 7.71919, 52.03011 ], [ 7.72078, 52.03095 ], [ 7.72104, 52.03186 ], [ 7.72066, 52.03236 ], [ 7.71806, 52.03312 ], [ 7.71671, 52.03262 ], [ 7.71575, 52.03266 ], [ 7.71411, 52.03338 ], [ 7.71276, 52.03442 ], [ 7.71183, 52.03417 ], [ 7.71106, 52.03342 ], [ 7.70663, 52.03269 ], [ 7.70614, 52.03289 ], [ 7.70629, 52.03367 ], [ 7.70502, 52.03394 ], [ 7.70426, 52.03453 ], [ 7.69824, 52.03528 ], [ 7.6972, 52.035 ], [ 7.69577, 52.03406 ], [ 7.69146, 52.03276 ], [ 7.68883, 52.03258 ], [ 7.68641, 52.03293 ], [ 7.68436, 52.03377 ], [ 7.68258, 52.03519 ], [ 7.68187, 52.03679 ], [ 7.68186, 52.03863 ], [ 7.68149, 52.0394 ], [ 7.67538, 52.04289 ], [ 7.67033, 52.04676 ], [ 7.66788, 52.04786 ], [ 7.66047, 52.04994 ], [ 7.65907, 52.05085 ], [ 7.65525, 52.05156 ], [ 7.65351, 52.05137 ], [ 7.65232, 52.05228 ], [ 7.65117, 52.05265 ], [ 7.64883, 52.0527 ], [ 7.64879, 52.05212 ], [ 7.65015, 52.05048 ], [ 7.64999, 52.05015 ], [ 7.64936, 52.05012 ], [ 7.64924, 52.04901 ], [ 7.64785, 52.04774 ], [ 7.64773, 52.04606 ], [ 7.64745, 52.04589 ], [ 7.64556, 52.04578 ], [ 7.6455, 52.04609 ], [ 7.64173, 52.04583 ], [ 7.64096, 52.04697 ], [ 7.63759, 52.04473 ], [ 7.63706, 52.04557 ], [ 7.63208, 52.04492 ], [ 7.63277, 52.04348 ], [ 7.63397, 52.0426 ], [ 7.63192, 52.04178 ], [ 7.63231, 52.04128 ], [ 7.6311, 52.04102 ], [ 7.6294, 52.04407 ], [ 7.62607, 52.04537 ], [ 7.62023, 52.0495 ], [ 7.61801, 52.04985 ], [ 7.61801, 52.05067 ], [ 7.61698, 52.05198 ], [ 7.61746, 52.0528 ], [ 7.6148, 52.05357 ], [ 7.61408, 52.05442 ], [ 7.61089, 52.05608 ], [ 7.60604, 52.05723 ], [ 7.59886, 52.06003 ], [ 7.59696, 52.05914 ], [ 7.59476, 52.05891 ], [ 7.59193, 52.05757 ], [ 7.58781, 52.05707 ], [ 7.58675, 52.05646 ], [ 7.58694, 52.05593 ], [ 7.5859, 52.05566 ], [ 7.58849, 52.04969 ], [ 7.58185, 52.04701 ], [ 7.57709, 52.04661 ], [ 7.57471, 52.04588 ], [ 7.57379, 52.04593 ], [ 7.57258, 52.0475 ], [ 7.56998, 52.04899 ], [ 7.5689, 52.04781 ], [ 7.56451, 52.04637 ], [ 7.56367, 52.04563 ], [ 7.55891, 52.04403 ], [ 7.55925, 52.04329 ] ] ] } },
{ "type": "Feature", "properties": { "stadt": "Mannheim" }, "geometry": { "type": "Polygon", "coordinates": [ [ [ 8.45638, 49.48092 ], [ 8.46, 49.47716 ], [ 8.46326, 49.47226 ], [ 8.46394, 49.4703 ], [ 8.46356, 49.468 ], [ 8.46232, 49.4662 ], [ 8.45972, 49.46444 ], [ 8.44921, 49.46167 ], [ 8.44689, 49.46077 ], [ 8.44481, 49.45948 ], [ 8.4428, 49.45743 ], [ 8.44177, 49.45531 ], [ 8.44158, 49.45303 ], [ 8.44238, 49.45081 ], [ 8.44454, 49.44821 ], [ 8.44665, 49.44674 ], [ 8.45038, 49.44501 ], [ 8.45458, 49.44391 ], [ 8.46447, 49.44319 ], [ 8.4824, 49.44398 ], [ 8.49177, 49.44362 ], [ 8.49925, 49.44249 ], [ 8.50255, 49.44124 ], [ 8.50478, 49.43983 ], [ 8.50674, 49.43785 ], [ 8.50767, 49.43627 ], [ 8.50829, 49.434 ], [ 8.50815, 49.43192 ], [ 8.50742, 49.42996 ], [ 8.50063, 49.41907 ], [ 8.49879, 49.41515 ], [ 8.49739, 49.4112 ], [ 8.50301, 49.41162 ], [ 8.50318, 49.41082 ], [ 8.50576, 49.41209 ], [ 8.51192, 49.41371 ], [ 8.51602, 49.41582 ], [ 8.5195, 49.41607 ], [ 8.52198, 49.41729 ], [ 8.52255, 49.41823 ], [ 8.52514, 49.41745 ], [ 8.52519, 49.41503 ], [ 8.5241, 49.41127 ], [ 8.52766, 49.41207 ], [ 8.52911, 49.41034 ], [ 8.53381, 49.4124 ], [ 8.54321, 49.4115 ], [ 8.54364, 49.41208 ], [ 8.5406, 49.41605 ], [ 8.54378, 49.41676 ], [ 8.54487, 49.41505 ], [ 8.54544, 49.4149 ], [ 8.54604, 49.41521 ], [ 8.54629, 49.41499 ], [ 8.54649, 49.41602 ], [ 8.5463, 49.41735 ], [ 8.56637, 49.41799 ], [ 8.56585, 49.4169 ], [ 8.57343, 49.41576 ], [ 8.57325, 49.4191 ], [ 8.57363, 49.42077 ], [ 8.57318, 49.4236 ], [ 8.57983, 49.4262 ], [ 8.58304, 49.42655 ], [ 8.58457, 49.42804 ], [ 8.58291, 49.42866 ], [ 8.58758, 49.43313 ], [ 8.58515, 49.44145 ], [ 8.58327, 49.44154 ], [ 8.58322, 49.44299 ], [ 8.58158, 49.44299 ], [ 8.58142, 49.4444 ], [ 8.58078, 49.44438 ], [ 8.58113, 49.44473 ], [ 8.57989, 49.4452 ], [ 8.5797, 49.44499 ], [ 8.57859, 49.44542 ], [ 8.57788, 49.44534 ], [ 8.58995, 49.45949 ], [ 8.58507, 49.46051 ], [ 8.58209, 49.45942 ], [ 8.57985, 49.45923 ], [ 8.57727, 49.45954 ], [ 8.57451, 49.46032 ], [ 8.56911, 49.46333 ], [ 8.56932, 49.46383 ], [ 8.56724, 49.46528 ], [ 8.56224, 49.47211 ], [ 8.56028, 49.4741 ], [ 8.55792, 49.47585 ], [ 8.55534, 49.47678 ], [ 8.54997, 49.47757 ], [ 8.54376, 49.47723 ], [ 8.54616, 49.48247 ], [ 8.55293, 49.49092 ], [ 8.55773, 49.49194 ], [ 8.56238, 49.49203 ], [ 8.56505, 49.49292 ], [ 8.56626, 49.49278 ], [ 8.56756, 49.49352 ], [ 8.574, 49.49471 ], [ 8.57197, 49.49714 ], [ 8.57821, 49.49974 ], [ 8.58703, 49.50247 ], [ 8.58218, 49.50824 ], [ 8.58376, 49.50879 ], [ 8.58136, 49.51 ], [ 8.58274, 49.51166 ], [ 8.58424, 49.51238 ], [ 8.58544, 49.51256 ], [ 8.58255, 49.51393 ], [ 8.58316, 49.51937 ], [ 8.57304, 49.52159 ], [ 8.57249, 49.52053 ], [ 8.57117, 49.5211 ], [ 8.56959, 49.52007 ], [ 8.56698, 49.51918 ], [ 8.5635, 49.51985 ], [ 8.55616, 49.52159 ], [ 8.55116, 49.52435 ], [ 8.54222, 49.52814 ], [ 8.5324, 49.5364 ], [ 8.52648, 49.54788 ], [ 8.49979, 49.56813 ], [ 8.49503, 49.57311 ], [ 8.48176, 49.5745 ], [ 8.48171, 49.57774 ], [ 8.47452, 49.58073 ], [ 8.47436, 49.58198 ], [ 8.47613, 49.5844 ], [ 8.47298, 49.58507 ], [ 8.46595, 49.58853 ], [ 8.46454, 49.58951 ], [ 8.44993, 49.59041 ], [ 8.44617, 49.59038 ], [ 8.44033, 49.58942 ], [ 8.44055, 49.58856 ], [ 8.44017, 49.58648 ], [ 8.43958, 49.58522 ], [ 8.43831, 49.58388 ], [ 8.42972, 49.5847 ], [ 8.42483, 49.58428 ], [ 8.4225, 49.58373 ], [ 8.42328, 49.58186 ], [ 8.42376, 49.57947 ], [ 8.42377, 49.57781 ], [ 8.42327, 49.57535 ], [ 8.42166, 49.57223 ], [ 8.41744, 49.5674 ], [ 8.41537, 49.56404 ], [ 8.41448, 49.56118 ], [ 8.41417, 49.55734 ], [ 8.41461, 49.55445 ], [ 8.41611, 49.55076 ], [ 8.41824, 49.54766 ], [ 8.42145, 49.544 ], [ 8.42385, 49.5403 ], [ 8.43566, 49.51266 ], [ 8.43597, 49.51083 ], [ 8.44064, 49.49961 ], [ 8.44179, 49.49524 ], [ 8.44288, 49.49279 ], [ 8.4443, 49.49065 ], [ 8.44598, 49.48904 ], [ 8.45155, 49.48501 ], [ 8.45638, 49.48092 ] ] ] } },
{ "type": "Feature", "properties": { "stadt": "Augsburg" }, "geometry": { "type": "Polygon", "coordinates": [ [ [ 10.88467, 48.45865 ], [ 10.88393, 48.45831 ], [ 10.88942, 48.43657 ], [ 10.88993, 48.43411 ], [ 10.89007, 48.43014 ], [ 10.88968, 48.42436 ], [ 10.88894, 48.42096 ], [ 10.88839, 48.41404 ], [ 10.88577, 48.41388 ], [ 10.88537, 48.41354 ], [ 10.88541, 48.41308 ], [ 10.88481, 48.41216 ], [ 10.88452, 48.4089 ], [ 10.88258, 48.40779 ], [ 10.87894, 48.40698 ], [ 10.87883, 48.40634 ], [ 10.87379, 48.40644 ], [ 10.87419, 48.40591 ], [ 10.87378, 48.40505 ], [ 10.87082, 48.4024 ], [ 10.86999, 48.40543 ], [ 10.86922, 48.40537 ], [ 10.86931, 48.405 ], [ 10.86634, 48.40465 ], [ 10.8658, 48.40645 ], [ 10.86541, 48.40646 ], [ 10.86496, 48.40818 ], [ 10.85805, 48.40724 ], [ 10.85283, 48.40763 ], [ 10.85284, 48.40703 ], [ 10.84888, 48.40689 ], [ 10.85074, 48.40421 ], [ 10.84764, 48.40416 ], [ 10.84934, 48.40268 ], [ 10.84472, 48.4021 ], [ 10.84472, 48.40119 ], [ 10.84542, 48.40118 ], [ 10.84551, 48.40031 ], [ 10.84527, 48.39476 ], [ 10.84457, 48.39138 ], [ 10.84068, 48.39162 ], [ 10.84068, 48.38929 ], [ 10.84272, 48.38652 ], [ 10.84173, 48.38717 ], [ 10.84137, 48.38694 ], [ 10.84174, 48.38664 ], [ 10.84144, 48.38666 ], [ 10.84138, 48.38633 ], [ 10.83006, 48.3872 ], [ 10.83033, 48.38513 ], [ 10.83009, 48.38352 ], [ 10.83228, 48.37986 ], [ 10.83224, 48.37897 ], [ 10.84273, 48.37975 ], [ 10.84281, 48.37916 ], [ 10.84631, 48.37962 ], [ 10.84638, 48.37925 ], [ 10.84962, 48.37945 ], [ 10.84988, 48.37871 ], [ 10.849, 48.37847 ], [ 10.84917, 48.37807 ], [ 10.84893, 48.37808 ], [ 10.84863, 48.37599 ], [ 10.84917, 48.37573 ], [ 10.84883, 48.37508 ], [ 10.84758, 48.37525 ], [ 10.84715, 48.37457 ], [ 10.84838, 48.37425 ], [ 10.84803, 48.37371 ], [ 10.8485, 48.37358 ], [ 10.84723, 48.37095 ], [ 10.854, 48.36997 ], [ 10.85411, 48.36878 ], [ 10.85495, 48.36884 ], [ 10.85509, 48.36925 ], [ 10.85741, 48.36959 ], [ 10.85747, 48.36916 ], [ 10.85778, 48.36918 ], [ 10.85723, 48.36537 ], [ 10.85559, 48.36321 ], [ 10.85252, 48.36026 ], [ 10.85127, 48.35802 ], [ 10.85143, 48.357 ], [ 10.8521, 48.35587 ], [ 10.85204, 48.3549 ], [ 10.85397, 48.35334 ], [ 10.85212, 48.35249 ], [ 10.85331, 48.35085 ], [ 10.8563, 48.35057 ], [ 10.85583, 48.3481 ], [ 10.85707, 48.3483 ], [ 10.85701, 48.34661 ], [ 10.85657, 48.34566 ], [ 10.85475, 48.34506 ], [ 10.8545, 48.3443 ], [ 10.84711, 48.3441 ], [ 10.8469, 48.34414 ], [ 10.84675, 48.34591 ], [ 10.84133, 48.3466 ], [ 10.83666, 48.34664 ], [ 10.83486, 48.34533 ], [ 10.83445, 48.34344 ], [ 10.8362, 48.3433 ], [ 10.83517, 48.3421 ], [ 10.83342, 48.342 ], [ 10.83305, 48.34274 ], [ 10.83215, 48.34263 ], [ 10.83234, 48.34295 ], [ 10.83106, 48.3433 ], [ 10.82638, 48.34157 ], [ 10.82369, 48.34145 ], [ 10.823, 48.34182 ], [ 10.81998, 48.34206 ], [ 10.82005, 48.3429 ], [ 10.8187, 48.34628 ], [ 10.81935, 48.34718 ], [ 10.8194, 48.34782 ], [ 10.82052, 48.34859 ], [ 10.82027, 48.34994 ], [ 10.82052, 48.3505 ], [ 10.81697, 48.34949 ], [ 10.80645, 48.3487 ], [ 10.80441, 48.35069 ], [ 10.80376, 48.35065 ], [ 10.80124, 48.34686 ], [ 10.79816, 48.34495 ], [ 10.79827, 48.34456 ], [ 10.79692, 48.34356 ], [ 10.79714, 48.34308 ], [ 10.79658, 48.3413 ], [ 10.79692, 48.34028 ], [ 10.79782, 48.33913 ], [ 10.79584, 48.33818 ], [ 10.79535, 48.33666 ], [ 10.79161, 48.33609 ], [ 10.79071, 48.33627 ], [ 10.78944, 48.33731 ], [ 10.78676, 48.33713 ], [ 10.78378, 48.33644 ], [ 10.78338, 48.33607 ], [ 10.78216, 48.33616 ], [ 10.78092, 48.33574 ], [ 10.78111, 48.3348 ], [ 10.7843, 48.33483 ], [ 10.78437, 48.33426 ], [ 10.78293, 48.33406 ], [ 10.78383, 48.33311 ], [ 10.78134, 48.33292 ], [ 10.77954, 48.33341 ], [ 10.77874, 48.33398 ], [ 10.77633, 48.33421 ], [ 10.7752, 48.33356 ], [ 10.77485, 48.33191 ], [ 10.77576, 48.331 ], [ 10.78198, 48.33078 ], [ 10.78191, 48.33023 ], [ 10.78579, 48.33071 ], [ 10.78766, 48.33054 ], [ 10.78907, 48.33005 ], [ 10.79054, 48.32881 ], [ 10.79419, 48.32705 ], [ 10.79143, 48.32512 ], [ 10.79256, 48.32463 ], [ 10.79207, 48.32405 ], [ 10.79223, 48.32357 ], [ 10.7919, 48.3232 ], [ 10.7943, 48.32278 ], [ 10.79068, 48.32084 ], [ 10.79017, 48.32003 ], [ 10.79058, 48.31842 ], [ 10.78557, 48.31692 ], [ 10.78428, 48.31506 ], [ 10.78259, 48.31444 ], [ 10.78214, 48.31285 ], [ 10.78073, 48.31326 ], [ 10.78021, 48.31299 ], [ 10.7771, 48.31316 ], [ 10.77159, 48.31523 ], [ 10.76983, 48.31531 ], [ 10.77083, 48.3141 ], [ 10.76965, 48.31392 ], [ 10.76862, 48.31321 ], [ 10.76804, 48.31247 ], [ 10.76798, 48.31077 ], [ 10.76646, 48.30929 ], [ 10.76648, 48.30807 ], [ 10.76756, 48.30745 ], [ 10.76751, 48.30704 ], [ 10.76553, 48.30725 ], [ 10.76539, 48.30689 ], [ 10.76493, 48.30691 ], [ 10.76469, 48.30488 ], [ 10.76413, 48.30421 ], [ 10.76434, 48.30416 ], [ 10.76414, 48.30352 ], [ 10.76364, 48.30325 ], [ 10.76396, 48.30276 ], [ 10.76346, 48.30256 ], [ 10.76336, 48.3021 ], [ 10.76444, 48.30019 ], [ 10.76487, 48.30026 ], [ 10.76439, 48.29917 ], [ 10.76594, 48.29686 ], [ 10.77071, 48.29763 ], [ 10.77178, 48.29754 ], [ 10.773, 48.29798 ], [ 10.77443, 48.2978 ], [ 10.77648, 48.29818 ], [ 10.77972, 48.29757 ], [ 10.78425, 48.29818 ], [ 10.78748, 48.2947 ], [ 10.79676, 48.29558 ], [ 10.79595, 48.29443 ], [ 10.79679, 48.29435 ], [ 10.79599, 48.29309 ], [ 10.80003, 48.29245 ], [ 10.80167, 48.2917 ], [ 10.80434, 48.29111 ], [ 10.81025, 48.29742 ], [ 10.8114, 48.29959 ], [ 10.82648, 48.2964 ], [ 10.82876, 48.29653 ], [ 10.8306, 48.29501 ], [ 10.83124, 48.29489 ], [ 10.83539, 48.2906 ], [ 10.83638, 48.2904 ], [ 10.83776, 48.29223 ], [ 10.83766, 48.29292 ], [ 10.8396, 48.29511 ], [ 10.84236, 48.29514 ], [ 10.84259, 48.29589 ], [ 10.8438, 48.29664 ], [ 10.84649, 48.29646 ], [ 10.84676, 48.29495 ], [ 10.84986, 48.29466 ], [ 10.84964, 48.29428 ], [ 10.85067, 48.29396 ], [ 10.85103, 48.29418 ], [ 10.85717, 48.29283 ], [ 10.86516, 48.29155 ], [ 10.86591, 48.29274 ], [ 10.87066, 48.2926 ], [ 10.87416, 48.29324 ], [ 10.87971, 48.29337 ], [ 10.87994, 48.29387 ], [ 10.88499, 48.29379 ], [ 10.88502, 48.29344 ], [ 10.8901, 48.2932 ], [ 10.9014, 48.29289 ], [ 10.90077, 48.29152 ], [ 10.90094, 48.29072 ], [ 10.90067, 48.28891 ], [ 10.89997, 48.28635 ], [ 10.89929, 48.28563 ], [ 10.89856, 48.28335 ], [ 10.89857, 48.28246 ], [ 10.89729, 48.2806 ], [ 10.90003, 48.27956 ], [ 10.90162, 48.27772 ], [ 10.90163, 48.27315 ], [ 10.90194, 48.27313 ], [ 10.9015, 48.27268 ], [ 10.90161, 48.26877 ], [ 10.90363, 48.26541 ], [ 10.90951, 48.26474 ], [ 10.90997, 48.26283 ], [ 10.90546, 48.26253 ], [ 10.9055, 48.26044 ], [ 10.90738, 48.26053 ], [ 10.90779, 48.26027 ], [ 10.90761, 48.25838 ], [ 10.91639, 48.25814 ], [ 10.91679, 48.26075 ], [ 10.91878, 48.2607 ], [ 10.92036, 48.26173 ], [ 10.92122, 48.26336 ], [ 10.92078, 48.2646 ], [ 10.92177, 48.26619 ], [ 10.922, 48.26728 ], [ 10.93428, 48.26721 ], [ 10.94001, 48.26675 ], [ 10.94068, 48.26723 ], [ 10.94109, 48.26902 ], [ 10.94085, 48.27177 ], [ 10.94126, 48.27191 ], [ 10.9405, 48.27482 ], [ 10.94052, 48.27639 ], [ 10.94203, 48.27911 ], [ 10.94567, 48.28273 ], [ 10.94686, 48.28483 ], [ 10.94708, 48.28591 ], [ 10.94681, 48.288 ], [ 10.94455, 48.29287 ], [ 10.94502, 48.2952 ], [ 10.9458, 48.29643 ], [ 10.94679, 48.29726 ], [ 10.95199, 48.29981 ], [ 10.9541, 48.30176 ], [ 10.95514, 48.30363 ], [ 10.95534, 48.30483 ], [ 10.95488, 48.307 ], [ 10.95426, 48.30807 ], [ 10.9528, 48.30969 ], [ 10.94961, 48.31142 ], [ 10.94816, 48.31405 ], [ 10.94869, 48.31759 ], [ 10.95112, 48.32051 ], [ 10.95153, 48.32269 ], [ 10.95141, 48.32421 ], [ 10.9505, 48.32661 ], [ 10.94863, 48.32781 ], [ 10.9492, 48.33053 ], [ 10.95003, 48.3309 ], [ 10.94866, 48.33197 ], [ 10.94892, 48.33308 ], [ 10.94956, 48.33355 ], [ 10.95389, 48.33419 ], [ 10.95674, 48.3353 ], [ 10.95371, 48.34914 ], [ 10.95259, 48.3559 ], [ 10.95268, 48.35675 ], [ 10.95225, 48.35679 ], [ 10.95191, 48.36057 ], [ 10.95079, 48.363 ], [ 10.94876, 48.36526 ], [ 10.94902, 48.36559 ], [ 10.94773, 48.3662 ], [ 10.94786, 48.3674 ], [ 10.95267, 48.36767 ], [ 10.95291, 48.368 ], [ 10.95905, 48.36911 ], [ 10.95885, 48.371 ], [ 10.95933, 48.37103 ], [ 10.95846, 48.37364 ], [ 10.95665, 48.3772 ], [ 10.95717, 48.37767 ], [ 10.9575, 48.37935 ], [ 10.95747, 48.38012 ], [ 10.95672, 48.38144 ], [ 10.95684, 48.38272 ], [ 10.95637, 48.3828 ], [ 10.95632, 48.38316 ], [ 10.95446, 48.38333 ], [ 10.95243, 48.38539 ], [ 10.9525, 48.3857 ], [ 10.95196, 48.38595 ], [ 10.9509, 48.39083 ], [ 10.94844, 48.39307 ], [ 10.94785, 48.3945 ], [ 10.94693, 48.39472 ], [ 10.9424, 48.40199 ], [ 10.93858, 48.4064 ], [ 10.93847, 48.40717 ], [ 10.93782, 48.40749 ], [ 10.93682, 48.40881 ], [ 10.93678, 48.40938 ], [ 10.93106, 48.41709 ], [ 10.92708, 48.4246 ], [ 10.92011, 48.42301 ], [ 10.92011, 48.42446 ], [ 10.92056, 48.42554 ], [ 10.9201, 48.42569 ], [ 10.92136, 48.42763 ], [ 10.91938, 48.42914 ], [ 10.91886, 48.42984 ], [ 10.91878, 48.43077 ], [ 10.91778, 48.43217 ], [ 10.91703, 48.43205 ], [ 10.91605, 48.43284 ], [ 10.91437, 48.43558 ], [ 10.90813, 48.43405 ], [ 10.90651, 48.43465 ], [ 10.90618, 48.43556 ], [ 10.90754, 48.4367 ], [ 10.90734, 48.43726 ], [ 10.90591, 48.43861 ], [ 10.90427, 48.44188 ], [ 10.90477, 48.4429 ], [ 10.9057, 48.44321 ], [ 10.90543, 48.44373 ], [ 10.90582, 48.44388 ], [ 10.90447, 48.44553 ], [ 10.90415, 48.44708 ], [ 10.90346, 48.44804 ], [ 10.9017, 48.45299 ], [ 10.90114, 48.4538 ], [ 10.89667, 48.45305 ], [ 10.89666, 48.45404 ], [ 10.89468, 48.45649 ], [ 10.89449, 48.45717 ], [ 10.89529, 48.45737 ], [ 10.89459, 48.458 ], [ 10.89317, 48.45821 ], [ 10.89322, 48.45847 ], [ 10.88467, 48.45865 ] ] ] } },
{ "type": "Feature", "properties": { "stadt": "Wiesbaden" }, "geometry": { "type": "Polygon", "coordinates": [ [ [ 8.18578, 50.03552 ], [ 8.20345, 50.03433 ], [ 8.21838, 50.03189 ], [ 8.23589, 50.03061 ], [ 8.24339, 50.02843 ], [ 8.24589, 50.02718 ], [ 8.2717, 50.01076 ], [ 8.27497, 50.00788 ], [ 8.28564, 49.99723 ], [ 8.29077, 49.99324 ], [ 8.29287, 49.99465 ], [ 8.29455, 49.99443 ], [ 8.297, 49.99463 ], [ 8.30193, 49.99602 ], [ 8.31537, 50.00187 ], [ 8.31984, 50.00223 ], [ 8.33019, 50.00098 ], [ 8.33227, 50.00453 ], [ 8.33288, 50.00625 ], [ 8.33213, 50.00636 ], [ 8.3323, 50.01243 ], [ 8.33138, 50.01679 ], [ 8.33498, 50.01708 ], [ 8.33467, 50.01854 ], [ 8.33246, 50.01871 ], [ 8.33552, 50.02185 ], [ 8.33613, 50.02305 ], [ 8.33323, 50.02486 ], [ 8.33227, 50.02651 ], [ 8.3374, 50.02834 ], [ 8.33645, 50.02941 ], [ 8.3483, 50.03379 ], [ 8.35182, 50.03538 ], [ 8.35312, 50.03315 ], [ 8.36116, 50.03501 ], [ 8.36903, 50.03866 ], [ 8.36439, 50.0403 ], [ 8.3814, 50.04682 ], [ 8.3741, 50.05207 ], [ 8.37317, 50.05118 ], [ 8.37262, 50.05176 ], [ 8.37215, 50.05168 ], [ 8.37005, 50.05059 ], [ 8.36989, 50.05078 ], [ 8.36787, 50.04998 ], [ 8.36605, 50.04993 ], [ 8.36551, 50.05091 ], [ 8.36228, 50.05024 ], [ 8.36128, 50.05042 ], [ 8.36164, 50.05108 ], [ 8.36035, 50.0522 ], [ 8.36073, 50.0525 ], [ 8.35995, 50.05307 ], [ 8.3631, 50.05423 ], [ 8.3603, 50.05552 ], [ 8.36092, 50.05591 ], [ 8.36003, 50.0571 ], [ 8.35836, 50.05779 ], [ 8.36023, 50.05922 ], [ 8.35881, 50.06058 ], [ 8.35845, 50.06037 ], [ 8.35501, 50.06222 ], [ 8.35644, 50.06327 ], [ 8.35449, 50.06358 ], [ 8.35644, 50.06446 ], [ 8.35445, 50.06621 ], [ 8.35619, 50.06672 ], [ 8.35772, 50.0676 ], [ 8.35798, 50.06737 ], [ 8.36482, 50.07115 ], [ 8.36575, 50.07016 ], [ 8.36681, 50.07014 ], [ 8.36827, 50.06867 ], [ 8.36914, 50.06863 ], [ 8.36939, 50.06803 ], [ 8.37093, 50.06728 ], [ 8.37102, 50.06763 ], [ 8.37477, 50.06837 ], [ 8.37511, 50.06726 ], [ 8.37601, 50.06646 ], [ 8.37616, 50.06751 ], [ 8.37673, 50.06827 ], [ 8.37966, 50.07086 ], [ 8.38463, 50.07651 ], [ 8.38616, 50.08042 ], [ 8.38585, 50.0816 ], [ 8.38239, 50.08474 ], [ 8.38128, 50.08698 ], [ 8.38006, 50.08826 ], [ 8.37929, 50.09029 ], [ 8.37932, 50.09105 ], [ 8.37964, 50.09183 ], [ 8.38122, 50.09301 ], [ 8.38115, 50.09329 ], [ 8.3788, 50.09478 ], [ 8.37804, 50.09549 ], [ 8.37764, 50.0964 ], [ 8.37764, 50.09713 ], [ 8.37935, 50.09913 ], [ 8.3806, 50.10232 ], [ 8.37548, 50.10263 ], [ 8.37301, 50.10054 ], [ 8.37075, 50.10051 ], [ 8.36645, 50.09916 ], [ 8.36546, 50.09855 ], [ 8.36207, 50.09816 ], [ 8.36184, 50.10129 ], [ 8.36002, 50.1042 ], [ 8.36007, 50.10524 ], [ 8.35941, 50.10656 ], [ 8.35792, 50.10627 ], [ 8.35825, 50.10423 ], [ 8.35412, 50.10393 ], [ 8.35328, 50.10581 ], [ 8.35181, 50.10773 ], [ 8.34981, 50.11196 ], [ 8.34797, 50.11425 ], [ 8.34864, 50.11459 ], [ 8.34332, 50.12092 ], [ 8.34856, 50.12515 ], [ 8.35001, 50.12855 ], [ 8.34944, 50.12934 ], [ 8.3455, 50.13072 ], [ 8.34552, 50.13142 ], [ 8.3437, 50.12874 ], [ 8.33995, 50.12856 ], [ 8.33887, 50.12874 ], [ 8.33638, 50.13066 ], [ 8.33537, 50.1306 ], [ 8.33026, 50.13152 ], [ 8.32961, 50.13029 ], [ 8.32689, 50.13056 ], [ 8.32597, 50.13117 ], [ 8.32478, 50.13262 ], [ 8.32455, 50.1337 ], [ 8.32538, 50.13409 ], [ 8.32453, 50.13411 ], [ 8.32344, 50.13529 ], [ 8.32344, 50.1366 ], [ 8.32445, 50.13774 ], [ 8.32158, 50.13825 ], [ 8.31851, 50.13765 ], [ 8.31778, 50.13822 ], [ 8.31765, 50.13855 ], [ 8.32746, 50.14458 ], [ 8.32668, 50.1487 ], [ 8.3248, 50.1497 ], [ 8.32401, 50.15074 ], [ 8.32324, 50.15107 ], [ 8.31969, 50.1509 ], [ 8.31754, 50.15048 ], [ 8.31381, 50.15086 ], [ 8.31199, 50.15156 ], [ 8.31037, 50.14929 ], [ 8.30642, 50.1502 ], [ 8.30568, 50.15123 ], [ 8.30421, 50.15162 ], [ 8.30214, 50.14949 ], [ 8.29615, 50.14865 ], [ 8.29565, 50.14815 ], [ 8.29155, 50.14744 ], [ 8.28863, 50.1478 ], [ 8.28321, 50.14712 ], [ 8.28233, 50.15075 ], [ 8.27756, 50.15025 ], [ 8.27589, 50.15181 ], [ 8.27531, 50.15128 ], [ 8.27313, 50.15139 ], [ 8.27283, 50.15105 ], [ 8.27101, 50.15061 ], [ 8.27065, 50.15096 ], [ 8.26854, 50.14984 ], [ 8.26658, 50.15038 ], [ 8.26255, 50.15069 ], [ 8.26052, 50.14978 ], [ 8.25468, 50.1488 ], [ 8.25345, 50.14882 ], [ 8.25351, 50.14928 ], [ 8.25321, 50.14936 ], [ 8.2503, 50.14958 ], [ 8.25019, 50.14868 ], [ 8.24939, 50.14819 ], [ 8.2457, 50.14832 ], [ 8.24471, 50.14967 ], [ 8.24102, 50.14846 ], [ 8.24143, 50.14705 ], [ 8.24106, 50.14439 ], [ 8.23755, 50.14123 ], [ 8.23287, 50.13833 ], [ 8.23145, 50.13769 ], [ 8.22102, 50.1348 ], [ 8.21857, 50.13526 ], [ 8.21786, 50.13423 ], [ 8.21814, 50.13381 ], [ 8.2085, 50.13097 ], [ 8.20284, 50.12746 ], [ 8.19648, 50.12558 ], [ 8.1912, 50.12318 ], [ 8.18471, 50.12116 ], [ 8.18308, 50.12226 ], [ 8.18612, 50.12429 ], [ 8.18539, 50.12434 ], [ 8.1846, 50.12396 ], [ 8.18342, 50.12313 ], [ 8.18341, 50.1227 ], [ 8.18187, 50.12199 ], [ 8.17985, 50.1245 ], [ 8.18117, 50.12575 ], [ 8.16547, 50.12374 ], [ 8.16011, 50.12425 ], [ 8.15284, 50.11932 ], [ 8.15133, 50.11623 ], [ 8.14807, 50.11458 ], [ 8.14427, 50.11416 ], [ 8.1424, 50.11354 ], [ 8.14175, 50.11252 ], [ 8.13229, 50.10337 ], [ 8.12668, 50.10074 ], [ 8.11849, 50.09745 ], [ 8.11749, 50.0949 ], [ 8.11217, 50.09365 ], [ 8.11536, 50.08906 ], [ 8.11763, 50.09075 ], [ 8.12021, 50.09031 ], [ 8.12029, 50.09059 ], [ 8.12158, 50.09058 ], [ 8.12273, 50.09132 ], [ 8.12856, 50.09066 ], [ 8.13111, 50.09198 ], [ 8.1378, 50.08757 ], [ 8.13332, 50.08492 ], [ 8.13408, 50.08372 ], [ 8.13362, 50.08319 ], [ 8.13372, 50.08252 ], [ 8.133, 50.08191 ], [ 8.13065, 50.08114 ], [ 8.12884, 50.08265 ], [ 8.12561, 50.0836 ], [ 8.1209, 50.08383 ], [ 8.11843, 50.08438 ], [ 8.11503, 50.08411 ], [ 8.11128, 50.08426 ], [ 8.11171, 50.08262 ], [ 8.1111, 50.08201 ], [ 8.11096, 50.0804 ], [ 8.11067, 50.08016 ], [ 8.11132, 50.07728 ], [ 8.11112, 50.07518 ], [ 8.11199, 50.07353 ], [ 8.11142, 50.07297 ], [ 8.11761, 50.07434 ], [ 8.12248, 50.07459 ], [ 8.12376, 50.07428 ], [ 8.12589, 50.07288 ], [ 8.12777, 50.07264 ], [ 8.13384, 50.07023 ], [ 8.13532, 50.06886 ], [ 8.13615, 50.06759 ], [ 8.13989, 50.06571 ], [ 8.14059, 50.06405 ], [ 8.14166, 50.06303 ], [ 8.15204, 50.05704 ], [ 8.15712, 50.05508 ], [ 8.16113, 50.05182 ], [ 8.16958, 50.04326 ], [ 8.16936, 50.04307 ], [ 8.17168, 50.04011 ], [ 8.17516, 50.03409 ], [ 8.18204, 50.03528 ], [ 8.18578, 50.03552 ] ] ] } },
{ "type": "Feature", "properties": { "stadt": "Karlsruhe" }, "geometry": { "type": "Polygon", "coordinates": [ [ [ 8.43115, 49.09022 ], [ 8.42347, 49.09064 ], [ 8.41828, 49.08298 ], [ 8.41144, 49.08136 ], [ 8.41067, 49.07284 ], [ 8.41645, 49.07096 ], [ 8.4129, 49.06636 ], [ 8.40991, 49.06308 ], [ 8.40276, 49.06666 ], [ 8.40224, 49.06629 ], [ 8.3948, 49.06876 ], [ 8.39466, 49.06808 ], [ 8.39407, 49.0681 ], [ 8.39399, 49.06883 ], [ 8.3743, 49.06934 ], [ 8.3736, 49.06801 ], [ 8.37327, 49.06798 ], [ 8.36958, 49.06963 ], [ 8.36801, 49.06999 ], [ 8.36506, 49.0703 ], [ 8.36179, 49.0699 ], [ 8.35795, 49.07111 ], [ 8.3554, 49.07099 ], [ 8.35688, 49.06914 ], [ 8.35693, 49.06804 ], [ 8.35634, 49.0668 ], [ 8.3547, 49.06559 ], [ 8.35184, 49.06463 ], [ 8.34752, 49.06469 ], [ 8.3465, 49.06502 ], [ 8.34613, 49.06566 ], [ 8.34507, 49.06603 ], [ 8.34505, 49.06645 ], [ 8.34718, 49.0692 ], [ 8.34755, 49.07064 ], [ 8.34258, 49.07609 ], [ 8.3415, 49.07798 ], [ 8.34068, 49.08049 ], [ 8.32966, 49.07259 ], [ 8.32223, 49.06635 ], [ 8.31786, 49.06196 ], [ 8.31124, 49.05339 ], [ 8.30608, 49.04431 ], [ 8.30485, 49.04162 ], [ 8.30249, 49.03428 ], [ 8.29997, 49.02096 ], [ 8.29878, 49.01721 ], [ 8.29636, 49.01155 ], [ 8.29319, 49.00591 ], [ 8.28766, 48.99838 ], [ 8.28399, 48.99474 ], [ 8.27743, 48.98986 ], [ 8.27917, 48.98775 ], [ 8.27932, 48.98663 ], [ 8.28066, 48.98454 ], [ 8.28119, 48.9831 ], [ 8.29367, 48.98572 ], [ 8.29742, 48.98798 ], [ 8.29935, 48.99097 ], [ 8.31151, 48.98404 ], [ 8.32231, 48.98407 ], [ 8.32069, 48.98854 ], [ 8.32361, 48.98888 ], [ 8.32597, 48.98962 ], [ 8.32978, 48.99194 ], [ 8.33058, 48.99043 ], [ 8.33056, 48.98928 ], [ 8.33807, 48.98595 ], [ 8.3378, 48.98573 ], [ 8.34327, 48.98234 ], [ 8.35126, 48.9801 ], [ 8.35626, 48.97923 ], [ 8.36344, 48.97692 ], [ 8.36483, 48.97547 ], [ 8.37269, 48.97127 ], [ 8.37416, 48.9713 ], [ 8.37489, 48.97343 ], [ 8.37672, 48.97583 ], [ 8.38075, 48.97427 ], [ 8.38508, 48.97126 ], [ 8.38509, 48.96949 ], [ 8.38342, 48.96723 ], [ 8.39062, 48.96234 ], [ 8.38979, 48.9578 ], [ 8.40547, 48.96031 ], [ 8.40596, 48.9603 ], [ 8.40604, 48.9597 ], [ 8.40781, 48.95967 ], [ 8.4094, 48.96102 ], [ 8.42467, 48.96645 ], [ 8.43634, 48.97139 ], [ 8.43799, 48.97181 ], [ 8.44258, 48.96971 ], [ 8.44697, 48.96694 ], [ 8.44817, 48.96661 ], [ 8.44825, 48.96623 ], [ 8.45137, 48.96389 ], [ 8.45171, 48.96321 ], [ 8.4489, 48.96207 ], [ 8.44695, 48.96059 ], [ 8.44673, 48.95853 ], [ 8.44576, 48.95704 ], [ 8.44455, 48.95612 ], [ 8.44392, 48.9536 ], [ 8.44534, 48.95133 ], [ 8.44521, 48.95084 ], [ 8.44479, 48.95041 ], [ 8.44018, 48.9488 ], [ 8.44034, 48.9474 ], [ 8.4393, 48.94625 ], [ 8.44307, 48.94587 ], [ 8.44678, 48.9441 ], [ 8.4473, 48.94458 ], [ 8.45517, 48.94641 ], [ 8.45502, 48.94485 ], [ 8.46075, 48.94468 ], [ 8.45996, 48.94213 ], [ 8.46072, 48.94199 ], [ 8.46099, 48.9409 ], [ 8.46145, 48.94126 ], [ 8.46141, 48.94089 ], [ 8.46633, 48.94052 ], [ 8.47547, 48.94055 ], [ 8.48265, 48.94146 ], [ 8.48685, 48.94146 ], [ 8.48907, 48.9418 ], [ 8.48958, 48.94076 ], [ 8.4905, 48.94132 ], [ 8.49633, 48.94249 ], [ 8.5037, 48.94265 ], [ 8.50948, 48.94238 ], [ 8.51286, 48.9436 ], [ 8.51333, 48.94414 ], [ 8.51353, 48.94557 ], [ 8.51461, 48.94632 ], [ 8.51521, 48.9474 ], [ 8.51833, 48.94902 ], [ 8.52006, 48.94954 ], [ 8.52498, 48.95219 ], [ 8.53048, 48.95325 ], [ 8.53673, 48.95241 ], [ 8.53932, 48.95697 ], [ 8.54173, 48.9601 ], [ 8.53586, 48.96113 ], [ 8.52879, 48.96149 ], [ 8.52577, 48.96219 ], [ 8.52764, 48.96601 ], [ 8.51378, 48.96844 ], [ 8.50931, 48.96795 ], [ 8.50909, 48.97089 ], [ 8.5086, 48.97085 ], [ 8.5084, 48.97118 ], [ 8.5084, 48.97184 ], [ 8.50894, 48.97196 ], [ 8.50826, 48.97376 ], [ 8.50699, 48.97449 ], [ 8.50693, 48.975 ], [ 8.5057, 48.97551 ], [ 8.50651, 48.97705 ], [ 8.50737, 48.9772 ], [ 8.50807, 48.98046 ], [ 8.51045, 48.98242 ], [ 8.50523, 48.98337 ], [ 8.5041, 48.98554 ], [ 8.50297, 48.98659 ], [ 8.50214, 48.98893 ], [ 8.50255, 48.98924 ], [ 8.50008, 48.99249 ], [ 8.50003, 48.99361 ], [ 8.50275, 48.99495 ], [ 8.5025, 48.9963 ], [ 8.50786, 48.99825 ], [ 8.50873, 48.99842 ], [ 8.50904, 48.998 ], [ 8.51125, 48.99868 ], [ 8.51314, 49.00138 ], [ 8.51263, 49.00317 ], [ 8.51313, 49.0043 ], [ 8.51327, 49.00589 ], [ 8.51385, 49.00597 ], [ 8.51417, 49.0079 ], [ 8.51364, 49.00786 ], [ 8.51386, 49.01027 ], [ 8.51417, 49.01027 ], [ 8.5143, 49.01076 ], [ 8.51486, 49.01083 ], [ 8.51455, 49.01138 ], [ 8.51877, 49.01246 ], [ 8.52101, 49.01433 ], [ 8.52118, 49.01483 ], [ 8.52084, 49.01496 ], [ 8.52118, 49.01521 ], [ 8.52188, 49.01751 ], [ 8.52177, 49.02178 ], [ 8.52258, 49.02294 ], [ 8.5223, 49.02293 ], [ 8.52233, 49.02503 ], [ 8.52078, 49.02599 ], [ 8.52003, 49.02714 ], [ 8.52021, 49.02729 ], [ 8.51938, 49.02795 ], [ 8.52048, 49.02922 ], [ 8.51986, 49.03108 ], [ 8.51658, 49.03175 ], [ 8.51396, 49.03354 ], [ 8.51367, 49.03416 ], [ 8.51035, 49.03551 ], [ 8.50924, 49.03671 ], [ 8.50704, 49.0406 ], [ 8.50662, 49.04206 ], [ 8.50514, 49.0424 ], [ 8.50106, 49.04419 ], [ 8.49774, 49.04694 ], [ 8.49433, 49.04854 ], [ 8.49115, 49.05131 ], [ 8.4896, 49.05418 ], [ 8.48773, 49.05594 ], [ 8.48643, 49.05808 ], [ 8.48492, 49.05869 ], [ 8.48434, 49.05972 ], [ 8.48253, 49.06129 ], [ 8.48075, 49.06054 ], [ 8.47757, 49.05984 ], [ 8.48055, 49.05825 ], [ 8.48071, 49.05778 ], [ 8.48026, 49.05705 ], [ 8.48045, 49.0553 ], [ 8.47999, 49.05472 ], [ 8.48113, 49.05429 ], [ 8.47823, 49.04941 ], [ 8.47809, 49.04702 ], [ 8.47712, 49.04368 ], [ 8.47571, 49.04427 ], [ 8.4754, 49.04335 ], [ 8.47546, 49.04177 ], [ 8.47427, 49.04199 ], [ 8.47286, 49.04001 ], [ 8.47178, 49.03933 ], [ 8.4706, 49.03971 ], [ 8.46966, 49.04083 ], [ 8.46953, 49.0415 ], [ 8.46989, 49.04255 ], [ 8.46966, 49.04261 ], [ 8.47003, 49.04334 ], [ 8.46969, 49.04366 ], [ 8.46906, 49.0431 ], [ 8.46814, 49.04285 ], [ 8.4679, 49.04325 ], [ 8.4675, 49.04299 ], [ 8.46638, 49.04314 ], [ 8.4666, 49.0436 ], [ 8.46648, 49.04423 ], [ 8.46616, 49.04434 ], [ 8.46618, 49.04534 ], [ 8.46373, 49.04572 ], [ 8.46364, 49.04465 ], [ 8.46097, 49.04502 ], [ 8.46082, 49.04393 ], [ 8.46055, 49.04397 ], [ 8.44946, 49.05017 ], [ 8.44461, 49.05473 ], [ 8.44253, 49.05626 ], [ 8.44218, 49.05602 ], [ 8.44148, 49.05654 ], [ 8.43801, 49.06032 ], [ 8.43606, 49.06333 ], [ 8.42806, 49.07066 ], [ 8.43656, 49.09126 ], [ 8.43115, 49.09022 ] ] ] } },
{ "type": "Feature", "properties": { "stadt": "Gelsenkirchen" }, "geometry": { "type": "MultiPolygon", "coordinates": [ [ [ [ 7.15234, 51.50308 ], [ 7.15101, 51.50414 ], [ 7.14979, 51.50368 ], [ 7.15189, 51.50211 ], [ 7.15234, 51.50308 ] ] ], [ [ [ 7.07268, 51.4852 ], [ 7.07386, 51.48359 ], [ 7.07399, 51.4828 ], [ 7.08345, 51.48313 ], [ 7.08365, 51.48404 ], [ 7.08484, 51.48416 ], [ 7.08942, 51.48338 ], [ 7.09026, 51.48243 ], [ 7.09233, 51.48288 ], [ 7.09284, 51.48229 ], [ 7.098, 51.48275 ], [ 7.10195, 51.4808 ], [ 7.10306, 51.48199 ], [ 7.10527, 51.48327 ], [ 7.11855, 51.48771 ], [ 7.11829, 51.4874 ], [ 7.12101, 51.48839 ], [ 7.12408, 51.48896 ], [ 7.1253, 51.48905 ], [ 7.12551, 51.48881 ], [ 7.1337, 51.49037 ], [ 7.13362, 51.49063 ], [ 7.13483, 51.49091 ], [ 7.13779, 51.4913 ], [ 7.13768, 51.49302 ], [ 7.1381, 51.49303 ], [ 7.13791, 51.4942 ], [ 7.13812, 51.49424 ], [ 7.13767, 51.4968 ], [ 7.1379, 51.49799 ], [ 7.13771, 51.49851 ], [ 7.13847, 51.49868 ], [ 7.13773, 51.50052 ], [ 7.13789, 51.50233 ], [ 7.13717, 51.505 ], [ 7.13853, 51.50597 ], [ 7.13928, 51.50544 ], [ 7.13956, 51.50555 ], [ 7.13743, 51.50852 ], [ 7.14409, 51.51351 ], [ 7.13831, 51.51684 ], [ 7.13885, 51.52059 ], [ 7.13862, 51.52199 ], [ 7.1377, 51.52415 ], [ 7.13094, 51.53453 ], [ 7.12854, 51.53756 ], [ 7.12908, 51.53773 ], [ 7.12702, 51.54033 ], [ 7.12997, 51.54092 ], [ 7.12926, 51.54248 ], [ 7.12821, 51.54279 ], [ 7.12484, 51.54658 ], [ 7.12364, 51.54688 ], [ 7.12449, 51.54787 ], [ 7.1249, 51.55006 ], [ 7.12426, 51.55201 ], [ 7.12506, 51.55191 ], [ 7.12552, 51.55218 ], [ 7.1266, 51.55182 ], [ 7.12777, 51.5521 ], [ 7.12945, 51.55175 ], [ 7.12946, 51.55235 ], [ 7.13058, 51.55213 ], [ 7.13119, 51.55248 ], [ 7.13215, 51.55218 ], [ 7.13375, 51.55294 ], [ 7.13429, 51.55254 ], [ 7.13568, 51.55286 ], [ 7.13676, 51.55248 ], [ 7.13729, 51.55284 ], [ 7.14048, 51.55197 ], [ 7.14176, 51.55215 ], [ 7.14278, 51.55187 ], [ 7.14329, 51.55203 ], [ 7.14318, 51.5523 ], [ 7.14456, 51.55234 ], [ 7.14281, 51.5573 ], [ 7.1416, 51.55894 ], [ 7.14065, 51.56126 ], [ 7.1392, 51.56363 ], [ 7.13838, 51.56729 ], [ 7.13672, 51.57035 ], [ 7.13737, 51.57204 ], [ 7.13653, 51.57348 ], [ 7.13426, 51.57422 ], [ 7.13168, 51.5745 ], [ 7.13036, 51.57516 ], [ 7.12939, 51.57615 ], [ 7.12844, 51.57614 ], [ 7.12801, 51.57672 ], [ 7.12692, 51.57703 ], [ 7.1269, 51.57737 ], [ 7.12757, 51.57784 ], [ 7.12656, 51.57797 ], [ 7.12643, 51.57824 ], [ 7.12832, 51.57824 ], [ 7.12694, 51.57978 ], [ 7.12494, 51.58332 ], [ 7.12227, 51.58561 ], [ 7.11985, 51.58636 ], [ 7.1189, 51.58557 ], [ 7.11858, 51.58565 ], [ 7.11835, 51.58632 ], [ 7.11704, 51.58624 ], [ 7.11699, 51.58738 ], [ 7.11602, 51.58758 ], [ 7.11576, 51.58852 ], [ 7.1139, 51.5887 ], [ 7.11142, 51.59083 ], [ 7.10493, 51.59424 ], [ 7.10353, 51.59416 ], [ 7.10337, 51.59324 ], [ 7.09926, 51.59268 ], [ 7.09896, 51.59301 ], [ 7.09743, 51.59279 ], [ 7.09729, 51.59355 ], [ 7.09117, 51.59281 ], [ 7.08995, 51.59079 ], [ 7.0758, 51.58801 ], [ 7.07493, 51.58999 ], [ 7.07459, 51.59004 ], [ 7.07453, 51.59415 ], [ 7.0748, 51.59558 ], [ 7.07596, 51.59577 ], [ 7.07553, 51.59723 ], [ 7.0758, 51.59762 ], [ 7.07592, 51.60041 ], [ 7.07756, 51.60537 ], [ 7.07502, 51.60646 ], [ 7.07445, 51.60585 ], [ 7.07335, 51.60938 ], [ 7.07194, 51.61034 ], [ 7.07152, 51.61123 ], [ 7.06798, 51.61412 ], [ 7.06757, 51.61485 ], [ 7.0653, 51.61529 ], [ 7.06437, 51.615 ], [ 7.06139, 51.61506 ], [ 7.06019, 51.6157 ], [ 7.05812, 51.61599 ], [ 7.05791, 51.61625 ], [ 7.05816, 51.61683 ], [ 7.05654, 51.61796 ], [ 7.05475, 51.6186 ], [ 7.05407, 51.61875 ], [ 7.05351, 51.61835 ], [ 7.05164, 51.6183 ], [ 7.04711, 51.61959 ], [ 7.04655, 51.61944 ], [ 7.04574, 51.62033 ], [ 7.04609, 51.62239 ], [ 7.04502, 51.62473 ], [ 7.03934, 51.6238 ], [ 7.03293, 51.62396 ], [ 7.03299, 51.62581 ], [ 7.03261, 51.62749 ], [ 7.03307, 51.62918 ], [ 7.03307, 51.63115 ], [ 7.03008, 51.63115 ], [ 7.02891, 51.63146 ], [ 7.02686, 51.63104 ], [ 7.02161, 51.63159 ], [ 7.01907, 51.62592 ], [ 7.01788, 51.62611 ], [ 7.0174, 51.62559 ], [ 7.01669, 51.62552 ], [ 7.01658, 51.62642 ], [ 7.01431, 51.6267 ], [ 7.01361, 51.62528 ], [ 7.01147, 51.62553 ], [ 7.01103, 51.62506 ], [ 7.01039, 51.62558 ], [ 7.00866, 51.62597 ], [ 7.00349, 51.62497 ], [ 6.99521, 51.62398 ], [ 6.99003, 51.62276 ], [ 6.9875, 51.62281 ], [ 6.98757, 51.62212 ], [ 6.99411, 51.62202 ], [ 6.99508, 51.62119 ], [ 6.99718, 51.62065 ], [ 6.99788, 51.61987 ], [ 6.99711, 51.6184 ], [ 6.99599, 51.61839 ], [ 6.9965, 51.61676 ], [ 6.99583, 51.61657 ], [ 6.99602, 51.61498 ], [ 6.99524, 51.61332 ], [ 6.99562, 51.61207 ], [ 6.99404, 51.61129 ], [ 6.9944, 51.60973 ], [ 6.99379, 51.60901 ], [ 6.99522, 51.60869 ], [ 6.99642, 51.60707 ], [ 6.99597, 51.60572 ], [ 6.99765, 51.60318 ], [ 6.99746, 51.60205 ], [ 6.9968, 51.602 ], [ 6.9961, 51.60018 ], [ 6.99396, 51.59957 ], [ 6.99324, 51.59988 ], [ 6.99312, 51.59965 ], [ 6.99298, 51.59895 ], [ 6.9938, 51.59372 ], [ 6.99788, 51.59302 ], [ 7.0077, 51.58924 ], [ 7.00872, 51.58935 ], [ 7.01063, 51.58872 ], [ 7.01113, 51.58785 ], [ 7.0133, 51.58687 ], [ 7.01421, 51.58569 ], [ 7.01472, 51.58402 ], [ 7.01276, 51.58373 ], [ 7.01291, 51.58331 ], [ 7.01422, 51.58304 ], [ 7.0161, 51.58335 ], [ 7.01699, 51.58052 ], [ 7.01323, 51.58054 ], [ 7.01333, 51.57957 ], [ 7.01808, 51.57854 ], [ 7.01853, 51.57806 ], [ 7.01515, 51.57635 ], [ 7.01551, 51.57448 ], [ 7.01191, 51.57382 ], [ 7.01407, 51.57183 ], [ 7.01486, 51.5697 ], [ 7.0158, 51.56944 ], [ 7.01398, 51.56825 ], [ 7.01708, 51.56589 ], [ 7.01312, 51.56447 ], [ 7.01455, 51.5629 ], [ 7.01533, 51.56327 ], [ 7.01637, 51.56163 ], [ 7.01727, 51.56142 ], [ 7.01981, 51.56167 ], [ 7.01956, 51.55548 ], [ 7.02013, 51.55538 ], [ 7.02002, 51.55434 ], [ 7.01963, 51.55434 ], [ 7.02003, 51.5524 ], [ 7.02134, 51.55258 ], [ 7.02173, 51.55162 ], [ 7.02402, 51.5517 ], [ 7.02405, 51.55132 ], [ 7.02679, 51.55126 ], [ 7.02824, 51.55087 ], [ 7.03062, 51.54907 ], [ 7.03212, 51.54661 ], [ 7.03149, 51.54622 ], [ 7.03167, 51.54595 ], [ 7.02742, 51.5449 ], [ 7.02554, 51.54406 ], [ 7.02569, 51.54391 ], [ 7.02489, 51.54389 ], [ 7.02484, 51.5435 ], [ 7.02232, 51.5435 ], [ 7.02235, 51.54274 ], [ 7.02007, 51.54263 ], [ 7.01846, 51.54207 ], [ 7.01875, 51.54145 ], [ 7.01765, 51.54152 ], [ 7.01708, 51.5403 ], [ 7.01279, 51.53946 ], [ 7.01385, 51.53736 ], [ 7.01205, 51.53523 ], [ 7.0118, 51.53535 ], [ 7.01058, 51.53469 ], [ 7.00972, 51.53473 ], [ 7.00958, 51.53267 ], [ 7.01406, 51.53242 ], [ 7.01336, 51.53157 ], [ 7.01301, 51.52998 ], [ 7.01314, 51.52919 ], [ 7.01361, 51.52836 ], [ 7.01491, 51.52752 ], [ 7.01561, 51.52647 ], [ 7.01677, 51.52319 ], [ 7.01799, 51.52241 ], [ 7.01977, 51.5181 ], [ 7.02231, 51.51913 ], [ 7.02516, 51.51697 ], [ 7.02694, 51.51706 ], [ 7.03329, 51.5162 ], [ 7.03245, 51.51434 ], [ 7.03712, 51.51473 ], [ 7.03785, 51.51409 ], [ 7.03995, 51.5139 ], [ 7.04088, 51.5135 ], [ 7.04113, 51.51228 ], [ 7.04184, 51.51126 ], [ 7.04532, 51.51128 ], [ 7.04639, 51.51177 ], [ 7.05046, 51.51199 ], [ 7.05026, 51.50975 ], [ 7.04991, 51.50982 ], [ 7.05078, 51.50799 ], [ 7.05051, 51.50792 ], [ 7.05217, 51.50526 ], [ 7.05452, 51.50551 ], [ 7.05418, 51.50343 ], [ 7.05544, 51.50347 ], [ 7.05681, 51.50178 ], [ 7.05727, 51.50076 ], [ 7.05757, 51.49864 ], [ 7.05874, 51.49906 ], [ 7.06089, 51.4967 ], [ 7.06631, 51.49777 ], [ 7.06706, 51.49758 ], [ 7.0715, 51.49478 ], [ 7.07185, 51.4949 ], [ 7.07376, 51.49327 ], [ 7.07421, 51.49245 ], [ 7.07314, 51.4915 ], [ 7.07333, 51.49118 ], [ 7.07246, 51.49087 ], [ 7.07312, 51.49016 ], [ 7.0711, 51.48933 ], [ 7.07131, 51.48791 ], [ 7.07097, 51.48497 ], [ 7.07268, 51.4852 ] ] ] ] } },
{ "type": "Feature", "properties": { "stadt": "Mönchengladbach" }, "geometry": { "type": "Polygon", "coordinates": [ [ [ 6.53149, 51.1511 ], [ 6.52882, 51.1525 ], [ 6.53258, 51.15364 ], [ 6.52813, 51.16053 ], [ 6.52576, 51.15978 ], [ 6.52446, 51.16153 ], [ 6.52392, 51.16159 ], [ 6.5221, 51.16428 ], [ 6.52406, 51.16412 ], [ 6.52459, 51.16498 ], [ 6.52736, 51.16538 ], [ 6.52709, 51.16628 ], [ 6.52839, 51.16679 ], [ 6.52701, 51.1694 ], [ 6.52691, 51.17018 ], [ 6.52543, 51.1721 ], [ 6.52415, 51.17326 ], [ 6.52336, 51.17351 ], [ 6.52207, 51.17845 ], [ 6.51634, 51.18227 ], [ 6.51595, 51.18367 ], [ 6.51577, 51.18324 ], [ 6.51489, 51.18304 ], [ 6.5149, 51.18262 ], [ 6.51376, 51.1823 ], [ 6.51311, 51.18161 ], [ 6.51333, 51.18131 ], [ 6.51299, 51.18075 ], [ 6.51139, 51.18051 ], [ 6.51161, 51.18029 ], [ 6.51124, 51.17982 ], [ 6.51066, 51.17968 ], [ 6.51108, 51.17922 ], [ 6.50997, 51.17882 ], [ 6.50919, 51.17896 ], [ 6.5085, 51.17848 ], [ 6.50862, 51.17816 ], [ 6.50912, 51.17823 ], [ 6.50869, 51.17796 ], [ 6.50887, 51.17769 ], [ 6.50857, 51.17733 ], [ 6.5078, 51.1777 ], [ 6.50705, 51.17744 ], [ 6.50606, 51.17644 ], [ 6.50559, 51.1766 ], [ 6.50325, 51.17572 ], [ 6.49758, 51.17484 ], [ 6.49413, 51.17317 ], [ 6.49062, 51.1708 ], [ 6.48986, 51.17063 ], [ 6.48927, 51.17159 ], [ 6.48689, 51.17353 ], [ 6.48625, 51.17368 ], [ 6.485, 51.17337 ], [ 6.48006, 51.17629 ], [ 6.48564, 51.18265 ], [ 6.49151, 51.19004 ], [ 6.49235, 51.19141 ], [ 6.49303, 51.19359 ], [ 6.49331, 51.1966 ], [ 6.49273, 51.19995 ], [ 6.48853, 51.20759 ], [ 6.48785, 51.20963 ], [ 6.48783, 51.2109 ], [ 6.49076, 51.22796 ], [ 6.4927, 51.22691 ], [ 6.49386, 51.22795 ], [ 6.49774, 51.22796 ], [ 6.50275, 51.22707 ], [ 6.50751, 51.22691 ], [ 6.50849, 51.22526 ], [ 6.50833, 51.22309 ], [ 6.50899, 51.22231 ], [ 6.50916, 51.22095 ], [ 6.51068, 51.21954 ], [ 6.51356, 51.22085 ], [ 6.51765, 51.22152 ], [ 6.5222, 51.22574 ], [ 6.51724, 51.22776 ], [ 6.51999, 51.23043 ], [ 6.50482, 51.23221 ], [ 6.50415, 51.23343 ], [ 6.50447, 51.23483 ], [ 6.4826, 51.23735 ], [ 6.47818, 51.23595 ], [ 6.4763, 51.23735 ], [ 6.47201, 51.23922 ], [ 6.45781, 51.24789 ], [ 6.45364, 51.24602 ], [ 6.45217, 51.24472 ], [ 6.45095, 51.24413 ], [ 6.44882, 51.2407 ], [ 6.44338, 51.23486 ], [ 6.44021, 51.23573 ], [ 6.43829, 51.23487 ], [ 6.43782, 51.23315 ], [ 6.43793, 51.23218 ], [ 6.43387, 51.23072 ], [ 6.43037, 51.22852 ], [ 6.42969, 51.2268 ], [ 6.4306, 51.22616 ], [ 6.42875, 51.22472 ], [ 6.41738, 51.22002 ], [ 6.41161, 51.21885 ], [ 6.39835, 51.21826 ], [ 6.37204, 51.21773 ], [ 6.36883, 51.21939 ], [ 6.36499, 51.22199 ], [ 6.36308, 51.22462 ], [ 6.36118, 51.22913 ], [ 6.34801, 51.22775 ], [ 6.34842, 51.22699 ], [ 6.34642, 51.22648 ], [ 6.34652, 51.2253 ], [ 6.33971, 51.22481 ], [ 6.33971, 51.22363 ], [ 6.33811, 51.22364 ], [ 6.33804, 51.22412 ], [ 6.33627, 51.2239 ], [ 6.33626, 51.22472 ], [ 6.33047, 51.22463 ], [ 6.33013, 51.22176 ], [ 6.33058, 51.2128 ], [ 6.33022, 51.21121 ], [ 6.33107, 51.20753 ], [ 6.32976, 51.20735 ], [ 6.3301, 51.20602 ], [ 6.32337, 51.20335 ], [ 6.3239, 51.203 ], [ 6.32053, 51.2013 ], [ 6.31966, 51.20044 ], [ 6.32008, 51.20002 ], [ 6.31604, 51.19755 ], [ 6.31476, 51.19506 ], [ 6.31511, 51.19422 ], [ 6.31424, 51.1917 ], [ 6.31288, 51.19052 ], [ 6.31449, 51.18679 ], [ 6.31373, 51.18486 ], [ 6.3141, 51.18425 ], [ 6.31538, 51.18301 ], [ 6.31553, 51.18322 ], [ 6.31849, 51.18161 ], [ 6.31475, 51.17885 ], [ 6.3128, 51.17938 ], [ 6.30887, 51.17931 ], [ 6.30706, 51.18073 ], [ 6.30564, 51.18097 ], [ 6.30436, 51.18052 ], [ 6.30154, 51.18021 ], [ 6.29728, 51.1785 ], [ 6.29441, 51.17659 ], [ 6.2911, 51.17571 ], [ 6.29301, 51.17462 ], [ 6.29327, 51.17417 ], [ 6.2932, 51.17146 ], [ 6.29402, 51.16925 ], [ 6.29415, 51.16757 ], [ 6.2958, 51.16751 ], [ 6.29742, 51.16674 ], [ 6.30018, 51.1662 ], [ 6.30348, 51.16624 ], [ 6.30403, 51.1661 ], [ 6.30443, 51.16526 ], [ 6.30584, 51.16554 ], [ 6.30586, 51.1616 ], [ 6.30455, 51.16056 ], [ 6.30183, 51.15514 ], [ 6.30207, 51.15198 ], [ 6.30522, 51.15198 ], [ 6.30606, 51.15257 ], [ 6.30653, 51.1522 ], [ 6.30712, 51.15271 ], [ 6.30719, 51.15232 ], [ 6.30762, 51.15232 ], [ 6.30769, 51.15277 ], [ 6.30799, 51.15281 ], [ 6.30827, 51.15256 ], [ 6.30876, 51.15271 ], [ 6.30995, 51.15164 ], [ 6.31229, 51.152 ], [ 6.31238, 51.15166 ], [ 6.31269, 51.15187 ], [ 6.31374, 51.15112 ], [ 6.31744, 51.15107 ], [ 6.32006, 51.14935 ], [ 6.31967, 51.14917 ], [ 6.32023, 51.14873 ], [ 6.31975, 51.14835 ], [ 6.31997, 51.14806 ], [ 6.31937, 51.14782 ], [ 6.32111, 51.14626 ], [ 6.32237, 51.14618 ], [ 6.32295, 51.14545 ], [ 6.32307, 51.1446 ], [ 6.32583, 51.14404 ], [ 6.3284, 51.14408 ], [ 6.33197, 51.14241 ], [ 6.33271, 51.13904 ], [ 6.33205, 51.13601 ], [ 6.33352, 51.13445 ], [ 6.34302, 51.13188 ], [ 6.3472, 51.13111 ], [ 6.34402, 51.12749 ], [ 6.35605, 51.12643 ], [ 6.35018, 51.11999 ], [ 6.35071, 51.1196 ], [ 6.35169, 51.11649 ], [ 6.34924, 51.11432 ], [ 6.34946, 51.11241 ], [ 6.35169, 51.11115 ], [ 6.35558, 51.11018 ], [ 6.35135, 51.10736 ], [ 6.35315, 51.1065 ], [ 6.35081, 51.10497 ], [ 6.35466, 51.10257 ], [ 6.35197, 51.10129 ], [ 6.35376, 51.1002 ], [ 6.35453, 51.10057 ], [ 6.35716, 51.09856 ], [ 6.35801, 51.09897 ], [ 6.35887, 51.09779 ], [ 6.35826, 51.09748 ], [ 6.36036, 51.09554 ], [ 6.36552, 51.09794 ], [ 6.36673, 51.09806 ], [ 6.36896, 51.09578 ], [ 6.36925, 51.09583 ], [ 6.37267, 51.09882 ], [ 6.37481, 51.09783 ], [ 6.3798, 51.09814 ], [ 6.38687, 51.09768 ], [ 6.39241, 51.09903 ], [ 6.39197, 51.09603 ], [ 6.39085, 51.09341 ], [ 6.38659, 51.09277 ], [ 6.38531, 51.09015 ], [ 6.39778, 51.09167 ], [ 6.39778, 51.08984 ], [ 6.40315, 51.08827 ], [ 6.40244, 51.08747 ], [ 6.40592, 51.08621 ], [ 6.40669, 51.08651 ], [ 6.40767, 51.0883 ], [ 6.41631, 51.08934 ], [ 6.41839, 51.0861 ], [ 6.42343, 51.08578 ], [ 6.42677, 51.08725 ], [ 6.43149, 51.08745 ], [ 6.43182, 51.08655 ], [ 6.44443, 51.08869 ], [ 6.44367, 51.0909 ], [ 6.44071, 51.09625 ], [ 6.43943, 51.09685 ], [ 6.43978, 51.0971 ], [ 6.43719, 51.09824 ], [ 6.43738, 51.09984 ], [ 6.4355, 51.1004 ], [ 6.44015, 51.10474 ], [ 6.43797, 51.10564 ], [ 6.4396, 51.10723 ], [ 6.44023, 51.10693 ], [ 6.44291, 51.10948 ], [ 6.44272, 51.10979 ], [ 6.4461, 51.11197 ], [ 6.44791, 51.11072 ], [ 6.44823, 51.10901 ], [ 6.44883, 51.10908 ], [ 6.44897, 51.10833 ], [ 6.45349, 51.1087 ], [ 6.4522, 51.10989 ], [ 6.45508, 51.11132 ], [ 6.45371, 51.11239 ], [ 6.45537, 51.1134 ], [ 6.45581, 51.11309 ], [ 6.45822, 51.11479 ], [ 6.4587, 51.1147 ], [ 6.46524, 51.11822 ], [ 6.46736, 51.11632 ], [ 6.47305, 51.11397 ], [ 6.47333, 51.1126 ], [ 6.4749, 51.11196 ], [ 6.47531, 51.11147 ], [ 6.4775, 51.11224 ], [ 6.47836, 51.11364 ], [ 6.47757, 51.11491 ], [ 6.47541, 51.12103 ], [ 6.46666, 51.13037 ], [ 6.469, 51.13136 ], [ 6.46766, 51.13254 ], [ 6.47237, 51.13279 ], [ 6.47231, 51.13765 ], [ 6.46954, 51.13967 ], [ 6.47605, 51.14364 ], [ 6.49116, 51.14979 ], [ 6.49334, 51.14804 ], [ 6.49613, 51.14876 ], [ 6.50278, 51.14918 ], [ 6.50486, 51.146 ], [ 6.51279, 51.14728 ], [ 6.51486, 51.13959 ], [ 6.5194, 51.14027 ], [ 6.5195, 51.14005 ], [ 6.52379, 51.14047 ], [ 6.52324, 51.14159 ], [ 6.52677, 51.14277 ], [ 6.525, 51.14422 ], [ 6.52732, 51.14587 ], [ 6.52925, 51.14485 ], [ 6.53074, 51.14603 ], [ 6.53404, 51.14598 ], [ 6.53664, 51.14647 ], [ 6.52999, 51.14999 ], [ 6.53149, 51.1511 ] ] ] } },
{ "type": "Feature", "properties": { "stadt": "Braunschweig" }, "geometry": { "type": "Polygon", "coordinates": [ [ [ 10.50359, 52.18848 ], [ 10.50432, 52.18862 ], [ 10.50535, 52.18679 ], [ 10.50957, 52.18759 ], [ 10.51008, 52.18686 ], [ 10.5132, 52.18793 ], [ 10.51293, 52.1888 ], [ 10.51583, 52.1896 ], [ 10.51602, 52.18974 ], [ 10.51565, 52.19029 ], [ 10.51754, 52.19034 ], [ 10.51885, 52.19094 ], [ 10.51893, 52.19128 ], [ 10.51778, 52.1914 ], [ 10.5174, 52.19173 ], [ 10.51893, 52.19304 ], [ 10.52134, 52.19306 ], [ 10.52169, 52.19211 ], [ 10.52502, 52.1929 ], [ 10.527, 52.19037 ], [ 10.52825, 52.19073 ], [ 10.52844, 52.1913 ], [ 10.52971, 52.19183 ], [ 10.53335, 52.19251 ], [ 10.5357, 52.19238 ], [ 10.53866, 52.19174 ], [ 10.53843, 52.19394 ], [ 10.53867, 52.19502 ], [ 10.54042, 52.19784 ], [ 10.54464, 52.20249 ], [ 10.54573, 52.2045 ], [ 10.55025, 52.20298 ], [ 10.55274, 52.20639 ], [ 10.56192, 52.20301 ], [ 10.5678, 52.20276 ], [ 10.56791, 52.20252 ], [ 10.57055, 52.20238 ], [ 10.57022, 52.20353 ], [ 10.57467, 52.20387 ], [ 10.57445, 52.20416 ], [ 10.57759, 52.2048 ], [ 10.57651, 52.20674 ], [ 10.57574, 52.20668 ], [ 10.57619, 52.20994 ], [ 10.5725, 52.21053 ], [ 10.57228, 52.21079 ], [ 10.57208, 52.21244 ], [ 10.57273, 52.21361 ], [ 10.57163, 52.21506 ], [ 10.57382, 52.21552 ], [ 10.57482, 52.21677 ], [ 10.57381, 52.21827 ], [ 10.57397, 52.21945 ], [ 10.57456, 52.22059 ], [ 10.57403, 52.22114 ], [ 10.57542, 52.22177 ], [ 10.57501, 52.22245 ], [ 10.57542, 52.22281 ], [ 10.57643, 52.2234 ], [ 10.57754, 52.22308 ], [ 10.58129, 52.22058 ], [ 10.58167, 52.22099 ], [ 10.58262, 52.22104 ], [ 10.58484, 52.22206 ], [ 10.58662, 52.22208 ], [ 10.58876, 52.22287 ], [ 10.59265, 52.22289 ], [ 10.59301, 52.22278 ], [ 10.59336, 52.222 ], [ 10.5982, 52.22274 ], [ 10.59899, 52.22377 ], [ 10.60051, 52.22663 ], [ 10.60038, 52.22818 ], [ 10.60098, 52.22994 ], [ 10.60119, 52.23207 ], [ 10.60074, 52.23286 ], [ 10.59891, 52.23351 ], [ 10.59862, 52.23406 ], [ 10.5989, 52.23405 ], [ 10.60007, 52.23979 ], [ 10.59922, 52.24119 ], [ 10.60023, 52.24152 ], [ 10.59866, 52.243 ], [ 10.59943, 52.24322 ], [ 10.59934, 52.24362 ], [ 10.59746, 52.24351 ], [ 10.59375, 52.25026 ], [ 10.59326, 52.25028 ], [ 10.59304, 52.25068 ], [ 10.60103, 52.25074 ], [ 10.6089, 52.2528 ], [ 10.60859, 52.25382 ], [ 10.61096, 52.25416 ], [ 10.61085, 52.25491 ], [ 10.61177, 52.25505 ], [ 10.61157, 52.25598 ], [ 10.61301, 52.25601 ], [ 10.61212, 52.2604 ], [ 10.61243, 52.26472 ], [ 10.61402, 52.26447 ], [ 10.61395, 52.26344 ], [ 10.61995, 52.26376 ], [ 10.62005, 52.26515 ], [ 10.61877, 52.26508 ], [ 10.618, 52.266 ], [ 10.61862, 52.26632 ], [ 10.6179, 52.26711 ], [ 10.61792, 52.26791 ], [ 10.61858, 52.26808 ], [ 10.6186, 52.26857 ], [ 10.62037, 52.26855 ], [ 10.61507, 52.26874 ], [ 10.61547, 52.27037 ], [ 10.61305, 52.27031 ], [ 10.61382, 52.27704 ], [ 10.62662, 52.27737 ], [ 10.62668, 52.28143 ], [ 10.62898, 52.28149 ], [ 10.62899, 52.28256 ], [ 10.63142, 52.28275 ], [ 10.63345, 52.28394 ], [ 10.63487, 52.28534 ], [ 10.63807, 52.28544 ], [ 10.63899, 52.28714 ], [ 10.63839, 52.28732 ], [ 10.6388, 52.28898 ], [ 10.63594, 52.28921 ], [ 10.63625, 52.29064 ], [ 10.63688, 52.29065 ], [ 10.6375, 52.29263 ], [ 10.63675, 52.29412 ], [ 10.63656, 52.2955 ], [ 10.63549, 52.29702 ], [ 10.63729, 52.29702 ], [ 10.6379, 52.29675 ], [ 10.6382, 52.29597 ], [ 10.64029, 52.29533 ], [ 10.64324, 52.29545 ], [ 10.63987, 52.30209 ], [ 10.63861, 52.30216 ], [ 10.63895, 52.3016 ], [ 10.63827, 52.30138 ], [ 10.63784, 52.30186 ], [ 10.63588, 52.30141 ], [ 10.63574, 52.30179 ], [ 10.63061, 52.30155 ], [ 10.63088, 52.30247 ], [ 10.6211, 52.30398 ], [ 10.6208, 52.30412 ], [ 10.62135, 52.30451 ], [ 10.61383, 52.31182 ], [ 10.61404, 52.31164 ], [ 10.61879, 52.31465 ], [ 10.6193, 52.31563 ], [ 10.61909, 52.31682 ], [ 10.61973, 52.3171 ], [ 10.6196, 52.31816 ], [ 10.6199, 52.3184 ], [ 10.62145, 52.31798 ], [ 10.62372, 52.31898 ], [ 10.6236, 52.31988 ], [ 10.62037, 52.31976 ], [ 10.6221, 52.31994 ], [ 10.62161, 52.3226 ], [ 10.62233, 52.32245 ], [ 10.6223, 52.32194 ], [ 10.62652, 52.32175 ], [ 10.62755, 52.32203 ], [ 10.62771, 52.32255 ], [ 10.62874, 52.32246 ], [ 10.62904, 52.32343 ], [ 10.62824, 52.32421 ], [ 10.62739, 52.3258 ], [ 10.62898, 52.32617 ], [ 10.62808, 52.3289 ], [ 10.62396, 52.33035 ], [ 10.62311, 52.33005 ], [ 10.62292, 52.33172 ], [ 10.62321, 52.3317 ], [ 10.62346, 52.33288 ], [ 10.62496, 52.3352 ], [ 10.62388, 52.33702 ], [ 10.62271, 52.33784 ], [ 10.62098, 52.33984 ], [ 10.60892, 52.33548 ], [ 10.60201, 52.33711 ], [ 10.60079, 52.34236 ], [ 10.60368, 52.34215 ], [ 10.60854, 52.34326 ], [ 10.60946, 52.34432 ], [ 10.60991, 52.34564 ], [ 10.61225, 52.34605 ], [ 10.61351, 52.34802 ], [ 10.61309, 52.34847 ], [ 10.60851, 52.34864 ], [ 10.60734, 52.34568 ], [ 10.60443, 52.34537 ], [ 10.60377, 52.34761 ], [ 10.60183, 52.34701 ], [ 10.59678, 52.34627 ], [ 10.59624, 52.34764 ], [ 10.59758, 52.34819 ], [ 10.59722, 52.34959 ], [ 10.59438, 52.34922 ], [ 10.59424, 52.34978 ], [ 10.59019, 52.35041 ], [ 10.58987, 52.35192 ], [ 10.58784, 52.35214 ], [ 10.5817, 52.35173 ], [ 10.57544, 52.35079 ], [ 10.57521, 52.3521 ], [ 10.56904, 52.35196 ], [ 10.56916, 52.35072 ], [ 10.56794, 52.34832 ], [ 10.56737, 52.34789 ], [ 10.56367, 52.34759 ], [ 10.55843, 52.34502 ], [ 10.55898, 52.34395 ], [ 10.55675, 52.34292 ], [ 10.55166, 52.34327 ], [ 10.55208, 52.34125 ], [ 10.5529, 52.34129 ], [ 10.55329, 52.33981 ], [ 10.55295, 52.33974 ], [ 10.55174, 52.33601 ], [ 10.54927, 52.33578 ], [ 10.54816, 52.33383 ], [ 10.5468, 52.33295 ], [ 10.54807, 52.33164 ], [ 10.53825, 52.32789 ], [ 10.5321, 52.32863 ], [ 10.52779, 52.3281 ], [ 10.52678, 52.32737 ], [ 10.52575, 52.32728 ], [ 10.5257, 52.32813 ], [ 10.52594, 52.32815 ], [ 10.52493, 52.33024 ], [ 10.52765, 52.3307 ], [ 10.52643, 52.33391 ], [ 10.52651, 52.33467 ], [ 10.52731, 52.33505 ], [ 10.52684, 52.33701 ], [ 10.52815, 52.3372 ], [ 10.52775, 52.33726 ], [ 10.52921, 52.33914 ], [ 10.52998, 52.3387 ], [ 10.53064, 52.33911 ], [ 10.53092, 52.33996 ], [ 10.53092, 52.34059 ], [ 10.52925, 52.34081 ], [ 10.52884, 52.34223 ], [ 10.53219, 52.34278 ], [ 10.53272, 52.34262 ], [ 10.53359, 52.34378 ], [ 10.53491, 52.34479 ], [ 10.53666, 52.34518 ], [ 10.53871, 52.3468 ], [ 10.54233, 52.34747 ], [ 10.54619, 52.34726 ], [ 10.5463, 52.34831 ], [ 10.54352, 52.34943 ], [ 10.53751, 52.34908 ], [ 10.53042, 52.34958 ], [ 10.52625, 52.35157 ], [ 10.52363, 52.35412 ], [ 10.52174, 52.35725 ], [ 10.52105, 52.3575 ], [ 10.51567, 52.35676 ], [ 10.51559, 52.35641 ], [ 10.51469, 52.35643 ], [ 10.51429, 52.35724 ], [ 10.51005, 52.35694 ], [ 10.50758, 52.35628 ], [ 10.50676, 52.35571 ], [ 10.50641, 52.35296 ], [ 10.50328, 52.3517 ], [ 10.50339, 52.35045 ], [ 10.50411, 52.34996 ], [ 10.4975, 52.34834 ], [ 10.49786, 52.34588 ], [ 10.49378, 52.34759 ], [ 10.49159, 52.34814 ], [ 10.48998, 52.34997 ], [ 10.4878, 52.34919 ], [ 10.48523, 52.35042 ], [ 10.48047, 52.35009 ], [ 10.48005, 52.35142 ], [ 10.47876, 52.35253 ], [ 10.47682, 52.35221 ], [ 10.47549, 52.35097 ], [ 10.47601, 52.3504 ], [ 10.47699, 52.34505 ], [ 10.47898, 52.34543 ], [ 10.47649, 52.34015 ], [ 10.47665, 52.3385 ], [ 10.47793, 52.33692 ], [ 10.47762, 52.33694 ], [ 10.47761, 52.33581 ], [ 10.4809, 52.33576 ], [ 10.48244, 52.33514 ], [ 10.48285, 52.33432 ], [ 10.48362, 52.33411 ], [ 10.48459, 52.33333 ], [ 10.48442, 52.33307 ], [ 10.48933, 52.33179 ], [ 10.49195, 52.33247 ], [ 10.4919, 52.33353 ], [ 10.4929, 52.33357 ], [ 10.493, 52.33081 ], [ 10.48434, 52.32864 ], [ 10.48451, 52.32535 ], [ 10.4854, 52.32197 ], [ 10.45658, 52.32885 ], [ 10.447, 52.33058 ], [ 10.44746, 52.33002 ], [ 10.44937, 52.32911 ], [ 10.44947, 52.32797 ], [ 10.45048, 52.32773 ], [ 10.45108, 52.32723 ], [ 10.44972, 52.32678 ], [ 10.44904, 52.32694 ], [ 10.44659, 52.32593 ], [ 10.44578, 52.32424 ], [ 10.44169, 52.32135 ], [ 10.43379, 52.32342 ], [ 10.43186, 52.32447 ], [ 10.43021, 52.32448 ], [ 10.43134, 52.32523 ], [ 10.43047, 52.32673 ], [ 10.42634, 52.32811 ], [ 10.42405, 52.33022 ], [ 10.42104, 52.32884 ], [ 10.41979, 52.32778 ], [ 10.41685, 52.32766 ], [ 10.41644, 52.32536 ], [ 10.41496, 52.32534 ], [ 10.41475, 52.32502 ], [ 10.41595, 52.32395 ], [ 10.4178, 52.32298 ], [ 10.41855, 52.32168 ], [ 10.41245, 52.3182 ], [ 10.42392, 52.31217 ], [ 10.42406, 52.31001 ], [ 10.42239, 52.30936 ], [ 10.42237, 52.30857 ], [ 10.4242, 52.30784 ], [ 10.42417, 52.30606 ], [ 10.42674, 52.30517 ], [ 10.42655, 52.30279 ], [ 10.42381, 52.30267 ], [ 10.42446, 52.29709 ], [ 10.42668, 52.2903 ], [ 10.42343, 52.28994 ], [ 10.42248, 52.28802 ], [ 10.41932, 52.28766 ], [ 10.4185, 52.28599 ], [ 10.42606, 52.28502 ], [ 10.42676, 52.28762 ], [ 10.44061, 52.28585 ], [ 10.44038, 52.28397 ], [ 10.44134, 52.28046 ], [ 10.44032, 52.28037 ], [ 10.43905, 52.27829 ], [ 10.43852, 52.2783 ], [ 10.43824, 52.27654 ], [ 10.43681, 52.27614 ], [ 10.43005, 52.27662 ], [ 10.42783, 52.27596 ], [ 10.42729, 52.26896 ], [ 10.42138, 52.26917 ], [ 10.4214, 52.26729 ], [ 10.42825, 52.26705 ], [ 10.42811, 52.26562 ], [ 10.43055, 52.26553 ], [ 10.43022, 52.26296 ], [ 10.43419, 52.26331 ], [ 10.43429, 52.26054 ], [ 10.43506, 52.25824 ], [ 10.44572, 52.25845 ], [ 10.44623, 52.25796 ], [ 10.44766, 52.25822 ], [ 10.44731, 52.25891 ], [ 10.4516, 52.26013 ], [ 10.45269, 52.2584 ], [ 10.45372, 52.25823 ], [ 10.45439, 52.25764 ], [ 10.45133, 52.25493 ], [ 10.44666, 52.25271 ], [ 10.44599, 52.25208 ], [ 10.44559, 52.25102 ], [ 10.44585, 52.24975 ], [ 10.44536, 52.24896 ], [ 10.43873, 52.24855 ], [ 10.43546, 52.24889 ], [ 10.43474, 52.24882 ], [ 10.43463, 52.24803 ], [ 10.43299, 52.24852 ], [ 10.43288, 52.24541 ], [ 10.42838, 52.24571 ], [ 10.42805, 52.2429 ], [ 10.43331, 52.24285 ], [ 10.43383, 52.22942 ], [ 10.43485, 52.22967 ], [ 10.436, 52.22584 ], [ 10.43399, 52.22596 ], [ 10.43388, 52.22524 ], [ 10.43154, 52.22299 ], [ 10.4307, 52.22297 ], [ 10.43068, 52.22218 ], [ 10.42978, 52.22204 ], [ 10.42978, 52.22168 ], [ 10.43223, 52.21606 ], [ 10.43798, 52.2061 ], [ 10.44117, 52.20619 ], [ 10.44154, 52.20545 ], [ 10.43842, 52.20536 ], [ 10.43967, 52.20322 ], [ 10.46784, 52.20396 ], [ 10.46817, 52.20275 ], [ 10.46869, 52.20282 ], [ 10.46908, 52.20174 ], [ 10.47685, 52.20286 ], [ 10.47761, 52.20353 ], [ 10.47952, 52.20438 ], [ 10.48229, 52.20518 ], [ 10.48652, 52.20711 ], [ 10.48621, 52.2064 ], [ 10.48799, 52.20486 ], [ 10.49129, 52.20047 ], [ 10.49207, 52.20073 ], [ 10.49123, 52.19962 ], [ 10.49209, 52.19957 ], [ 10.49152, 52.19868 ], [ 10.49307, 52.19874 ], [ 10.49351, 52.19647 ], [ 10.49388, 52.19565 ], [ 10.49431, 52.19568 ], [ 10.49492, 52.19356 ], [ 10.49793, 52.19413 ], [ 10.49954, 52.19183 ], [ 10.50105, 52.19209 ], [ 10.50359, 52.18848 ] ] ] } },
{ "type": "Feature", "properties": { "stadt": "Kiel" }, "geometry": { "type": "Polygon", "coordinates": [ [ [ 10.17423, 54.3457 ], [ 10.15176, 54.36329 ], [ 10.15386, 54.36898 ], [ 10.19153, 54.39007 ], [ 10.18936, 54.39159 ], [ 10.18956, 54.39198 ], [ 10.18884, 54.39305 ], [ 10.18945, 54.39365 ], [ 10.18899, 54.39505 ], [ 10.1895, 54.3956 ], [ 10.18934, 54.39667 ], [ 10.19053, 54.39782 ], [ 10.191, 54.39892 ], [ 10.19097, 54.39918 ], [ 10.18999, 54.39934 ], [ 10.19048, 54.39996 ], [ 10.19071, 54.40191 ], [ 10.19183, 54.40311 ], [ 10.19083, 54.40464 ], [ 10.19054, 54.40698 ], [ 10.18885, 54.41088 ], [ 10.18858, 54.41249 ], [ 10.18087, 54.41869 ], [ 10.17836, 54.42133 ], [ 10.17565, 54.42339 ], [ 10.1779, 54.42442 ], [ 10.17224, 54.43256 ], [ 10.17123, 54.43282 ], [ 10.1713, 54.4333 ], [ 10.17088, 54.43332 ], [ 10.17081, 54.43277 ], [ 10.16755, 54.4329 ], [ 10.16808, 54.43086 ], [ 10.1675, 54.43069 ], [ 10.16403, 54.43194 ], [ 10.16058, 54.43086 ], [ 10.15767, 54.42888 ], [ 10.15784, 54.42718 ], [ 10.15709, 54.42614 ], [ 10.15398, 54.42478 ], [ 10.15185, 54.42216 ], [ 10.15224, 54.42103 ], [ 10.15137, 54.42078 ], [ 10.15073, 54.4195 ], [ 10.15075, 54.41838 ], [ 10.15128, 54.41815 ], [ 10.15079, 54.41665 ], [ 10.14898, 54.41388 ], [ 10.14668, 54.41174 ], [ 10.14644, 54.41074 ], [ 10.13767, 54.41273 ], [ 10.13603, 54.41056 ], [ 10.13419, 54.40569 ], [ 10.13413, 54.40345 ], [ 10.13471, 54.40147 ], [ 10.13676, 54.39776 ], [ 10.13731, 54.39616 ], [ 10.13748, 54.39427 ], [ 10.13683, 54.39322 ], [ 10.13739, 54.39203 ], [ 10.13911, 54.39207 ], [ 10.14082, 54.39071 ], [ 10.14214, 54.38909 ], [ 10.14253, 54.38807 ], [ 10.14241, 54.38742 ], [ 10.14225, 54.38691 ], [ 10.14021, 54.38619 ], [ 10.13972, 54.38535 ], [ 10.14007, 54.38475 ], [ 10.13547, 54.38203 ], [ 10.13102, 54.37739 ], [ 10.12947, 54.37662 ], [ 10.1291, 54.3759 ], [ 10.12928, 54.37517 ], [ 10.12725, 54.37338 ], [ 10.126, 54.37342 ], [ 10.1235, 54.37267 ], [ 10.12161, 54.37129 ], [ 10.12132, 54.37028 ], [ 10.12012, 54.36965 ], [ 10.11753, 54.37037 ], [ 10.10279, 54.3725 ], [ 10.08186, 54.36944 ], [ 10.07788, 54.37155 ], [ 10.07245, 54.37164 ], [ 10.07094, 54.37101 ], [ 10.07006, 54.37099 ], [ 10.07045, 54.36984 ], [ 10.07083, 54.36973 ], [ 10.06891, 54.36706 ], [ 10.06912, 54.36664 ], [ 10.07017, 54.36609 ], [ 10.0698, 54.3658 ], [ 10.07005, 54.36548 ], [ 10.06873, 54.36426 ], [ 10.06868, 54.36385 ], [ 10.06917, 54.36398 ], [ 10.06891, 54.36355 ], [ 10.06507, 54.36123 ], [ 10.06201, 54.36016 ], [ 10.05909, 54.35942 ], [ 10.05491, 54.35912 ], [ 10.03893, 54.36073 ], [ 10.03901, 54.36043 ], [ 10.03823, 54.36035 ], [ 10.03792, 54.36 ], [ 10.03558, 54.35975 ], [ 10.0358, 54.35839 ], [ 10.03471, 54.35812 ], [ 10.03489, 54.3576 ], [ 10.03443, 54.35728 ], [ 10.03434, 54.35685 ], [ 10.03488, 54.3565 ], [ 10.03324, 54.35297 ], [ 10.03293, 54.34959 ], [ 10.03647, 54.34904 ], [ 10.03685, 54.34689 ], [ 10.03727, 54.34665 ], [ 10.04142, 54.34626 ], [ 10.0421, 54.34583 ], [ 10.04859, 54.34588 ], [ 10.04973, 54.34562 ], [ 10.05029, 54.3457 ], [ 10.05123, 54.34675 ], [ 10.05286, 54.34632 ], [ 10.05287, 54.34727 ], [ 10.06192, 54.34788 ], [ 10.06295, 54.3485 ], [ 10.06836, 54.34842 ], [ 10.06877, 54.34802 ], [ 10.07182, 54.34715 ], [ 10.07047, 54.34598 ], [ 10.06907, 54.34619 ], [ 10.06806, 54.34583 ], [ 10.06762, 54.34455 ], [ 10.0715, 54.34368 ], [ 10.07441, 54.34421 ], [ 10.07497, 54.34497 ], [ 10.07665, 54.34525 ], [ 10.07772, 54.34421 ], [ 10.08462, 54.34582 ], [ 10.09342, 54.34552 ], [ 10.09625, 54.34635 ], [ 10.09296, 54.34932 ], [ 10.09736, 54.35056 ], [ 10.10135, 54.34741 ], [ 10.10037, 54.34695 ], [ 10.10208, 54.34556 ], [ 10.10162, 54.3454 ], [ 10.10244, 54.34442 ], [ 10.10356, 54.34192 ], [ 10.10334, 54.34185 ], [ 10.10352, 54.34029 ], [ 10.10332, 54.34008 ], [ 10.10738, 54.33691 ], [ 10.10382, 54.33534 ], [ 10.10384, 54.33457 ], [ 10.10315, 54.33378 ], [ 10.10089, 54.33273 ], [ 10.10043, 54.33161 ], [ 10.09931, 54.33148 ], [ 10.09815, 54.33039 ], [ 10.09758, 54.33058 ], [ 10.0949, 54.32879 ], [ 10.09458, 54.32815 ], [ 10.0871, 54.32611 ], [ 10.08512, 54.32871 ], [ 10.07553, 54.32688 ], [ 10.07555, 54.32644 ], [ 10.07416, 54.32539 ], [ 10.07202, 54.32519 ], [ 10.06959, 54.32525 ], [ 10.06925, 54.32617 ], [ 10.0676, 54.32813 ], [ 10.06617, 54.32897 ], [ 10.065, 54.3287 ], [ 10.0618, 54.32889 ], [ 10.06004, 54.32935 ], [ 10.05918, 54.33033 ], [ 10.05854, 54.33041 ], [ 10.05888, 54.331 ], [ 10.05855, 54.33155 ], [ 10.05875, 54.33276 ], [ 10.05815, 54.33432 ], [ 10.05605, 54.33428 ], [ 10.05583, 54.33389 ], [ 10.05314, 54.33436 ], [ 10.05039, 54.32879 ], [ 10.04924, 54.32903 ], [ 10.04924, 54.32867 ], [ 10.04863, 54.32816 ], [ 10.04781, 54.32799 ], [ 10.0465, 54.32681 ], [ 10.04576, 54.32565 ], [ 10.04411, 54.325 ], [ 10.04374, 54.32324 ], [ 10.04317, 54.32323 ], [ 10.04366, 54.31728 ], [ 10.04326, 54.31467 ], [ 10.04199, 54.31159 ], [ 10.05459, 54.31019 ], [ 10.05429, 54.30968 ], [ 10.0534, 54.3095 ], [ 10.05033, 54.30992 ], [ 10.04938, 54.30954 ], [ 10.04838, 54.30958 ], [ 10.04728, 54.30857 ], [ 10.04604, 54.30862 ], [ 10.04522, 54.308 ], [ 10.04557, 54.30739 ], [ 10.04519, 54.30562 ], [ 10.04822, 54.3036 ], [ 10.04818, 54.30237 ], [ 10.04911, 54.30068 ], [ 10.04823, 54.29846 ], [ 10.0499, 54.29745 ], [ 10.05088, 54.29726 ], [ 10.05819, 54.2975 ], [ 10.05808, 54.29696 ], [ 10.05926, 54.29635 ], [ 10.0602, 54.29399 ], [ 10.05799, 54.29235 ], [ 10.05845, 54.2902 ], [ 10.05792, 54.28819 ], [ 10.06012, 54.28764 ], [ 10.06461, 54.28731 ], [ 10.06649, 54.285 ], [ 10.06714, 54.2847 ], [ 10.07177, 54.28541 ], [ 10.07565, 54.28653 ], [ 10.0754, 54.28762 ], [ 10.07653, 54.28812 ], [ 10.08238, 54.2886 ], [ 10.08385, 54.28967 ], [ 10.08566, 54.28961 ], [ 10.08644, 54.28999 ], [ 10.0882, 54.28993 ], [ 10.09092, 54.28921 ], [ 10.09436, 54.28687 ], [ 10.09279, 54.28327 ], [ 10.09232, 54.28097 ], [ 10.09175, 54.28035 ], [ 10.09159, 54.27878 ], [ 10.09297, 54.27683 ], [ 10.09269, 54.27622 ], [ 10.09197, 54.27574 ], [ 10.09215, 54.27518 ], [ 10.09129, 54.27412 ], [ 10.08717, 54.27344 ], [ 10.08688, 54.27261 ], [ 10.08618, 54.27218 ], [ 10.08636, 54.27136 ], [ 10.08585, 54.27048 ], [ 10.08631, 54.26951 ], [ 10.08532, 54.26878 ], [ 10.08421, 54.26873 ], [ 10.08354, 54.2683 ], [ 10.08941, 54.26685 ], [ 10.09462, 54.2632 ], [ 10.09824, 54.26307 ], [ 10.10777, 54.2612 ], [ 10.11467, 54.26065 ], [ 10.11555, 54.26011 ], [ 10.1163, 54.25867 ], [ 10.12056, 54.25858 ], [ 10.12357, 54.25815 ], [ 10.12363, 54.25557 ], [ 10.13559, 54.25766 ], [ 10.1421, 54.25497 ], [ 10.14124, 54.25423 ], [ 10.14678, 54.2521 ], [ 10.14876, 54.25232 ], [ 10.15205, 54.25071 ], [ 10.15352, 54.25146 ], [ 10.15389, 54.25228 ], [ 10.15349, 54.25587 ], [ 10.15391, 54.25815 ], [ 10.15534, 54.25813 ], [ 10.15875, 54.25914 ], [ 10.16121, 54.25863 ], [ 10.16199, 54.25734 ], [ 10.16364, 54.25764 ], [ 10.16454, 54.25715 ], [ 10.16942, 54.25637 ], [ 10.17281, 54.25697 ], [ 10.17294, 54.25666 ], [ 10.17331, 54.25669 ], [ 10.17251, 54.25582 ], [ 10.17432, 54.2551 ], [ 10.17611, 54.25297 ], [ 10.18046, 54.25291 ], [ 10.18117, 54.2524 ], [ 10.18273, 54.25347 ], [ 10.18399, 54.25324 ], [ 10.18571, 54.25501 ], [ 10.18631, 54.25624 ], [ 10.18722, 54.25839 ], [ 10.18725, 54.25934 ], [ 10.18695, 54.25973 ], [ 10.19065, 54.26041 ], [ 10.18853, 54.26122 ], [ 10.19083, 54.26193 ], [ 10.19302, 54.26202 ], [ 10.19301, 54.26253 ], [ 10.19454, 54.2635 ], [ 10.196, 54.26297 ], [ 10.19645, 54.26354 ], [ 10.20081, 54.26598 ], [ 10.20156, 54.26705 ], [ 10.20136, 54.26727 ], [ 10.20247, 54.26959 ], [ 10.20186, 54.26949 ], [ 10.19863, 54.27055 ], [ 10.19765, 54.27135 ], [ 10.19748, 54.27246 ], [ 10.19698, 54.27289 ], [ 10.19752, 54.27332 ], [ 10.19743, 54.27364 ], [ 10.19905, 54.27403 ], [ 10.19907, 54.27613 ], [ 10.20016, 54.27629 ], [ 10.19881, 54.27787 ], [ 10.20189, 54.2792 ], [ 10.20315, 54.27866 ], [ 10.20284, 54.27849 ], [ 10.20324, 54.27827 ], [ 10.20213, 54.27645 ], [ 10.20227, 54.27627 ], [ 10.20378, 54.27552 ], [ 10.20496, 54.27573 ], [ 10.20645, 54.27636 ], [ 10.20761, 54.27734 ], [ 10.20892, 54.27967 ], [ 10.20969, 54.28013 ], [ 10.20943, 54.28236 ], [ 10.20869, 54.28282 ], [ 10.20966, 54.28367 ], [ 10.20635, 54.28394 ], [ 10.20604, 54.28441 ], [ 10.20409, 54.28461 ], [ 10.20404, 54.28541 ], [ 10.20294, 54.28611 ], [ 10.203, 54.28658 ], [ 10.20366, 54.28692 ], [ 10.20434, 54.28677 ], [ 10.205, 54.28707 ], [ 10.20541, 54.28983 ], [ 10.2023, 54.29081 ], [ 10.20154, 54.29184 ], [ 10.20231, 54.29217 ], [ 10.20057, 54.29328 ], [ 10.20023, 54.29283 ], [ 10.19808, 54.29323 ], [ 10.19909, 54.29389 ], [ 10.19718, 54.29489 ], [ 10.19763, 54.29542 ], [ 10.19525, 54.29625 ], [ 10.19291, 54.29628 ], [ 10.19152, 54.29703 ], [ 10.19021, 54.29686 ], [ 10.18972, 54.29825 ], [ 10.18968, 54.29862 ], [ 10.19005, 54.29864 ], [ 10.1897, 54.30025 ], [ 10.192, 54.30042 ], [ 10.19171, 54.30082 ], [ 10.1916, 54.30244 ], [ 10.19224, 54.30342 ], [ 10.19189, 54.30404 ], [ 10.19191, 54.30511 ], [ 10.19223, 54.30562 ], [ 10.19106, 54.30712 ], [ 10.18982, 54.30744 ], [ 10.19001, 54.30861 ], [ 10.18903, 54.3092 ], [ 10.18905, 54.30992 ], [ 10.19015, 54.31087 ], [ 10.19079, 54.31262 ], [ 10.18994, 54.31494 ], [ 10.19177, 54.31551 ], [ 10.19405, 54.31515 ], [ 10.19518, 54.31547 ], [ 10.19569, 54.3161 ], [ 10.19622, 54.31584 ], [ 10.19713, 54.31611 ], [ 10.19717, 54.31663 ], [ 10.19751, 54.31676 ], [ 10.19889, 54.31703 ], [ 10.20009, 54.3167 ], [ 10.20255, 54.31766 ], [ 10.20875, 54.31929 ], [ 10.20918, 54.31872 ], [ 10.20922, 54.31794 ], [ 10.20962, 54.31792 ], [ 10.20938, 54.31737 ], [ 10.21003, 54.31701 ], [ 10.21125, 54.31695 ], [ 10.2135, 54.31798 ], [ 10.21423, 54.31863 ], [ 10.21535, 54.31893 ], [ 10.21695, 54.31993 ], [ 10.21711, 54.32052 ], [ 10.21621, 54.32066 ], [ 10.21421, 54.32183 ], [ 10.21862, 54.32454 ], [ 10.21746, 54.32595 ], [ 10.21715, 54.32725 ], [ 10.21766, 54.32888 ], [ 10.21811, 54.32908 ], [ 10.21757, 54.32975 ], [ 10.21348, 54.32877 ], [ 10.21011, 54.32704 ], [ 10.20614, 54.32555 ], [ 10.20383, 54.32377 ], [ 10.20193, 54.32462 ], [ 10.2, 54.32597 ], [ 10.19884, 54.32636 ], [ 10.1997, 54.32736 ], [ 10.2011, 54.32763 ], [ 10.20183, 54.32837 ], [ 10.20156, 54.32922 ], [ 10.20322, 54.32966 ], [ 10.20529, 54.33088 ], [ 10.20528, 54.33186 ], [ 10.20701, 54.33426 ], [ 10.20701, 54.33456 ], [ 10.20593, 54.33513 ], [ 10.2056, 54.33652 ], [ 10.20645, 54.33671 ], [ 10.20673, 54.33729 ], [ 10.20596, 54.33785 ], [ 10.20578, 54.33869 ], [ 10.20464, 54.33922 ], [ 10.20555, 54.3399 ], [ 10.2056, 54.34064 ], [ 10.20615, 54.34086 ], [ 10.20174, 54.34088 ], [ 10.19952, 54.34125 ], [ 10.19913, 54.34167 ], [ 10.19527, 54.34172 ], [ 10.19421, 54.34218 ], [ 10.19333, 54.34319 ], [ 10.19109, 54.34309 ], [ 10.19002, 54.34348 ], [ 10.18936, 54.34313 ], [ 10.18783, 54.34322 ], [ 10.18806, 54.34239 ], [ 10.18581, 54.34134 ], [ 10.18486, 54.34333 ], [ 10.18654, 54.34369 ], [ 10.18599, 54.34523 ], [ 10.18408, 54.34497 ], [ 10.18238, 54.3462 ], [ 10.18132, 54.34599 ], [ 10.18032, 54.34617 ], [ 10.18036, 54.34686 ], [ 10.17999, 54.34743 ], [ 10.17638, 54.34604 ], [ 10.17423, 54.3457 ] ] ] } },
{ "type": "Feature", "properties": { "stadt": "Magdeburg" }, "geometry": { "type": "MultiPolygon", "coordinates": [ [ [ [ 11.74268, 52.0829 ], [ 11.74536, 52.08152 ], [ 11.75045, 52.08393 ], [ 11.7491, 52.08579 ], [ 11.74268, 52.0829 ] ] ], [ [ [ 11.7472, 52.08831 ], [ 11.74238, 52.08612 ], [ 11.74266, 52.08443 ], [ 11.7482, 52.08695 ], [ 11.7472, 52.08831 ] ] ], [ [ [ 11.74955, 52.09238 ], [ 11.74506, 52.09144 ], [ 11.74636, 52.08969 ], [ 11.75117, 52.09141 ], [ 11.74955, 52.09238 ] ] ], [ [ [ 11.74658, 52.08914 ], [ 11.74633, 52.08949 ], [ 11.74214, 52.08755 ], [ 11.74221, 52.08713 ], [ 11.74658, 52.08914 ] ] ], [ [ [ 11.74594, 52.09 ], [ 11.74204, 52.08821 ], [ 11.74214, 52.08762 ], [ 11.74628, 52.08955 ], [ 11.74594, 52.09 ] ] ], [ [ [ 11.75375, 52.07363 ], [ 11.76251, 52.07318 ], [ 11.76399, 52.07423 ], [ 11.76336, 52.07656 ], [ 11.76113, 52.07636 ], [ 11.75756, 52.07792 ], [ 11.75404, 52.07881 ], [ 11.74988, 52.07939 ], [ 11.74458, 52.0818 ], [ 11.74335, 52.08243 ], [ 11.7406, 52.08419 ], [ 11.7393, 52.0852 ], [ 11.7389, 52.0888 ], [ 11.73756, 52.08853 ], [ 11.73757, 52.08777 ], [ 11.73717, 52.09021 ], [ 11.73604, 52.0903 ], [ 11.74145, 52.09105 ], [ 11.74358, 52.09199 ], [ 11.74455, 52.09199 ], [ 11.74532, 52.0925 ], [ 11.74827, 52.09331 ], [ 11.7474, 52.09511 ], [ 11.74784, 52.09587 ], [ 11.74526, 52.09769 ], [ 11.74505, 52.09994 ], [ 11.7443, 52.1001 ], [ 11.74409, 52.10083 ], [ 11.73912, 52.101 ], [ 11.73379, 52.10035 ], [ 11.73168, 52.09965 ], [ 11.7296, 52.09988 ], [ 11.72625, 52.09928 ], [ 11.72572, 52.10048 ], [ 11.72165, 52.09967 ], [ 11.72129, 52.10228 ], [ 11.72007, 52.10207 ], [ 11.71943, 52.10231 ], [ 11.7207, 52.10257 ], [ 11.72014, 52.10285 ], [ 11.72011, 52.10334 ], [ 11.72125, 52.10389 ], [ 11.7201, 52.10404 ], [ 11.71932, 52.10451 ], [ 11.71847, 52.10701 ], [ 11.71851, 52.11057 ], [ 11.71696, 52.11332 ], [ 11.71715, 52.11403 ], [ 11.71476, 52.11457 ], [ 11.71582, 52.12039 ], [ 11.71649, 52.12244 ], [ 11.71602, 52.12301 ], [ 11.71666, 52.12301 ], [ 11.72224, 52.13413 ], [ 11.72234, 52.136 ], [ 11.72296, 52.13617 ], [ 11.72272, 52.13719 ], [ 11.72335, 52.13786 ], [ 11.72196, 52.14007 ], [ 11.72398, 52.14213 ], [ 11.72292, 52.14303 ], [ 11.72332, 52.14325 ], [ 11.72204, 52.14421 ], [ 11.7172, 52.14606 ], [ 11.71639, 52.14625 ], [ 11.71114, 52.14591 ], [ 11.7094, 52.14615 ], [ 11.70744, 52.14751 ], [ 11.70624, 52.14916 ], [ 11.70298, 52.1484 ], [ 11.70605, 52.14934 ], [ 11.70589, 52.15004 ], [ 11.70524, 52.15017 ], [ 11.70629, 52.15043 ], [ 11.70539, 52.1517 ], [ 11.70557, 52.15235 ], [ 11.70426, 52.15189 ], [ 11.7059, 52.15906 ], [ 11.71112, 52.15891 ], [ 11.71185, 52.15967 ], [ 11.70608, 52.15983 ], [ 11.70741, 52.16574 ], [ 11.70687, 52.166 ], [ 11.7054, 52.16591 ], [ 11.70527, 52.16656 ], [ 11.70437, 52.16726 ], [ 11.70989, 52.16738 ], [ 11.71213, 52.16816 ], [ 11.71179, 52.1688 ], [ 11.71209, 52.16905 ], [ 11.71013, 52.17114 ], [ 11.70692, 52.17131 ], [ 11.70403, 52.17188 ], [ 11.70237, 52.17262 ], [ 11.7007, 52.17386 ], [ 11.69908, 52.17414 ], [ 11.69825, 52.17685 ], [ 11.69688, 52.17866 ], [ 11.69211, 52.1836 ], [ 11.68737, 52.18702 ], [ 11.69132, 52.19119 ], [ 11.69461, 52.19378 ], [ 11.70514, 52.19949 ], [ 11.70185, 52.19939 ], [ 11.70154, 52.1999 ], [ 11.68957, 52.19897 ], [ 11.68981, 52.20303 ], [ 11.68933, 52.20382 ], [ 11.68892, 52.20573 ], [ 11.68764, 52.20818 ], [ 11.68302, 52.21386 ], [ 11.68108, 52.21559 ], [ 11.68079, 52.21652 ], [ 11.68018, 52.21665 ], [ 11.67542, 52.22198 ], [ 11.67464, 52.22649 ], [ 11.67356, 52.22635 ], [ 11.67351, 52.22716 ], [ 11.66563, 52.22732 ], [ 11.66125, 52.22788 ], [ 11.6439, 52.22828 ], [ 11.63595, 52.22834 ], [ 11.63877, 52.22035 ], [ 11.63948, 52.22038 ], [ 11.63972, 52.21762 ], [ 11.64413, 52.20658 ], [ 11.64374, 52.20649 ], [ 11.64628, 52.19991 ], [ 11.62463, 52.18797 ], [ 11.625, 52.18706 ], [ 11.62263, 52.18732 ], [ 11.60247, 52.18197 ], [ 11.59884, 52.18154 ], [ 11.57013, 52.17384 ], [ 11.56958, 52.17326 ], [ 11.56991, 52.17288 ], [ 11.56985, 52.17147 ], [ 11.56948, 52.17098 ], [ 11.56992, 52.17062 ], [ 11.56959, 52.16699 ], [ 11.56106, 52.16837 ], [ 11.56035, 52.16046 ], [ 11.56144, 52.15982 ], [ 11.56112, 52.15982 ], [ 11.56064, 52.15813 ], [ 11.55416, 52.15871 ], [ 11.55354, 52.15664 ], [ 11.55232, 52.15674 ], [ 11.55178, 52.15461 ], [ 11.5521, 52.15461 ], [ 11.55224, 52.15306 ], [ 11.55774, 52.15442 ], [ 11.55816, 52.14997 ], [ 11.56011, 52.1502 ], [ 11.5609, 52.14207 ], [ 11.55981, 52.14218 ], [ 11.55916, 52.14173 ], [ 11.55083, 52.14241 ], [ 11.54664, 52.14234 ], [ 11.54659, 52.14157 ], [ 11.54457, 52.13685 ], [ 11.54215, 52.13268 ], [ 11.54136, 52.13065 ], [ 11.54006, 52.12693 ], [ 11.5399, 52.12377 ], [ 11.53831, 52.11963 ], [ 11.54017, 52.11707 ], [ 11.54035, 52.11564 ], [ 11.53847, 52.11578 ], [ 11.53679, 52.11538 ], [ 11.53571, 52.11463 ], [ 11.53621, 52.10937 ], [ 11.53468, 52.1063 ], [ 11.53364, 52.10318 ], [ 11.53007, 52.10276 ], [ 11.53154, 52.10069 ], [ 11.5329, 52.09381 ], [ 11.52565, 52.08074 ], [ 11.51724, 52.07867 ], [ 11.51889, 52.07668 ], [ 11.52109, 52.07211 ], [ 11.52128, 52.07141 ], [ 11.52086, 52.06887 ], [ 11.52098, 52.06729 ], [ 11.52418, 52.06588 ], [ 11.52508, 52.06511 ], [ 11.54608, 52.0617 ], [ 11.54956, 52.06596 ], [ 11.54994, 52.06593 ], [ 11.55242, 52.06858 ], [ 11.55428, 52.06942 ], [ 11.56017, 52.0687 ], [ 11.56669, 52.06598 ], [ 11.58056, 52.06748 ], [ 11.59057, 52.06904 ], [ 11.59991, 52.06979 ], [ 11.60052, 52.06749 ], [ 11.6027, 52.06753 ], [ 11.60324, 52.06393 ], [ 11.60316, 52.05999 ], [ 11.60548, 52.05994 ], [ 11.60603, 52.05868 ], [ 11.6073, 52.05866 ], [ 11.60859, 52.05609 ], [ 11.61356, 52.05598 ], [ 11.61361, 52.05523 ], [ 11.61403, 52.05526 ], [ 11.61484, 52.05127 ], [ 11.62293, 52.05133 ], [ 11.6238, 52.04516 ], [ 11.6244, 52.04472 ], [ 11.62434, 52.04379 ], [ 11.62538, 52.04382 ], [ 11.62594, 52.04086 ], [ 11.62558, 52.03991 ], [ 11.62761, 52.03667 ], [ 11.62808, 52.03612 ], [ 11.63571, 52.03631 ], [ 11.64027, 52.03024 ], [ 11.64098, 52.03026 ], [ 11.64226, 52.02871 ], [ 11.64588, 52.02375 ], [ 11.65079, 52.02895 ], [ 11.65179, 52.02818 ], [ 11.65954, 52.0316 ], [ 11.66008, 52.03159 ], [ 11.66168, 52.03278 ], [ 11.65968, 52.03446 ], [ 11.66037, 52.03473 ], [ 11.65988, 52.03553 ], [ 11.66103, 52.03416 ], [ 11.66155, 52.03393 ], [ 11.66189, 52.03435 ], [ 11.66363, 52.03493 ], [ 11.66144, 52.03578 ], [ 11.66456, 52.03573 ], [ 11.66353, 52.03767 ], [ 11.66793, 52.03849 ], [ 11.67283, 52.0399 ], [ 11.67292, 52.0396 ], [ 11.67447, 52.04033 ], [ 11.67463, 52.04187 ], [ 11.68028, 52.04268 ], [ 11.68021, 52.04376 ], [ 11.68707, 52.04606 ], [ 11.69459, 52.04994 ], [ 11.70839, 52.04181 ], [ 11.71328, 52.04484 ], [ 11.72034, 52.04064 ], [ 11.72117, 52.03977 ], [ 11.72315, 52.03923 ], [ 11.72583, 52.04006 ], [ 11.72623, 52.03947 ], [ 11.73347, 52.04221 ], [ 11.73285, 52.04465 ], [ 11.74156, 52.04705 ], [ 11.74079, 52.04767 ], [ 11.73793, 52.04868 ], [ 11.73702, 52.04944 ], [ 11.73358, 52.05061 ], [ 11.73234, 52.05183 ], [ 11.73199, 52.05285 ], [ 11.73222, 52.0537 ], [ 11.733, 52.05444 ], [ 11.7345, 52.0551 ], [ 11.73712, 52.05524 ], [ 11.74238, 52.05305 ], [ 11.74408, 52.05286 ], [ 11.74608, 52.0531 ], [ 11.74876, 52.0562 ], [ 11.74885, 52.05748 ], [ 11.74838, 52.06027 ], [ 11.74887, 52.06243 ], [ 11.75357, 52.06399 ], [ 11.75497, 52.06396 ], [ 11.75604, 52.06356 ], [ 11.75697, 52.06534 ], [ 11.75672, 52.06728 ], [ 11.75461, 52.07006 ], [ 11.74884, 52.07266 ], [ 11.75375, 52.07363 ] ], [ [ 11.72282, 52.13652 ], [ 11.7226, 52.13631 ], [ 11.72241, 52.13679 ], [ 11.72265, 52.13713 ], [ 11.72282, 52.13652 ] ] ] ] } },
{ "type": "Feature", "properties": { "stadt": "Chemnitz" }, "geometry": { "type": "Polygon", "coordinates": [ [ [ 12.82474, 50.87829 ], [ 12.82473, 50.8772 ], [ 12.82429, 50.87693 ], [ 12.81931, 50.87741 ], [ 12.81457, 50.87233 ], [ 12.80543, 50.86746 ], [ 12.80529, 50.86442 ], [ 12.80574, 50.86096 ], [ 12.80411, 50.85994 ], [ 12.80544, 50.85941 ], [ 12.80604, 50.85856 ], [ 12.8056, 50.85625 ], [ 12.8043, 50.8529 ], [ 12.80448, 50.85139 ], [ 12.80611, 50.84727 ], [ 12.80458, 50.84716 ], [ 12.80281, 50.84634 ], [ 12.80013, 50.8445 ], [ 12.79358, 50.84223 ], [ 12.79263, 50.84156 ], [ 12.79213, 50.83975 ], [ 12.79016, 50.83703 ], [ 12.78841, 50.83869 ], [ 12.78656, 50.83782 ], [ 12.78311, 50.83689 ], [ 12.78282, 50.83663 ], [ 12.78452, 50.83482 ], [ 12.78778, 50.83257 ], [ 12.78544, 50.831 ], [ 12.78214, 50.83003 ], [ 12.78055, 50.83008 ], [ 12.77974, 50.83137 ], [ 12.77858, 50.83232 ], [ 12.77618, 50.83042 ], [ 12.77775, 50.82953 ], [ 12.77477, 50.8275 ], [ 12.77371, 50.82552 ], [ 12.77214, 50.82467 ], [ 12.7703, 50.82583 ], [ 12.7659, 50.83023 ], [ 12.76249, 50.82939 ], [ 12.76499, 50.82645 ], [ 12.76314, 50.8259 ], [ 12.76662, 50.82301 ], [ 12.76492, 50.82246 ], [ 12.7657, 50.82174 ], [ 12.76227, 50.82131 ], [ 12.76194, 50.82209 ], [ 12.76124, 50.82262 ], [ 12.75725, 50.82373 ], [ 12.75512, 50.82252 ], [ 12.75452, 50.82281 ], [ 12.75304, 50.82481 ], [ 12.75285, 50.82438 ], [ 12.75089, 50.82434 ], [ 12.74911, 50.82535 ], [ 12.74803, 50.82702 ], [ 12.74497, 50.82832 ], [ 12.74173, 50.82831 ], [ 12.74175, 50.82905 ], [ 12.73968, 50.82951 ], [ 12.73881, 50.82933 ], [ 12.73735, 50.82855 ], [ 12.73678, 50.8272 ], [ 12.73675, 50.82327 ], [ 12.73513, 50.82262 ], [ 12.73185, 50.8204 ], [ 12.72879, 50.8189 ], [ 12.72759, 50.81709 ], [ 12.7278, 50.81603 ], [ 12.73179, 50.8172 ], [ 12.73734, 50.81835 ], [ 12.73996, 50.81997 ], [ 12.73871, 50.82121 ], [ 12.74164, 50.82247 ], [ 12.74473, 50.82242 ], [ 12.7477, 50.82142 ], [ 12.74658, 50.81935 ], [ 12.75293, 50.81788 ], [ 12.75581, 50.81538 ], [ 12.75742, 50.81457 ], [ 12.75806, 50.81448 ], [ 12.75861, 50.81482 ], [ 12.75973, 50.81302 ], [ 12.76153, 50.81295 ], [ 12.76263, 50.81337 ], [ 12.764, 50.8127 ], [ 12.76738, 50.81197 ], [ 12.76661, 50.81162 ], [ 12.76745, 50.81099 ], [ 12.76822, 50.81154 ], [ 12.769, 50.81131 ], [ 12.76856, 50.80989 ], [ 12.76855, 50.80738 ], [ 12.76662, 50.80417 ], [ 12.76995, 50.80328 ], [ 12.77132, 50.8025 ], [ 12.77509, 50.80162 ], [ 12.77566, 50.80118 ], [ 12.77613, 50.7991 ], [ 12.77699, 50.79756 ], [ 12.77718, 50.79541 ], [ 12.77777, 50.79396 ], [ 12.77782, 50.79232 ], [ 12.77926, 50.78955 ], [ 12.77749, 50.78674 ], [ 12.77836, 50.78684 ], [ 12.78191, 50.78579 ], [ 12.78783, 50.78563 ], [ 12.79002, 50.78477 ], [ 12.79229, 50.78476 ], [ 12.79317, 50.7843 ], [ 12.8056, 50.78814 ], [ 12.80982, 50.78857 ], [ 12.81686, 50.78832 ], [ 12.81779, 50.78935 ], [ 12.8185, 50.78961 ], [ 12.81895, 50.79038 ], [ 12.82048, 50.79111 ], [ 12.82086, 50.79183 ], [ 12.82227, 50.79228 ], [ 12.82285, 50.79286 ], [ 12.82227, 50.79466 ], [ 12.82568, 50.79436 ], [ 12.83013, 50.79573 ], [ 12.83264, 50.79757 ], [ 12.83553, 50.79834 ], [ 12.83658, 50.79901 ], [ 12.83668, 50.79972 ], [ 12.83916, 50.80068 ], [ 12.84065, 50.80201 ], [ 12.84577, 50.79772 ], [ 12.85374, 50.79495 ], [ 12.85699, 50.79444 ], [ 12.85832, 50.79368 ], [ 12.85879, 50.79294 ], [ 12.85939, 50.79324 ], [ 12.86129, 50.79231 ], [ 12.86576, 50.79093 ], [ 12.87269, 50.79053 ], [ 12.874, 50.78943 ], [ 12.87591, 50.78866 ], [ 12.872, 50.78489 ], [ 12.873, 50.78446 ], [ 12.87139, 50.78337 ], [ 12.8697, 50.78294 ], [ 12.86884, 50.78218 ], [ 12.86926, 50.78029 ], [ 12.87125, 50.77971 ], [ 12.87442, 50.77941 ], [ 12.87558, 50.77947 ], [ 12.87553, 50.78042 ], [ 12.87668, 50.78048 ], [ 12.87674, 50.77958 ], [ 12.87766, 50.77968 ], [ 12.87832, 50.78146 ], [ 12.88218, 50.78165 ], [ 12.88213, 50.78103 ], [ 12.8839, 50.78136 ], [ 12.88442, 50.78233 ], [ 12.88355, 50.78245 ], [ 12.88513, 50.78331 ], [ 12.8858, 50.78455 ], [ 12.88796, 50.78526 ], [ 12.8942, 50.78283 ], [ 12.89403, 50.78055 ], [ 12.89461, 50.78043 ], [ 12.89468, 50.77895 ], [ 12.89421, 50.77754 ], [ 12.8929, 50.77611 ], [ 12.8924, 50.77612 ], [ 12.89212, 50.77515 ], [ 12.89733, 50.77316 ], [ 12.8943, 50.77038 ], [ 12.89437, 50.76971 ], [ 12.89389, 50.76969 ], [ 12.89385, 50.77039 ], [ 12.89254, 50.77079 ], [ 12.89013, 50.77054 ], [ 12.8896, 50.77045 ], [ 12.88942, 50.76962 ], [ 12.88941, 50.77042 ], [ 12.88642, 50.77002 ], [ 12.88714, 50.76981 ], [ 12.88556, 50.76982 ], [ 12.88391, 50.76825 ], [ 12.88248, 50.76828 ], [ 12.88017, 50.76605 ], [ 12.88119, 50.76168 ], [ 12.88791, 50.76226 ], [ 12.89154, 50.76316 ], [ 12.89214, 50.76212 ], [ 12.89214, 50.76074 ], [ 12.89336, 50.75813 ], [ 12.89405, 50.75545 ], [ 12.89609, 50.75272 ], [ 12.89818, 50.75166 ], [ 12.90352, 50.75015 ], [ 12.90644, 50.74778 ], [ 12.90817, 50.74593 ], [ 12.91135, 50.74409 ], [ 12.91479, 50.74329 ], [ 12.91477, 50.74421 ], [ 12.91589, 50.74413 ], [ 12.91583, 50.74343 ], [ 12.91683, 50.7434 ], [ 12.91675, 50.7438 ], [ 12.9194, 50.74344 ], [ 12.91945, 50.74363 ], [ 12.92117, 50.74304 ], [ 12.92116, 50.74272 ], [ 12.92359, 50.74249 ], [ 12.92416, 50.74138 ], [ 12.9282, 50.74163 ], [ 12.93672, 50.74343 ], [ 12.9387, 50.74676 ], [ 12.93765, 50.7471 ], [ 12.93764, 50.74886 ], [ 12.9385, 50.75078 ], [ 12.93634, 50.75337 ], [ 12.94067, 50.75451 ], [ 12.94382, 50.75595 ], [ 12.94667, 50.75596 ], [ 12.94651, 50.75614 ], [ 12.94706, 50.75712 ], [ 12.94771, 50.75751 ], [ 12.94998, 50.75787 ], [ 12.9522, 50.75877 ], [ 12.95346, 50.75831 ], [ 12.95758, 50.75618 ], [ 12.96209, 50.75155 ], [ 12.96382, 50.7503 ], [ 12.96477, 50.75061 ], [ 12.96312, 50.75179 ], [ 12.96428, 50.75204 ], [ 12.96364, 50.75254 ], [ 12.96481, 50.75298 ], [ 12.96459, 50.75322 ], [ 12.96542, 50.7541 ], [ 12.96637, 50.75321 ], [ 12.9685, 50.75421 ], [ 12.96797, 50.75464 ], [ 12.96836, 50.75517 ], [ 12.97129, 50.75608 ], [ 12.97178, 50.75686 ], [ 12.97169, 50.75773 ], [ 12.97267, 50.75887 ], [ 12.97404, 50.75896 ], [ 12.975, 50.75841 ], [ 12.97697, 50.76059 ], [ 12.97803, 50.76081 ], [ 12.97753, 50.75898 ], [ 12.97766, 50.75768 ], [ 12.97843, 50.75724 ], [ 12.97878, 50.75737 ], [ 12.97855, 50.75915 ], [ 12.97966, 50.76243 ], [ 12.98069, 50.76229 ], [ 12.98585, 50.76359 ], [ 12.98725, 50.76501 ], [ 12.98706, 50.76536 ], [ 12.98558, 50.76541 ], [ 12.98615, 50.76631 ], [ 12.98764, 50.76689 ], [ 12.98976, 50.76718 ], [ 12.98932, 50.76776 ], [ 12.99009, 50.76899 ], [ 12.99103, 50.76962 ], [ 12.99124, 50.77054 ], [ 12.99032, 50.77067 ], [ 12.98954, 50.77129 ], [ 12.98952, 50.77182 ], [ 12.99069, 50.77287 ], [ 12.98966, 50.77372 ], [ 12.98954, 50.77494 ], [ 12.99147, 50.77475 ], [ 12.98979, 50.77549 ], [ 12.99019, 50.77629 ], [ 12.98992, 50.77694 ], [ 12.98869, 50.77681 ], [ 12.98806, 50.77717 ], [ 12.99013, 50.77912 ], [ 12.99165, 50.77976 ], [ 12.99547, 50.77844 ], [ 12.99685, 50.7775 ], [ 12.99812, 50.77728 ], [ 12.9995, 50.77631 ], [ 13.00303, 50.77519 ], [ 13.00491, 50.77503 ], [ 13.0059, 50.77368 ], [ 13.0095, 50.77144 ], [ 13.0118, 50.77155 ], [ 13.01764, 50.76889 ], [ 13.01986, 50.76978 ], [ 13.02059, 50.7702 ], [ 13.01972, 50.77101 ], [ 13.02198, 50.77184 ], [ 13.02207, 50.77266 ], [ 13.02276, 50.77303 ], [ 13.02193, 50.77408 ], [ 13.02198, 50.77598 ], [ 13.02164, 50.77677 ], [ 13.02261, 50.77722 ], [ 13.02473, 50.77938 ], [ 13.02585, 50.78011 ], [ 13.02551, 50.78036 ], [ 13.02788, 50.78222 ], [ 13.0288, 50.78363 ], [ 13.02932, 50.78523 ], [ 13.0306, 50.7855 ], [ 13.03185, 50.78669 ], [ 13.03177, 50.78862 ], [ 13.03102, 50.7908 ], [ 13.03536, 50.79232 ], [ 13.03906, 50.79557 ], [ 13.03958, 50.79692 ], [ 13.0403, 50.79739 ], [ 13.04085, 50.79834 ], [ 13.0403, 50.79851 ], [ 13.04048, 50.79985 ], [ 13.0419, 50.8002 ], [ 13.04299, 50.801 ], [ 13.0418, 50.80144 ], [ 13.04292, 50.80242 ], [ 13.04249, 50.8036 ], [ 13.04471, 50.80449 ], [ 13.04522, 50.80637 ], [ 13.05282, 50.80695 ], [ 13.05384, 50.80918 ], [ 13.05402, 50.81033 ], [ 13.05189, 50.81064 ], [ 13.05104, 50.81138 ], [ 13.04982, 50.81157 ], [ 13.05006, 50.81214 ], [ 13.04909, 50.81412 ], [ 13.04505, 50.81533 ], [ 13.04221, 50.81659 ], [ 13.04025, 50.81822 ], [ 13.03956, 50.81841 ], [ 13.03935, 50.81891 ], [ 13.04161, 50.82214 ], [ 13.04238, 50.82256 ], [ 13.04337, 50.822 ], [ 13.04412, 50.82428 ], [ 13.04451, 50.82487 ], [ 13.04497, 50.82492 ], [ 13.04456, 50.82495 ], [ 13.04771, 50.82984 ], [ 13.04793, 50.83165 ], [ 13.04959, 50.83402 ], [ 13.04945, 50.83853 ], [ 13.04873, 50.84238 ], [ 13.04535, 50.84196 ], [ 13.03567, 50.84408 ], [ 13.03323, 50.84524 ], [ 13.03311, 50.84645 ], [ 13.03242, 50.84711 ], [ 13.03302, 50.84807 ], [ 13.02827, 50.84844 ], [ 13.02355, 50.84623 ], [ 13.02201, 50.84635 ], [ 13.01436, 50.84868 ], [ 13.01179, 50.84988 ], [ 13.01129, 50.84936 ], [ 13.00846, 50.85185 ], [ 13.00698, 50.85207 ], [ 12.99792, 50.85083 ], [ 12.99113, 50.85126 ], [ 12.98668, 50.85226 ], [ 12.986, 50.85009 ], [ 12.98481, 50.84878 ], [ 12.98405, 50.84734 ], [ 12.98102, 50.84809 ], [ 12.98419, 50.85162 ], [ 12.98443, 50.855 ], [ 12.98327, 50.85484 ], [ 12.9832, 50.8557 ], [ 12.98701, 50.85815 ], [ 12.98719, 50.85948 ], [ 12.98669, 50.86069 ], [ 12.98771, 50.86052 ], [ 12.9879, 50.86151 ], [ 12.98765, 50.86194 ], [ 12.98687, 50.86225 ], [ 12.98677, 50.86284 ], [ 12.98825, 50.86395 ], [ 12.98664, 50.86448 ], [ 12.98667, 50.86483 ], [ 12.99209, 50.86603 ], [ 12.99196, 50.86626 ], [ 12.99371, 50.86716 ], [ 12.99303, 50.86864 ], [ 12.99604, 50.86894 ], [ 12.99626, 50.86844 ], [ 12.99715, 50.86921 ], [ 12.99282, 50.869 ], [ 12.9926, 50.86931 ], [ 12.99324, 50.8705 ], [ 12.9927, 50.87075 ], [ 12.994, 50.87174 ], [ 12.99461, 50.87093 ], [ 12.99595, 50.87123 ], [ 12.9957, 50.87163 ], [ 12.99614, 50.87168 ], [ 12.99549, 50.87348 ], [ 12.99566, 50.87389 ], [ 12.99633, 50.87329 ], [ 12.99958, 50.87411 ], [ 12.99545, 50.87804 ], [ 12.9872, 50.88396 ], [ 12.98756, 50.88604 ], [ 12.98849, 50.88524 ], [ 12.98948, 50.88516 ], [ 12.99047, 50.8854 ], [ 12.99147, 50.88628 ], [ 12.99163, 50.88683 ], [ 12.99161, 50.88768 ], [ 12.98932, 50.88737 ], [ 12.98858, 50.88743 ], [ 12.98875, 50.88788 ], [ 12.98772, 50.88789 ], [ 12.98772, 50.88816 ], [ 12.99009, 50.88808 ], [ 12.99105, 50.88959 ], [ 12.98984, 50.88893 ], [ 12.98823, 50.8903 ], [ 12.99003, 50.89189 ], [ 12.98794, 50.89465 ], [ 12.98563, 50.89321 ], [ 12.98698, 50.89144 ], [ 12.98701, 50.89091 ], [ 12.9861, 50.89233 ], [ 12.98412, 50.89314 ], [ 12.98347, 50.89238 ], [ 12.98304, 50.89266 ], [ 12.98091, 50.89283 ], [ 12.97933, 50.89247 ], [ 12.97911, 50.89181 ], [ 12.97865, 50.8918 ], [ 12.97849, 50.89134 ], [ 12.97728, 50.89158 ], [ 12.9764, 50.89232 ], [ 12.97677, 50.89258 ], [ 12.97612, 50.89291 ], [ 12.97767, 50.89397 ], [ 12.97542, 50.89484 ], [ 12.97381, 50.89375 ], [ 12.96756, 50.89517 ], [ 12.96455, 50.8927 ], [ 12.95797, 50.89238 ], [ 12.95722, 50.89169 ], [ 12.95288, 50.89268 ], [ 12.95314, 50.89089 ], [ 12.95553, 50.89054 ], [ 12.9554, 50.89018 ], [ 12.95292, 50.89013 ], [ 12.95191, 50.88754 ], [ 12.95064, 50.88713 ], [ 12.948, 50.88707 ], [ 12.9481, 50.88992 ], [ 12.94669, 50.88998 ], [ 12.94678, 50.89265 ], [ 12.94482, 50.89274 ], [ 12.94545, 50.88953 ], [ 12.94424, 50.8893 ], [ 12.94358, 50.89072 ], [ 12.94214, 50.89102 ], [ 12.93815, 50.88982 ], [ 12.93809, 50.88938 ], [ 12.93736, 50.88893 ], [ 12.93157, 50.88881 ], [ 12.9317, 50.89036 ], [ 12.93051, 50.89075 ], [ 12.93033, 50.88958 ], [ 12.92782, 50.88989 ], [ 12.9264, 50.88979 ], [ 12.92638, 50.88941 ], [ 12.92422, 50.88926 ], [ 12.92418, 50.88648 ], [ 12.9209, 50.88623 ], [ 12.91877, 50.88828 ], [ 12.91287, 50.89051 ], [ 12.90774, 50.89195 ], [ 12.90569, 50.89229 ], [ 12.90057, 50.89237 ], [ 12.89699, 50.89224 ], [ 12.89372, 50.89156 ], [ 12.89579, 50.89398 ], [ 12.89577, 50.89462 ], [ 12.89454, 50.89504 ], [ 12.89686, 50.89577 ], [ 12.89691, 50.89603 ], [ 12.89597, 50.89664 ], [ 12.89568, 50.89777 ], [ 12.89692, 50.89918 ], [ 12.8985, 50.89948 ], [ 12.89866, 50.89975 ], [ 12.89798, 50.901 ], [ 12.89781, 50.90218 ], [ 12.89675, 50.90246 ], [ 12.89711, 50.90169 ], [ 12.89666, 50.90119 ], [ 12.89612, 50.90111 ], [ 12.89508, 50.90241 ], [ 12.89282, 50.90271 ], [ 12.89199, 50.90236 ], [ 12.89027, 50.90256 ], [ 12.88912, 50.90304 ], [ 12.88814, 50.90392 ], [ 12.88604, 50.90346 ], [ 12.88421, 50.90215 ], [ 12.88207, 50.9015 ], [ 12.87715, 50.90117 ], [ 12.87433, 50.90145 ], [ 12.87305, 50.90058 ], [ 12.87212, 50.90063 ], [ 12.87154, 50.90028 ], [ 12.87085, 50.90102 ], [ 12.87091, 50.90137 ], [ 12.86925, 50.90194 ], [ 12.86582, 50.90068 ], [ 12.86433, 50.89949 ], [ 12.86277, 50.89878 ], [ 12.86167, 50.8989 ], [ 12.86117, 50.89852 ], [ 12.85927, 50.8986 ], [ 12.85493, 50.89803 ], [ 12.84695, 50.89802 ], [ 12.84704, 50.89742 ], [ 12.84662, 50.89678 ], [ 12.84256, 50.89457 ], [ 12.83939, 50.89238 ], [ 12.83725, 50.89165 ], [ 12.83969, 50.88622 ], [ 12.83752, 50.8872 ], [ 12.83554, 50.8876 ], [ 12.83369, 50.88756 ], [ 12.83139, 50.88697 ], [ 12.82727, 50.884 ], [ 12.82727, 50.88293 ], [ 12.82474, 50.87829 ] ] ] } },
{ "type": "Feature", "properties": { "stadt": "Aachen" }, "geometry": { "type": "Polygon", "coordinates": [ [ [ 6.05772, 50.8488 ], [ 6.05751, 50.85104 ], [ 6.05671, 50.85108 ], [ 6.05651, 50.85136 ], [ 6.05722, 50.85202 ], [ 6.05691, 50.85298 ], [ 6.05708, 50.85431 ], [ 6.05657, 50.85437 ], [ 6.05715, 50.85551 ], [ 6.05681, 50.85673 ], [ 6.05641, 50.85717 ], [ 6.05505, 50.85723 ], [ 6.05394, 50.85689 ], [ 6.05224, 50.85553 ], [ 6.05077, 50.85542 ], [ 6.05025, 50.85501 ], [ 6.05008, 50.85422 ], [ 6.04758, 50.85357 ], [ 6.04507, 50.85238 ], [ 6.0445, 50.85271 ], [ 6.04396, 50.85254 ], [ 6.04388, 50.85198 ], [ 6.04286, 50.85181 ], [ 6.0421, 50.85122 ], [ 6.03947, 50.85086 ], [ 6.03763, 50.851 ], [ 6.0361, 50.8505 ], [ 6.03357, 50.85038 ], [ 6.02771, 50.84757 ], [ 6.02606, 50.8472 ], [ 6.02561, 50.84775 ], [ 6.02223, 50.84642 ], [ 6.01892, 50.84627 ], [ 6.01594, 50.8388 ], [ 6.01843, 50.83733 ], [ 6.01631, 50.83389 ], [ 6.01877, 50.82966 ], [ 6.02526, 50.82775 ], [ 6.02271, 50.82662 ], [ 6.02399, 50.82511 ], [ 6.0247, 50.8216 ], [ 6.02574, 50.82088 ], [ 6.02631, 50.81995 ], [ 6.02564, 50.81918 ], [ 6.02372, 50.8184 ], [ 6.0221, 50.81681 ], [ 6.02449, 50.81592 ], [ 6.02353, 50.81465 ], [ 6.02496, 50.81403 ], [ 6.01652, 50.80976 ], [ 6.01477, 50.80854 ], [ 6.01007, 50.80398 ], [ 6.00764, 50.80276 ], [ 6.00363, 50.80143 ], [ 5.99884, 50.80426 ], [ 5.99508, 50.80589 ], [ 5.99128, 50.80814 ], [ 5.98553, 50.81062 ], [ 5.98487, 50.81043 ], [ 5.98132, 50.80865 ], [ 5.98026, 50.80728 ], [ 5.9802, 50.80579 ], [ 5.9787, 50.80467 ], [ 5.9779, 50.80506 ], [ 5.97577, 50.8024 ], [ 5.97482, 50.79806 ], [ 5.97644, 50.79736 ], [ 5.97719, 50.79669 ], [ 5.97779, 50.7969 ], [ 5.97915, 50.7963 ], [ 5.97908, 50.79601 ], [ 5.98016, 50.79511 ], [ 5.98266, 50.79523 ], [ 5.98401, 50.79476 ], [ 5.98494, 50.79486 ], [ 5.98521, 50.79425 ], [ 5.98574, 50.79422 ], [ 5.98586, 50.79383 ], [ 5.98827, 50.79405 ], [ 5.99588, 50.79005 ], [ 5.99584, 50.78741 ], [ 5.99746, 50.78656 ], [ 5.99851, 50.78698 ], [ 5.99897, 50.78675 ], [ 5.99979, 50.78557 ], [ 6.00183, 50.78465 ], [ 6.00213, 50.78419 ], [ 6.00551, 50.78337 ], [ 6.00661, 50.7823 ], [ 6.00656, 50.7819 ], [ 6.00957, 50.78096 ], [ 6.0105, 50.78027 ], [ 6.01208, 50.78022 ], [ 6.01329, 50.77985 ], [ 6.01344, 50.77947 ], [ 6.01443, 50.77957 ], [ 6.01555, 50.77882 ], [ 6.01738, 50.77859 ], [ 6.01765, 50.778 ], [ 6.02024, 50.77709 ], [ 6.02053, 50.77685 ], [ 6.02033, 50.77649 ], [ 6.02612, 50.77553 ], [ 6.0269, 50.77486 ], [ 6.02699, 50.77424 ], [ 6.02766, 50.77416 ], [ 6.02793, 50.7735 ], [ 6.02643, 50.77259 ], [ 6.02313, 50.76861 ], [ 6.02274, 50.76849 ], [ 6.02141, 50.76623 ], [ 6.01919, 50.76453 ], [ 6.01836, 50.76336 ], [ 6.02133, 50.75351 ], [ 6.0291, 50.75013 ], [ 6.02849, 50.74968 ], [ 6.02755, 50.74801 ], [ 6.02818, 50.74778 ], [ 6.02982, 50.74979 ], [ 6.04044, 50.7455 ], [ 6.03942, 50.74237 ], [ 6.04072, 50.74041 ], [ 6.03967, 50.73747 ], [ 6.03723, 50.73597 ], [ 6.03419, 50.73345 ], [ 6.035, 50.73241 ], [ 6.03492, 50.73189 ], [ 6.03315, 50.73096 ], [ 6.03345, 50.73016 ], [ 6.03438, 50.72945 ], [ 6.03428, 50.72807 ], [ 6.03324, 50.72698 ], [ 6.03331, 50.72623 ], [ 6.03388, 50.72642 ], [ 6.03454, 50.72596 ], [ 6.03419, 50.72534 ], [ 6.03606, 50.72451 ], [ 6.03778, 50.7248 ], [ 6.03719, 50.72402 ], [ 6.0368, 50.72179 ], [ 6.03675, 50.72 ], [ 6.03738, 50.71955 ], [ 6.0397, 50.71828 ], [ 6.0414, 50.71853 ], [ 6.04446, 50.72843 ], [ 6.04671, 50.72777 ], [ 6.04982, 50.726 ], [ 6.07331, 50.72094 ], [ 6.08812, 50.72143 ], [ 6.09165, 50.72287 ], [ 6.09485, 50.72026 ], [ 6.09792, 50.72314 ], [ 6.1, 50.72336 ], [ 6.11067, 50.72289 ], [ 6.11073, 50.72351 ], [ 6.1147, 50.72228 ], [ 6.11873, 50.71966 ], [ 6.11932, 50.71959 ], [ 6.12141, 50.71753 ], [ 6.12086, 50.71746 ], [ 6.1219, 50.71533 ], [ 6.1216, 50.71492 ], [ 6.12184, 50.71433 ], [ 6.12487, 50.71094 ], [ 6.12496, 50.70955 ], [ 6.12328, 50.70735 ], [ 6.12344, 50.70697 ], [ 6.13306, 50.69895 ], [ 6.13339, 50.69624 ], [ 6.13524, 50.69493 ], [ 6.13944, 50.69356 ], [ 6.13919, 50.69223 ], [ 6.14106, 50.6904 ], [ 6.14205, 50.69033 ], [ 6.14365, 50.68877 ], [ 6.14222, 50.68693 ], [ 6.14446, 50.68279 ], [ 6.14411, 50.68158 ], [ 6.14557, 50.68141 ], [ 6.14683, 50.68013 ], [ 6.14769, 50.67993 ], [ 6.1482, 50.67942 ], [ 6.14839, 50.67821 ], [ 6.14886, 50.67774 ], [ 6.15676, 50.67479 ], [ 6.15631, 50.6742 ], [ 6.15674, 50.67415 ], [ 6.15702, 50.67373 ], [ 6.15679, 50.67355 ], [ 6.15779, 50.67273 ], [ 6.15816, 50.67277 ], [ 6.15801, 50.67256 ], [ 6.15889, 50.67247 ], [ 6.15903, 50.67208 ], [ 6.16036, 50.67205 ], [ 6.16058, 50.67172 ], [ 6.16175, 50.67181 ], [ 6.16213, 50.67138 ], [ 6.16294, 50.67118 ], [ 6.16291, 50.67038 ], [ 6.16245, 50.67026 ], [ 6.16249, 50.66993 ], [ 6.16152, 50.6697 ], [ 6.1649, 50.66312 ], [ 6.16583, 50.66214 ], [ 6.17139, 50.66268 ], [ 6.17524, 50.66265 ], [ 6.18221, 50.66338 ], [ 6.18802, 50.66467 ], [ 6.19242, 50.66427 ], [ 6.19402, 50.66363 ], [ 6.19134, 50.66994 ], [ 6.19255, 50.67014 ], [ 6.19371, 50.67207 ], [ 6.19428, 50.67386 ], [ 6.19411, 50.67601 ], [ 6.19452, 50.67786 ], [ 6.19571, 50.67899 ], [ 6.19589, 50.67975 ], [ 6.19556, 50.68022 ], [ 6.19423, 50.68038 ], [ 6.1941, 50.67991 ], [ 6.19282, 50.67975 ], [ 6.19308, 50.68064 ], [ 6.19564, 50.68032 ], [ 6.19678, 50.6823 ], [ 6.19864, 50.68443 ], [ 6.2002, 50.6854 ], [ 6.20823, 50.69208 ], [ 6.20952, 50.69618 ], [ 6.21264, 50.69799 ], [ 6.21478, 50.69652 ], [ 6.21811, 50.69816 ], [ 6.21223, 50.70364 ], [ 6.21096, 50.70431 ], [ 6.21136, 50.70497 ], [ 6.21093, 50.70556 ], [ 6.20775, 50.70789 ], [ 6.20677, 50.70924 ], [ 6.20475, 50.71056 ], [ 6.20607, 50.711 ], [ 6.2053, 50.71175 ], [ 6.20557, 50.71193 ], [ 6.20415, 50.71281 ], [ 6.20491, 50.71333 ], [ 6.20316, 50.71414 ], [ 6.20323, 50.71462 ], [ 6.20466, 50.71614 ], [ 6.20353, 50.71609 ], [ 6.20351, 50.71678 ], [ 6.20245, 50.71801 ], [ 6.20439, 50.71882 ], [ 6.20354, 50.71897 ], [ 6.20499, 50.72005 ], [ 6.20435, 50.72025 ], [ 6.20452, 50.72125 ], [ 6.2038, 50.72256 ], [ 6.20286, 50.72236 ], [ 6.2026, 50.72267 ], [ 6.20111, 50.72258 ], [ 6.20115, 50.72296 ], [ 6.20053, 50.72338 ], [ 6.2009, 50.72349 ], [ 6.20038, 50.72392 ], [ 6.20079, 50.72413 ], [ 6.2004, 50.72444 ], [ 6.19935, 50.72396 ], [ 6.198, 50.72583 ], [ 6.20005, 50.72638 ], [ 6.19727, 50.72973 ], [ 6.19804, 50.73152 ], [ 6.19084, 50.73517 ], [ 6.19303, 50.73595 ], [ 6.19006, 50.73731 ], [ 6.19333, 50.74012 ], [ 6.19189, 50.74095 ], [ 6.19486, 50.74297 ], [ 6.19272, 50.74426 ], [ 6.19426, 50.74569 ], [ 6.19473, 50.74679 ], [ 6.19446, 50.74761 ], [ 6.19479, 50.74779 ], [ 6.1934, 50.74903 ], [ 6.19252, 50.74939 ], [ 6.19226, 50.75019 ], [ 6.19553, 50.75152 ], [ 6.19459, 50.75244 ], [ 6.19621, 50.75309 ], [ 6.1957, 50.75353 ], [ 6.19887, 50.75486 ], [ 6.19882, 50.75511 ], [ 6.20002, 50.75593 ], [ 6.20036, 50.75574 ], [ 6.20436, 50.75963 ], [ 6.20395, 50.75968 ], [ 6.19988, 50.76412 ], [ 6.19904, 50.76453 ], [ 6.19561, 50.76861 ], [ 6.19648, 50.77223 ], [ 6.19163, 50.77113 ], [ 6.19088, 50.77191 ], [ 6.19095, 50.77218 ], [ 6.1895, 50.77245 ], [ 6.18787, 50.77359 ], [ 6.18754, 50.77444 ], [ 6.18857, 50.77508 ], [ 6.18696, 50.77575 ], [ 6.18776, 50.7761 ], [ 6.18714, 50.77644 ], [ 6.18748, 50.77679 ], [ 6.18503, 50.77697 ], [ 6.18206, 50.77788 ], [ 6.18259, 50.77821 ], [ 6.18251, 50.77856 ], [ 6.1818, 50.77839 ], [ 6.17796, 50.78066 ], [ 6.17713, 50.78226 ], [ 6.17689, 50.78348 ], [ 6.17453, 50.78633 ], [ 6.17934, 50.78789 ], [ 6.1793, 50.78823 ], [ 6.17659, 50.79034 ], [ 6.1788, 50.79252 ], [ 6.18026, 50.79319 ], [ 6.18214, 50.79469 ], [ 6.18331, 50.79507 ], [ 6.18544, 50.79488 ], [ 6.18706, 50.79586 ], [ 6.19118, 50.79629 ], [ 6.19072, 50.79994 ], [ 6.19049, 50.80714 ], [ 6.17484, 50.80491 ], [ 6.17316, 50.80557 ], [ 6.17228, 50.80629 ], [ 6.17193, 50.80706 ], [ 6.1721, 50.80846 ], [ 6.17064, 50.80851 ], [ 6.17005, 50.8068 ], [ 6.16809, 50.80531 ], [ 6.16717, 50.80499 ], [ 6.15414, 50.80388 ], [ 6.14821, 50.80427 ], [ 6.14829, 50.80407 ], [ 6.14217, 50.80433 ], [ 6.13761, 50.80413 ], [ 6.13484, 50.80319 ], [ 6.13097, 50.8029 ], [ 6.12404, 50.80328 ], [ 6.1119, 50.80472 ], [ 6.11053, 50.80455 ], [ 6.11148, 50.8059 ], [ 6.11093, 50.80546 ], [ 6.10868, 50.80569 ], [ 6.107, 50.8049 ], [ 6.09913, 50.80444 ], [ 6.09894, 50.80476 ], [ 6.0996, 50.80538 ], [ 6.10158, 50.80593 ], [ 6.10535, 50.80814 ], [ 6.10494, 50.80895 ], [ 6.10548, 50.80964 ], [ 6.1053, 50.80995 ], [ 6.10591, 50.8102 ], [ 6.10481, 50.81321 ], [ 6.10469, 50.81286 ], [ 6.10399, 50.81288 ], [ 6.104, 50.8126 ], [ 6.10311, 50.81273 ], [ 6.09693, 50.81097 ], [ 6.09449, 50.81061 ], [ 6.08697, 50.81055 ], [ 6.08603, 50.81038 ], [ 6.08421, 50.80939 ], [ 6.07568, 50.80772 ], [ 6.07251, 50.81209 ], [ 6.07705, 50.81351 ], [ 6.07481, 50.81488 ], [ 6.07292, 50.81663 ], [ 6.0713, 50.81749 ], [ 6.07214, 50.81812 ], [ 6.07254, 50.81899 ], [ 6.0718, 50.81973 ], [ 6.07528, 50.82203 ], [ 6.07021, 50.82522 ], [ 6.06894, 50.8238 ], [ 6.06712, 50.82487 ], [ 6.06648, 50.82438 ], [ 6.06292, 50.82662 ], [ 6.06445, 50.82786 ], [ 6.06321, 50.8284 ], [ 6.06437, 50.8292 ], [ 6.06412, 50.82933 ], [ 6.06563, 50.83172 ], [ 6.06693, 50.83293 ], [ 6.06716, 50.83275 ], [ 6.06754, 50.83306 ], [ 6.06807, 50.83473 ], [ 6.06687, 50.83539 ], [ 6.06713, 50.83564 ], [ 6.06696, 50.83688 ], [ 6.06726, 50.83698 ], [ 6.06681, 50.83733 ], [ 6.06642, 50.83846 ], [ 6.06411, 50.83938 ], [ 6.06244, 50.83937 ], [ 6.0611, 50.83984 ], [ 6.05949, 50.84056 ], [ 6.05862, 50.84135 ], [ 6.05786, 50.84307 ], [ 6.05874, 50.84434 ], [ 6.05809, 50.84685 ], [ 6.05868, 50.84771 ], [ 6.05772, 50.8488 ] ] ] } },
{ "type": "Feature", "properties": { "stadt": "Halle (Saale)" }, "geometry": { "type": "Polygon", "coordinates": [ [ [ 12.00983, 51.41289 ], [ 12.00829, 51.41322 ], [ 12.00819, 51.4135 ], [ 12.01008, 51.41438 ], [ 12.01042, 51.41479 ], [ 12.01017, 51.41528 ], [ 12.01234, 51.41508 ], [ 12.01176, 51.41595 ], [ 12.011, 51.41575 ], [ 12.01036, 51.41651 ], [ 12.01562, 51.41775 ], [ 12.01755, 51.41786 ], [ 12.02033, 51.41875 ], [ 12.02143, 51.41994 ], [ 12.02204, 51.42106 ], [ 12.0218, 51.42116 ], [ 12.02378, 51.42394 ], [ 12.02557, 51.42529 ], [ 12.02671, 51.42693 ], [ 12.02858, 51.42814 ], [ 12.02745, 51.43175 ], [ 12.02372, 51.43481 ], [ 12.02457, 51.43742 ], [ 12.03292, 51.43738 ], [ 12.03239, 51.43887 ], [ 12.03199, 51.43921 ], [ 12.03177, 51.44061 ], [ 12.03076, 51.44161 ], [ 12.03059, 51.44234 ], [ 12.03171, 51.44339 ], [ 12.03138, 51.44411 ], [ 12.03253, 51.44536 ], [ 12.0329, 51.44637 ], [ 12.0372, 51.44691 ], [ 12.03961, 51.44793 ], [ 12.04033, 51.44728 ], [ 12.03966, 51.44796 ], [ 12.04125, 51.45009 ], [ 12.04092, 51.45219 ], [ 12.04112, 51.45317 ], [ 12.04056, 51.45557 ], [ 12.04096, 51.45634 ], [ 12.04112, 51.45786 ], [ 12.04374, 51.45891 ], [ 12.05102, 51.45841 ], [ 12.05639, 51.46008 ], [ 12.05596, 51.46091 ], [ 12.05652, 51.46097 ], [ 12.05626, 51.46424 ], [ 12.0531, 51.46469 ], [ 12.0541, 51.46614 ], [ 12.05328, 51.46896 ], [ 12.05338, 51.47328 ], [ 12.05291, 51.47615 ], [ 12.05401, 51.47621 ], [ 12.05416, 51.47537 ], [ 12.05556, 51.47594 ], [ 12.05635, 51.47553 ], [ 12.05721, 51.47601 ], [ 12.07093, 51.4748 ], [ 12.0719, 51.47619 ], [ 12.07506, 51.47604 ], [ 12.07843, 51.4749 ], [ 12.08039, 51.476 ], [ 12.08272, 51.4782 ], [ 12.07719, 51.47889 ], [ 12.0764, 51.47929 ], [ 12.07181, 51.48317 ], [ 12.07237, 51.48661 ], [ 12.08698, 51.48497 ], [ 12.0877, 51.48626 ], [ 12.08922, 51.49162 ], [ 12.08158, 51.49212 ], [ 12.08068, 51.49287 ], [ 12.08732, 51.496 ], [ 12.08732, 51.49628 ], [ 12.08591, 51.49745 ], [ 12.0832, 51.4962 ], [ 12.08105, 51.49805 ], [ 12.07675, 51.49604 ], [ 12.07617, 51.49654 ], [ 12.06977, 51.49462 ], [ 12.07222, 51.49255 ], [ 12.04463, 51.494 ], [ 12.04415, 51.49418 ], [ 12.0466, 51.49593 ], [ 12.04003, 51.49689 ], [ 12.03429, 51.49725 ], [ 12.03421, 51.50085 ], [ 12.03383, 51.50286 ], [ 12.03197, 51.50247 ], [ 12.03154, 51.503 ], [ 12.03, 51.50252 ], [ 12.02972, 51.50306 ], [ 12.02294, 51.50305 ], [ 12.02287, 51.50326 ], [ 12.02901, 51.50556 ], [ 12.02886, 51.50668 ], [ 12.02969, 51.50973 ], [ 12.02687, 51.51088 ], [ 12.02766, 51.51341 ], [ 12.0264, 51.51395 ], [ 12.02648, 51.5154 ], [ 12.0228, 51.51615 ], [ 12.02464, 51.52141 ], [ 12.02558, 51.52629 ], [ 12.01224, 51.52625 ], [ 12.01219, 51.52768 ], [ 12.01005, 51.52813 ], [ 12.00993, 51.5286 ], [ 12.0176, 51.53997 ], [ 12.01268, 51.54131 ], [ 12.01055, 51.5383 ], [ 12.00577, 51.53955 ], [ 12.0043, 51.53877 ], [ 12.00063, 51.54351 ], [ 11.99866, 51.54237 ], [ 11.99067, 51.54006 ], [ 11.99039, 51.54047 ], [ 11.99, 51.54044 ], [ 11.98198, 51.53918 ], [ 11.97095, 51.53908 ], [ 11.96572, 51.53844 ], [ 11.96479, 51.53912 ], [ 11.96152, 51.53903 ], [ 11.96156, 51.53836 ], [ 11.95944, 51.53806 ], [ 11.9596, 51.53704 ], [ 11.95359, 51.53627 ], [ 11.95412, 51.53382 ], [ 11.95407, 51.53282 ], [ 11.95303, 51.53088 ], [ 11.95346, 51.53071 ], [ 11.95164, 51.52798 ], [ 11.9501, 51.52641 ], [ 11.94913, 51.52672 ], [ 11.94863, 51.52621 ], [ 11.94542, 51.52937 ], [ 11.94718, 51.53201 ], [ 11.94399, 51.53275 ], [ 11.94125, 51.5308 ], [ 11.93862, 51.53043 ], [ 11.93836, 51.52911 ], [ 11.93568, 51.52865 ], [ 11.93473, 51.52866 ], [ 11.93314, 51.52952 ], [ 11.92778, 51.53054 ], [ 11.92731, 51.5305 ], [ 11.92692, 51.53003 ], [ 11.92471, 51.53007 ], [ 11.92299, 51.52904 ], [ 11.92262, 51.52796 ], [ 11.92278, 51.52691 ], [ 11.92203, 51.52582 ], [ 11.91876, 51.52455 ], [ 11.91695, 51.52428 ], [ 11.91446, 51.5244 ], [ 11.91246, 51.52535 ], [ 11.91079, 51.52863 ], [ 11.90927, 51.52991 ], [ 11.89949, 51.53413 ], [ 11.89356, 51.53541 ], [ 11.88701, 51.53559 ], [ 11.88098, 51.53503 ], [ 11.88011, 51.53479 ], [ 11.87955, 51.53033 ], [ 11.87657, 51.53081 ], [ 11.87594, 51.52304 ], [ 11.87273, 51.52289 ], [ 11.87573, 51.51952 ], [ 11.87263, 51.51814 ], [ 11.87223, 51.51774 ], [ 11.87247, 51.51746 ], [ 11.86998, 51.51664 ], [ 11.86995, 51.51626 ], [ 11.86938, 51.5161 ], [ 11.85851, 51.51459 ], [ 11.85526, 51.51446 ], [ 11.85622, 51.51256 ], [ 11.85701, 51.51177 ], [ 11.86084, 51.50909 ], [ 11.86395, 51.50642 ], [ 11.86811, 51.50195 ], [ 11.87023, 51.50099 ], [ 11.87541, 51.49777 ], [ 11.87448, 51.49747 ], [ 11.87475, 51.49694 ], [ 11.87928, 51.49201 ], [ 11.87812, 51.49211 ], [ 11.87855, 51.49156 ], [ 11.86327, 51.49263 ], [ 11.86383, 51.48889 ], [ 11.86482, 51.48921 ], [ 11.86703, 51.48896 ], [ 11.87147, 51.48748 ], [ 11.86929, 51.48672 ], [ 11.86443, 51.48702 ], [ 11.86558, 51.48311 ], [ 11.86615, 51.48289 ], [ 11.86666, 51.48196 ], [ 11.86807, 51.47835 ], [ 11.87402, 51.47746 ], [ 11.87217, 51.47673 ], [ 11.87211, 51.47472 ], [ 11.8802, 51.47371 ], [ 11.88002, 51.47335 ], [ 11.8829, 51.47381 ], [ 11.8839, 51.47136 ], [ 11.88673, 51.47182 ], [ 11.88778, 51.46844 ], [ 11.88733, 51.46531 ], [ 11.88777, 51.46334 ], [ 11.90672, 51.46405 ], [ 11.91144, 51.46439 ], [ 11.91233, 51.46494 ], [ 11.91571, 51.46424 ], [ 11.91537, 51.46278 ], [ 11.91567, 51.46321 ], [ 11.91727, 51.46284 ], [ 11.91689, 51.46141 ], [ 11.9172, 51.46105 ], [ 11.9247, 51.46133 ], [ 11.92343, 51.46119 ], [ 11.92313, 51.46025 ], [ 11.924, 51.45896 ], [ 11.92413, 51.45645 ], [ 11.9261, 51.45703 ], [ 11.92702, 51.45522 ], [ 11.93015, 51.45238 ], [ 11.93042, 51.45126 ], [ 11.92911, 51.45022 ], [ 11.92418, 51.45022 ], [ 11.92162, 51.4498 ], [ 11.91676, 51.44739 ], [ 11.91515, 51.44598 ], [ 11.91476, 51.44501 ], [ 11.91476, 51.44375 ], [ 11.91562, 51.44228 ], [ 11.91703, 51.4411 ], [ 11.92117, 51.43942 ], [ 11.92335, 51.43909 ], [ 11.92884, 51.43956 ], [ 11.9386, 51.43751 ], [ 11.94592, 51.43508 ], [ 11.95024, 51.43444 ], [ 11.95176, 51.43366 ], [ 11.95222, 51.43307 ], [ 11.95179, 51.43293 ], [ 11.95268, 51.43189 ], [ 11.95296, 51.43094 ], [ 11.95188, 51.42769 ], [ 11.95207, 51.42471 ], [ 11.95264, 51.42339 ], [ 11.95459, 51.42146 ], [ 11.95471, 51.41945 ], [ 11.95207, 51.41813 ], [ 11.95199, 51.41738 ], [ 11.95064, 51.41734 ], [ 11.94882, 51.41792 ], [ 11.94818, 51.41887 ], [ 11.94832, 51.41957 ], [ 11.95137, 51.42155 ], [ 11.95134, 51.42299 ], [ 11.94952, 51.42455 ], [ 11.94656, 51.42498 ], [ 11.94392, 51.42367 ], [ 11.94372, 51.4227 ], [ 11.9449, 51.42103 ], [ 11.94464, 51.42016 ], [ 11.9428, 51.41908 ], [ 11.94124, 51.417 ], [ 11.94198, 51.41612 ], [ 11.94415, 51.41521 ], [ 11.94717, 51.41554 ], [ 11.95144, 51.41671 ], [ 11.95225, 51.41649 ], [ 11.9543, 51.41501 ], [ 11.95477, 51.41327 ], [ 11.9524, 51.41234 ], [ 11.95083, 51.41111 ], [ 11.95063, 51.40912 ], [ 11.95152, 51.40802 ], [ 11.95348, 51.4072 ], [ 11.95533, 51.40689 ], [ 11.95778, 51.40737 ], [ 11.96218, 51.40956 ], [ 11.96493, 51.40984 ], [ 11.96838, 51.40949 ], [ 11.96933, 51.40924 ], [ 11.97144, 51.40796 ], [ 11.9763, 51.40729 ], [ 11.97717, 51.4063 ], [ 11.97681, 51.4061 ], [ 11.97759, 51.40627 ], [ 11.97771, 51.40598 ], [ 11.97917, 51.40551 ], [ 11.98275, 51.40277 ], [ 11.98601, 51.40421 ], [ 11.98316, 51.405 ], [ 11.98185, 51.40695 ], [ 11.98599, 51.40562 ], [ 11.99086, 51.40534 ], [ 11.9969, 51.40776 ], [ 12.00557, 51.40837 ], [ 12.00616, 51.40804 ], [ 12.00616, 51.40681 ], [ 12.00732, 51.40636 ], [ 12.00536, 51.40432 ], [ 12.00543, 51.40358 ], [ 12.00607, 51.4034 ], [ 12.00643, 51.4021 ], [ 12.00842, 51.40338 ], [ 12.00865, 51.40294 ], [ 12.01163, 51.4036 ], [ 12.01066, 51.40459 ], [ 12.01403, 51.40538 ], [ 12.01419, 51.40554 ], [ 12.01323, 51.40735 ], [ 12.01362, 51.40748 ], [ 12.01307, 51.40832 ], [ 12.01499, 51.40817 ], [ 12.01755, 51.40877 ], [ 12.01729, 51.41103 ], [ 12.01368, 51.41158 ], [ 12.01298, 51.41292 ], [ 12.01168, 51.4136 ], [ 12.00983, 51.41289 ] ] ] } },
{ "type": "Feature", "properties": { "stadt": "Mainz" }, "geometry": { "type": "Polygon", "coordinates": [ [ [ 8.14597, 49.97026 ], [ 8.14707, 49.96512 ], [ 8.14868, 49.96375 ], [ 8.15136, 49.96427 ], [ 8.15467, 49.96441 ], [ 8.16355, 49.96596 ], [ 8.16969, 49.96663 ], [ 8.1696, 49.96612 ], [ 8.17309, 49.9669 ], [ 8.1791, 49.96742 ], [ 8.17907, 49.96762 ], [ 8.18042, 49.96723 ], [ 8.1849, 49.96447 ], [ 8.18406, 49.9638 ], [ 8.18375, 49.96306 ], [ 8.18977, 49.95122 ], [ 8.19382, 49.95244 ], [ 8.20042, 49.95568 ], [ 8.20285, 49.95738 ], [ 8.20401, 49.95587 ], [ 8.21162, 49.95744 ], [ 8.21233, 49.95624 ], [ 8.21692, 49.95723 ], [ 8.21917, 49.95505 ], [ 8.21969, 49.9553 ], [ 8.22162, 49.95386 ], [ 8.22255, 49.95266 ], [ 8.22413, 49.95332 ], [ 8.22538, 49.95264 ], [ 8.22322, 49.95082 ], [ 8.22534, 49.94986 ], [ 8.22698, 49.948 ], [ 8.22881, 49.94861 ], [ 8.22975, 49.94748 ], [ 8.23418, 49.94821 ], [ 8.23409, 49.94906 ], [ 8.23614, 49.9492 ], [ 8.23677, 49.9466 ], [ 8.24319, 49.9474 ], [ 8.24503, 49.93972 ], [ 8.23916, 49.93998 ], [ 8.24121, 49.93759 ], [ 8.23626, 49.9307 ], [ 8.23608, 49.92887 ], [ 8.23505, 49.92891 ], [ 8.23455, 49.92745 ], [ 8.23227, 49.92501 ], [ 8.22997, 49.9236 ], [ 8.22836, 49.92102 ], [ 8.23222, 49.92121 ], [ 8.23367, 49.91881 ], [ 8.22932, 49.91857 ], [ 8.23034, 49.91667 ], [ 8.23064, 49.91506 ], [ 8.22964, 49.91182 ], [ 8.22505, 49.91154 ], [ 8.22468, 49.90942 ], [ 8.22922, 49.90959 ], [ 8.22846, 49.90443 ], [ 8.22777, 49.9045 ], [ 8.22764, 49.90225 ], [ 8.23007, 49.90168 ], [ 8.22888, 49.90012 ], [ 8.23229, 49.90061 ], [ 8.23324, 49.89846 ], [ 8.23494, 49.89913 ], [ 8.23509, 49.8988 ], [ 8.23827, 49.89864 ], [ 8.2387, 49.89791 ], [ 8.2446, 49.89648 ], [ 8.24491, 49.89674 ], [ 8.24868, 49.89548 ], [ 8.25082, 49.89649 ], [ 8.25296, 49.89688 ], [ 8.25101, 49.89898 ], [ 8.24955, 49.89995 ], [ 8.25277, 49.90083 ], [ 8.2522, 49.90177 ], [ 8.25412, 49.90212 ], [ 8.25299, 49.90306 ], [ 8.25387, 49.90312 ], [ 8.25303, 49.90506 ], [ 8.25402, 49.90535 ], [ 8.25455, 49.90615 ], [ 8.25581, 49.90579 ], [ 8.25566, 49.90619 ], [ 8.25614, 49.90775 ], [ 8.25569, 49.90851 ], [ 8.25817, 49.90843 ], [ 8.25806, 49.90929 ], [ 8.26121, 49.90957 ], [ 8.25889, 49.91415 ], [ 8.26039, 49.91465 ], [ 8.25964, 49.91707 ], [ 8.26752, 49.91947 ], [ 8.26619, 49.92366 ], [ 8.26624, 49.92438 ], [ 8.27132, 49.927 ], [ 8.27461, 49.92821 ], [ 8.27668, 49.92969 ], [ 8.2773, 49.92941 ], [ 8.27947, 49.93133 ], [ 8.27987, 49.93243 ], [ 8.2788, 49.93249 ], [ 8.27784, 49.9357 ], [ 8.27867, 49.9392 ], [ 8.27989, 49.94094 ], [ 8.28281, 49.94085 ], [ 8.28296, 49.94126 ], [ 8.28624, 49.94108 ], [ 8.28636, 49.94227 ], [ 8.28666, 49.94234 ], [ 8.29598, 49.94219 ], [ 8.29708, 49.94485 ], [ 8.29749, 49.94867 ], [ 8.2982, 49.94776 ], [ 8.2981, 49.94725 ], [ 8.29926, 49.94698 ], [ 8.29933, 49.94589 ], [ 8.29995, 49.94587 ], [ 8.30085, 49.9478 ], [ 8.30077, 49.94823 ], [ 8.30794, 49.94716 ], [ 8.30825, 49.94768 ], [ 8.30919, 49.94781 ], [ 8.30719, 49.94119 ], [ 8.30776, 49.9411 ], [ 8.30789, 49.94162 ], [ 8.30991, 49.9415 ], [ 8.30976, 49.9407 ], [ 8.31678, 49.94246 ], [ 8.32603, 49.94536 ], [ 8.33314, 49.93814 ], [ 8.33393, 49.93809 ], [ 8.33392, 49.9385 ], [ 8.33641, 49.93923 ], [ 8.33927, 49.93936 ], [ 8.34314, 49.94029 ], [ 8.34281, 49.94139 ], [ 8.34213, 49.94919 ], [ 8.33532, 49.95956 ], [ 8.33233, 49.96344 ], [ 8.32736, 49.96905 ], [ 8.3235, 49.97287 ], [ 8.30808, 49.98393 ], [ 8.28944, 49.99411 ], [ 8.28564, 49.99723 ], [ 8.27497, 50.00788 ], [ 8.2717, 50.01076 ], [ 8.26593, 50.01461 ], [ 8.24589, 50.02718 ], [ 8.24339, 50.02843 ], [ 8.23589, 50.03061 ], [ 8.21838, 50.03189 ], [ 8.20345, 50.03433 ], [ 8.19011, 50.03528 ], [ 8.18919, 50.03283 ], [ 8.19259, 50.03146 ], [ 8.19985, 50.03015 ], [ 8.19969, 50.02847 ], [ 8.20453, 50.02755 ], [ 8.20426, 50.02628 ], [ 8.20097, 50.02707 ], [ 8.20029, 50.02534 ], [ 8.19985, 50.02199 ], [ 8.19352, 50.0214 ], [ 8.19454, 50.01935 ], [ 8.19658, 50.01674 ], [ 8.19499, 50.01614 ], [ 8.19294, 50.01465 ], [ 8.19078, 50.01102 ], [ 8.18906, 50.00966 ], [ 8.18251, 50.0058 ], [ 8.17145, 50.00354 ], [ 8.16775, 50.00369 ], [ 8.16589, 50.00329 ], [ 8.16263, 50.00322 ], [ 8.15629, 50.00172 ], [ 8.15676, 50.00068 ], [ 8.15575, 49.99917 ], [ 8.15675, 49.99732 ], [ 8.15794, 49.996 ], [ 8.15123, 49.99422 ], [ 8.15242, 49.99243 ], [ 8.15303, 49.99099 ], [ 8.15273, 49.99091 ], [ 8.15416, 49.98791 ], [ 8.15037, 49.98699 ], [ 8.15065, 49.98652 ], [ 8.14785, 49.98576 ], [ 8.14845, 49.98542 ], [ 8.14637, 49.98501 ], [ 8.14666, 49.98431 ], [ 8.14629, 49.98422 ], [ 8.14643, 49.98392 ], [ 8.14352, 49.98301 ], [ 8.14543, 49.97991 ], [ 8.1448, 49.97979 ], [ 8.14515, 49.97893 ], [ 8.14309, 49.97858 ], [ 8.1451, 49.97658 ], [ 8.1447, 49.97653 ], [ 8.14403, 49.97467 ], [ 8.14371, 49.9746 ], [ 8.14373, 49.97395 ], [ 8.14407, 49.97297 ], [ 8.14597, 49.97026 ] ] ] } },
{ "type": "Feature", "properties": { "stadt": "Krefeld" }, "geometry": { "type": "Polygon", "coordinates": [ [ [ 6.5412, 51.40047 ], [ 6.53675, 51.40281 ], [ 6.5386, 51.40402 ], [ 6.53557, 51.40549 ], [ 6.53082, 51.40209 ], [ 6.52932, 51.40187 ], [ 6.5275, 51.40208 ], [ 6.52828, 51.39999 ], [ 6.52591, 51.39881 ], [ 6.5236, 51.39829 ], [ 6.51598, 51.3985 ], [ 6.51171, 51.3981 ], [ 6.4981, 51.4002 ], [ 6.49188, 51.40199 ], [ 6.49025, 51.40096 ], [ 6.48941, 51.39987 ], [ 6.48899, 51.39822 ], [ 6.48132, 51.39784 ], [ 6.48265, 51.3918 ], [ 6.47915, 51.39207 ], [ 6.47927, 51.39077 ], [ 6.47795, 51.38649 ], [ 6.48178, 51.38611 ], [ 6.48031, 51.38401 ], [ 6.48672, 51.38338 ], [ 6.4861, 51.38134 ], [ 6.48491, 51.37222 ], [ 6.48825, 51.3663 ], [ 6.49211, 51.36232 ], [ 6.48731, 51.36173 ], [ 6.48708, 51.35876 ], [ 6.48863, 51.35681 ], [ 6.48998, 51.35425 ], [ 6.4869, 51.35371 ], [ 6.48738, 51.35264 ], [ 6.48544, 51.35232 ], [ 6.48602, 51.35111 ], [ 6.48933, 51.35046 ], [ 6.48841, 51.34875 ], [ 6.48714, 51.34841 ], [ 6.48705, 51.34706 ], [ 6.4864, 51.34648 ], [ 6.51001, 51.33907 ], [ 6.51215, 51.33731 ], [ 6.51464, 51.33453 ], [ 6.51418, 51.33314 ], [ 6.51569, 51.32862 ], [ 6.51429, 51.32837 ], [ 6.51283, 51.32438 ], [ 6.51285, 51.32326 ], [ 6.51375, 51.32175 ], [ 6.51449, 51.32132 ], [ 6.51453, 51.31593 ], [ 6.51204, 51.31033 ], [ 6.50208, 51.30529 ], [ 6.49107, 51.30331 ], [ 6.48877, 51.30315 ], [ 6.48978, 51.3009 ], [ 6.49213, 51.30092 ], [ 6.49312, 51.29951 ], [ 6.49977, 51.29427 ], [ 6.50134, 51.29118 ], [ 6.50027, 51.28993 ], [ 6.51428, 51.29139 ], [ 6.51693, 51.28766 ], [ 6.51589, 51.28681 ], [ 6.5161, 51.2867 ], [ 6.51801, 51.28827 ], [ 6.5256, 51.28903 ], [ 6.52538, 51.28841 ], [ 6.5336, 51.28891 ], [ 6.55485, 51.28767 ], [ 6.55494, 51.28834 ], [ 6.55601, 51.28838 ], [ 6.55798, 51.28749 ], [ 6.55958, 51.2873 ], [ 6.58017, 51.28596 ], [ 6.58013, 51.28689 ], [ 6.58504, 51.28656 ], [ 6.58513, 51.28611 ], [ 6.5859, 51.28583 ], [ 6.58962, 51.28578 ], [ 6.60002, 51.28626 ], [ 6.60716, 51.28702 ], [ 6.61991, 51.2891 ], [ 6.61988, 51.28866 ], [ 6.62011, 51.28879 ], [ 6.62068, 51.29256 ], [ 6.62144, 51.30886 ], [ 6.62552, 51.30843 ], [ 6.62585, 51.30896 ], [ 6.62709, 51.30876 ], [ 6.62738, 51.30941 ], [ 6.62798, 51.30963 ], [ 6.6309, 51.30968 ], [ 6.63085, 51.30996 ], [ 6.63225, 51.31003 ], [ 6.63232, 51.30977 ], [ 6.63304, 51.30969 ], [ 6.63315, 51.30881 ], [ 6.63509, 51.30895 ], [ 6.63526, 51.30969 ], [ 6.6356, 51.30973 ], [ 6.63877, 51.30863 ], [ 6.64093, 51.30837 ], [ 6.6496, 51.30845 ], [ 6.6496, 51.30873 ], [ 6.65179, 51.30902 ], [ 6.65388, 51.31 ], [ 6.65962, 51.31178 ], [ 6.67444, 51.32 ], [ 6.67588, 51.32051 ], [ 6.6755, 51.32112 ], [ 6.67848, 51.3209 ], [ 6.67885, 51.32116 ], [ 6.67958, 51.32079 ], [ 6.68059, 51.32104 ], [ 6.68419, 51.32089 ], [ 6.6852, 51.32143 ], [ 6.68562, 51.32103 ], [ 6.68876, 51.32165 ], [ 6.68857, 51.32191 ], [ 6.69472, 51.32394 ], [ 6.69451, 51.3242 ], [ 6.69774, 51.32594 ], [ 6.69726, 51.32634 ], [ 6.69884, 51.32702 ], [ 6.69867, 51.32724 ], [ 6.69984, 51.32882 ], [ 6.70043, 51.32881 ], [ 6.70082, 51.32974 ], [ 6.70621, 51.33674 ], [ 6.6958, 51.34004 ], [ 6.67273, 51.34536 ], [ 6.6624, 51.34831 ], [ 6.6589, 51.34994 ], [ 6.65644, 51.35191 ], [ 6.65524, 51.35344 ], [ 6.65443, 51.35544 ], [ 6.65419, 51.3576 ], [ 6.65489, 51.36 ], [ 6.65656, 51.36243 ], [ 6.65909, 51.36437 ], [ 6.66298, 51.36622 ], [ 6.66817, 51.36807 ], [ 6.67512, 51.36991 ], [ 6.67405, 51.3719 ], [ 6.67648, 51.37253 ], [ 6.67837, 51.37595 ], [ 6.67958, 51.37686 ], [ 6.67542, 51.37618 ], [ 6.66887, 51.37398 ], [ 6.66843, 51.374 ], [ 6.66816, 51.37439 ], [ 6.6691, 51.37594 ], [ 6.66923, 51.37721 ], [ 6.67098, 51.37901 ], [ 6.67322, 51.38677 ], [ 6.67414, 51.38617 ], [ 6.67514, 51.38607 ], [ 6.67463, 51.38645 ], [ 6.67485, 51.38664 ], [ 6.67342, 51.38749 ], [ 6.67395, 51.38813 ], [ 6.67368, 51.38837 ], [ 6.67404, 51.38856 ], [ 6.67283, 51.38937 ], [ 6.66925, 51.38744 ], [ 6.66975, 51.38717 ], [ 6.66928, 51.3868 ], [ 6.66052, 51.38789 ], [ 6.66018, 51.3872 ], [ 6.65788, 51.38534 ], [ 6.65676, 51.38355 ], [ 6.65384, 51.38374 ], [ 6.65353, 51.38274 ], [ 6.65138, 51.3829 ], [ 6.6476, 51.38236 ], [ 6.6461, 51.38319 ], [ 6.64623, 51.38443 ], [ 6.64451, 51.38681 ], [ 6.63714, 51.38585 ], [ 6.63561, 51.39353 ], [ 6.6202, 51.39551 ], [ 6.61668, 51.3948 ], [ 6.61575, 51.39659 ], [ 6.60824, 51.39706 ], [ 6.60418, 51.39688 ], [ 6.60444, 51.39431 ], [ 6.60114, 51.39414 ], [ 6.60122, 51.39393 ], [ 6.59983, 51.39376 ], [ 6.59769, 51.39394 ], [ 6.59363, 51.39307 ], [ 6.59317, 51.39355 ], [ 6.59226, 51.39339 ], [ 6.59185, 51.39311 ], [ 6.59201, 51.39284 ], [ 6.58276, 51.39216 ], [ 6.58073, 51.39421 ], [ 6.57445, 51.39334 ], [ 6.57469, 51.39282 ], [ 6.57375, 51.39336 ], [ 6.56946, 51.39245 ], [ 6.57149, 51.39153 ], [ 6.56749, 51.39069 ], [ 6.56419, 51.38952 ], [ 6.5628, 51.3896 ], [ 6.56215, 51.38916 ], [ 6.56006, 51.38977 ], [ 6.55788, 51.38984 ], [ 6.55796, 51.39094 ], [ 6.55388, 51.39504 ], [ 6.54835, 51.39304 ], [ 6.54393, 51.39771 ], [ 6.54625, 51.40061 ], [ 6.5412, 51.40047 ] ] ] } },
{ "type": "Feature", "properties": { "stadt": "Freiburg im Breisgau" }, "geometry": { "type": "Polygon", "coordinates": [ [ [ 7.89846, 47.91194 ], [ 7.9028, 47.91233 ], [ 7.90487, 47.91344 ], [ 7.90841, 47.91432 ], [ 7.90953, 47.91544 ], [ 7.91005, 47.91823 ], [ 7.90664, 47.92434 ], [ 7.90829, 47.92847 ], [ 7.9091, 47.92908 ], [ 7.9126, 47.92976 ], [ 7.91464, 47.93128 ], [ 7.9158, 47.93355 ], [ 7.91726, 47.93508 ], [ 7.92002, 47.93567 ], [ 7.92199, 47.93684 ], [ 7.92487, 47.94009 ], [ 7.92418, 47.94148 ], [ 7.92492, 47.94457 ], [ 7.92426, 47.94723 ], [ 7.92436, 47.95011 ], [ 7.92414, 47.95019 ], [ 7.92474, 47.95104 ], [ 7.92373, 47.95136 ], [ 7.9198, 47.95421 ], [ 7.91894, 47.95572 ], [ 7.91874, 47.9567 ], [ 7.9191, 47.95728 ], [ 7.91716, 47.95805 ], [ 7.91722, 47.95899 ], [ 7.91608, 47.96023 ], [ 7.91568, 47.96169 ], [ 7.91473, 47.96294 ], [ 7.91512, 47.96341 ], [ 7.91549, 47.96547 ], [ 7.91798, 47.96762 ], [ 7.9197, 47.96734 ], [ 7.92179, 47.96744 ], [ 7.92263, 47.96967 ], [ 7.92371, 47.96987 ], [ 7.92452, 47.97074 ], [ 7.92332, 47.97163 ], [ 7.92111, 47.97258 ], [ 7.92167, 47.97346 ], [ 7.92066, 47.97446 ], [ 7.91761, 47.97473 ], [ 7.91738, 47.97515 ], [ 7.91775, 47.97602 ], [ 7.91633, 47.97686 ], [ 7.91398, 47.97941 ], [ 7.92489, 47.98087 ], [ 7.92532, 47.98302 ], [ 7.92519, 47.98553 ], [ 7.92831, 47.98583 ], [ 7.92668, 47.98725 ], [ 7.92687, 47.98774 ], [ 7.92766, 47.98923 ], [ 7.92928, 47.98862 ], [ 7.9308, 47.99099 ], [ 7.93067, 47.99227 ], [ 7.92996, 47.99364 ], [ 7.9302, 47.99539 ], [ 7.92906, 47.99671 ], [ 7.92933, 47.99754 ], [ 7.928, 47.99865 ], [ 7.92802, 47.99941 ], [ 7.92717, 48.0011 ], [ 7.92815, 48.0026 ], [ 7.92785, 48.00598 ], [ 7.92863, 48.00823 ], [ 7.9282, 48.01085 ], [ 7.92627, 48.01381 ], [ 7.92455, 48.01406 ], [ 7.92188, 48.01563 ], [ 7.9166, 48.01369 ], [ 7.91426, 48.01207 ], [ 7.91294, 48.01187 ], [ 7.91073, 48.01302 ], [ 7.90947, 48.0129 ], [ 7.90722, 48.01325 ], [ 7.90495, 48.01281 ], [ 7.90402, 48.01237 ], [ 7.90351, 48.01153 ], [ 7.90172, 48.01002 ], [ 7.88769, 48.01024 ], [ 7.88435, 48.01171 ], [ 7.87935, 48.01295 ], [ 7.87612, 48.01411 ], [ 7.87468, 48.01511 ], [ 7.87404, 48.01521 ], [ 7.8725, 48.01652 ], [ 7.87236, 48.01718 ], [ 7.87253, 48.01909 ], [ 7.87382, 48.0203 ], [ 7.87606, 48.02106 ], [ 7.8774, 48.02057 ], [ 7.87987, 48.01894 ], [ 7.88049, 48.01954 ], [ 7.88437, 48.02139 ], [ 7.88632, 48.01959 ], [ 7.88638, 48.01857 ], [ 7.88902, 48.01657 ], [ 7.89211, 48.01688 ], [ 7.89468, 48.01645 ], [ 7.89645, 48.01549 ], [ 7.898, 48.01554 ], [ 7.89705, 48.01689 ], [ 7.89556, 48.01814 ], [ 7.89341, 48.01928 ], [ 7.89092, 48.01929 ], [ 7.88678, 48.02156 ], [ 7.88599, 48.02266 ], [ 7.88499, 48.02292 ], [ 7.88367, 48.02219 ], [ 7.88225, 48.0225 ], [ 7.88074, 48.02495 ], [ 7.87852, 48.02686 ], [ 7.87779, 48.02844 ], [ 7.8755, 48.03133 ], [ 7.87344, 48.0302 ], [ 7.87304, 48.02956 ], [ 7.87103, 48.02988 ], [ 7.87063, 48.03106 ], [ 7.8709, 48.03112 ], [ 7.87031, 48.03213 ], [ 7.86638, 48.03432 ], [ 7.86351, 48.03513 ], [ 7.86038, 48.03499 ], [ 7.85871, 48.03546 ], [ 7.85714, 48.03646 ], [ 7.85545, 48.03688 ], [ 7.85442, 48.03665 ], [ 7.85448, 48.0402 ], [ 7.85412, 48.04392 ], [ 7.85098, 48.05072 ], [ 7.85037, 48.05136 ], [ 7.84602, 48.05243 ], [ 7.84316, 48.05447 ], [ 7.83925, 48.05572 ], [ 7.83478, 48.05863 ], [ 7.83248, 48.06186 ], [ 7.82742, 48.0656 ], [ 7.82476, 48.0689 ], [ 7.82226, 48.06993 ], [ 7.82009, 48.07036 ], [ 7.81754, 48.06957 ], [ 7.81495, 48.07106 ], [ 7.8052, 48.06375 ], [ 7.80609, 48.06237 ], [ 7.80589, 48.0619 ], [ 7.8035, 48.06103 ], [ 7.79634, 48.06096 ], [ 7.79549, 48.05903 ], [ 7.79697, 48.05898 ], [ 7.79525, 48.05543 ], [ 7.79545, 48.05531 ], [ 7.79288, 48.05363 ], [ 7.79628, 48.05347 ], [ 7.79597, 48.05248 ], [ 7.79517, 48.05218 ], [ 7.7942, 48.047 ], [ 7.79313, 48.04503 ], [ 7.79405, 48.04475 ], [ 7.79339, 48.04377 ], [ 7.79126, 48.04291 ], [ 7.79197, 48.04243 ], [ 7.79043, 48.03663 ], [ 7.78791, 48.03321 ], [ 7.78812, 48.03276 ], [ 7.78738, 48.03278 ], [ 7.78693, 48.03207 ], [ 7.79034, 48.02736 ], [ 7.78747, 48.02578 ], [ 7.78587, 48.02527 ], [ 7.78223, 48.02533 ], [ 7.78009, 48.02596 ], [ 7.77971, 48.02559 ], [ 7.78118, 48.02448 ], [ 7.78094, 48.02253 ], [ 7.77442, 48.0182 ], [ 7.76936, 48.01434 ], [ 7.76977, 48.01511 ], [ 7.76957, 48.01708 ], [ 7.76783, 48.01791 ], [ 7.76659, 48.01911 ], [ 7.76343, 48.01995 ], [ 7.76247, 48.02055 ], [ 7.76263, 48.02095 ], [ 7.75898, 48.02222 ], [ 7.75893, 48.02026 ], [ 7.75819, 48.01884 ], [ 7.75403, 48.0203 ], [ 7.7514, 48.02142 ], [ 7.75153, 48.02294 ], [ 7.74711, 48.02557 ], [ 7.74623, 48.02572 ], [ 7.74629, 48.02636 ], [ 7.74393, 48.02666 ], [ 7.74305, 48.02734 ], [ 7.74184, 48.02767 ], [ 7.74174, 48.02807 ], [ 7.74036, 48.02897 ], [ 7.74009, 48.02991 ], [ 7.73943, 48.02978 ], [ 7.73781, 48.03087 ], [ 7.737, 48.03081 ], [ 7.73381, 48.03282 ], [ 7.73373, 48.03359 ], [ 7.7345, 48.03644 ], [ 7.73327, 48.03744 ], [ 7.73359, 48.03877 ], [ 7.73272, 48.03836 ], [ 7.73182, 48.03842 ], [ 7.7315, 48.03786 ], [ 7.73035, 48.03825 ], [ 7.72789, 48.03682 ], [ 7.72726, 48.03576 ], [ 7.7259, 48.03574 ], [ 7.72529, 48.03503 ], [ 7.72404, 48.03515 ], [ 7.72334, 48.03419 ], [ 7.72163, 48.0338 ], [ 7.71862, 48.03476 ], [ 7.71854, 48.03431 ], [ 7.71674, 48.03447 ], [ 7.71664, 48.03344 ], [ 7.71369, 48.03303 ], [ 7.71388, 48.03381 ], [ 7.71265, 48.03381 ], [ 7.70841, 48.0353 ], [ 7.70722, 48.03439 ], [ 7.70755, 48.03422 ], [ 7.70672, 48.03319 ], [ 7.70692, 48.03309 ], [ 7.70478, 48.03081 ], [ 7.70524, 48.03067 ], [ 7.70418, 48.02891 ], [ 7.70354, 48.02881 ], [ 7.70217, 48.02777 ], [ 7.70273, 48.02753 ], [ 7.70295, 48.02703 ], [ 7.70183, 48.0269 ], [ 7.70163, 48.02655 ], [ 7.70196, 48.02616 ], [ 7.70344, 48.02596 ], [ 7.70377, 48.02513 ], [ 7.70369, 48.0239 ], [ 7.70329, 48.02333 ], [ 7.70401, 48.02312 ], [ 7.70294, 48.02146 ], [ 7.704, 48.02143 ], [ 7.70375, 48.0205 ], [ 7.70458, 48.02038 ], [ 7.70362, 48.01909 ], [ 7.7036, 48.01865 ], [ 7.70456, 48.01854 ], [ 7.704, 48.01784 ], [ 7.70499, 48.01756 ], [ 7.70422, 48.01669 ], [ 7.70602, 48.01626 ], [ 7.70512, 48.01544 ], [ 7.70566, 48.01519 ], [ 7.70533, 48.01431 ], [ 7.70575, 48.01404 ], [ 7.7047, 48.01183 ], [ 7.70841, 48.01103 ], [ 7.6997, 48.00805 ], [ 7.69919, 48.00847 ], [ 7.69431, 48.00548 ], [ 7.69389, 48.00463 ], [ 7.69327, 48.00469 ], [ 7.69321, 48.00445 ], [ 7.69397, 48.00435 ], [ 7.69372, 48.00386 ], [ 7.68899, 48.00209 ], [ 7.68612, 48.00012 ], [ 7.68177, 47.99835 ], [ 7.67962, 47.99659 ], [ 7.67829, 47.99474 ], [ 7.67852, 47.99404 ], [ 7.67969, 47.99301 ], [ 7.67879, 47.99166 ], [ 7.67972, 47.99147 ], [ 7.68144, 47.99046 ], [ 7.6809, 47.98994 ], [ 7.68213, 47.98918 ], [ 7.68274, 47.98964 ], [ 7.68363, 47.98933 ], [ 7.68343, 47.98912 ], [ 7.68401, 47.98886 ], [ 7.68372, 47.98851 ], [ 7.68488, 47.98807 ], [ 7.68368, 47.98705 ], [ 7.68282, 47.98478 ], [ 7.68334, 47.98466 ], [ 7.68251, 47.98342 ], [ 7.68181, 47.98326 ], [ 7.68089, 47.98356 ], [ 7.68022, 47.98321 ], [ 7.68017, 47.98211 ], [ 7.67956, 47.9807 ], [ 7.67859, 47.9797 ], [ 7.67816, 47.97863 ], [ 7.67812, 47.97835 ], [ 7.67909, 47.97781 ], [ 7.67881, 47.97682 ], [ 7.67828, 47.97671 ], [ 7.67853, 47.97591 ], [ 7.67763, 47.97567 ], [ 7.67848, 47.97506 ], [ 7.67691, 47.97488 ], [ 7.67531, 47.97424 ], [ 7.67365, 47.97433 ], [ 7.67028, 47.97377 ], [ 7.67009, 47.97396 ], [ 7.66909, 47.97355 ], [ 7.66936, 47.97318 ], [ 7.66757, 47.97363 ], [ 7.66669, 47.9723 ], [ 7.66654, 47.97122 ], [ 7.66609, 47.97128 ], [ 7.66531, 47.96997 ], [ 7.66472, 47.97006 ], [ 7.66371, 47.9674 ], [ 7.66327, 47.96747 ], [ 7.66279, 47.96663 ], [ 7.66301, 47.96656 ], [ 7.66201, 47.96565 ], [ 7.66475, 47.96508 ], [ 7.66807, 47.96246 ], [ 7.67008, 47.9643 ], [ 7.67138, 47.96425 ], [ 7.67756, 47.95924 ], [ 7.67951, 47.96088 ], [ 7.68342, 47.96227 ], [ 7.6878, 47.96109 ], [ 7.68942, 47.96354 ], [ 7.69546, 47.96197 ], [ 7.69865, 47.95969 ], [ 7.70754, 47.9637 ], [ 7.71727, 47.96905 ], [ 7.71869, 47.96878 ], [ 7.71981, 47.97029 ], [ 7.72237, 47.97198 ], [ 7.72181, 47.97263 ], [ 7.72513, 47.97462 ], [ 7.72356, 47.97571 ], [ 7.72441, 47.97558 ], [ 7.72763, 47.97812 ], [ 7.72919, 47.97706 ], [ 7.73078, 47.97814 ], [ 7.73133, 47.97777 ], [ 7.73306, 47.97892 ], [ 7.73532, 47.97933 ], [ 7.73678, 47.98012 ], [ 7.74084, 47.97988 ], [ 7.74566, 47.97869 ], [ 7.74822, 47.9789 ], [ 7.75678, 47.98052 ], [ 7.75512, 47.9788 ], [ 7.75639, 47.97872 ], [ 7.76337, 47.97681 ], [ 7.76572, 47.97702 ], [ 7.76795, 47.97847 ], [ 7.76991, 47.97762 ], [ 7.77203, 47.97566 ], [ 7.77265, 47.97544 ], [ 7.77228, 47.9749 ], [ 7.77627, 47.97387 ], [ 7.77582, 47.97271 ], [ 7.77806, 47.97215 ], [ 7.78039, 47.97066 ], [ 7.78111, 47.97037 ], [ 7.78209, 47.97046 ], [ 7.78392, 47.96974 ], [ 7.78426, 47.96997 ], [ 7.78496, 47.96947 ], [ 7.78592, 47.96953 ], [ 7.78645, 47.96919 ], [ 7.79055, 47.96885 ], [ 7.79217, 47.96836 ], [ 7.79563, 47.96627 ], [ 7.7993, 47.96527 ], [ 7.80044, 47.96455 ], [ 7.80214, 47.96408 ], [ 7.80613, 47.96463 ], [ 7.80763, 47.9657 ], [ 7.80957, 47.96608 ], [ 7.81314, 47.96771 ], [ 7.81658, 47.96766 ], [ 7.81794, 47.9686 ], [ 7.81869, 47.97018 ], [ 7.82007, 47.97048 ], [ 7.82313, 47.97275 ], [ 7.82536, 47.97222 ], [ 7.82546, 47.9728 ], [ 7.82661, 47.97216 ], [ 7.82748, 47.97321 ], [ 7.83188, 47.97258 ], [ 7.83651, 47.97256 ], [ 7.83743, 47.97116 ], [ 7.83666, 47.96942 ], [ 7.83463, 47.9666 ], [ 7.83743, 47.96567 ], [ 7.8394, 47.96387 ], [ 7.84297, 47.9641 ], [ 7.84861, 47.96164 ], [ 7.84894, 47.96044 ], [ 7.84854, 47.95847 ], [ 7.8493, 47.95683 ], [ 7.85224, 47.95583 ], [ 7.85414, 47.95477 ], [ 7.85399, 47.95255 ], [ 7.85568, 47.95009 ], [ 7.85832, 47.94892 ], [ 7.8636, 47.95012 ], [ 7.86654, 47.95019 ], [ 7.86671, 47.94979 ], [ 7.86935, 47.94982 ], [ 7.86947, 47.95028 ], [ 7.86866, 47.95102 ], [ 7.87116, 47.95129 ], [ 7.8756, 47.94907 ], [ 7.87878, 47.94855 ], [ 7.87934, 47.9476 ], [ 7.87818, 47.94564 ], [ 7.87892, 47.94338 ], [ 7.8775, 47.94219 ], [ 7.8764, 47.94021 ], [ 7.87798, 47.94006 ], [ 7.87721, 47.93827 ], [ 7.87759, 47.93728 ], [ 7.87719, 47.9353 ], [ 7.87595, 47.93348 ], [ 7.87556, 47.93201 ], [ 7.87486, 47.93124 ], [ 7.8738, 47.93118 ], [ 7.87251, 47.93229 ], [ 7.87176, 47.93207 ], [ 7.8702, 47.93289 ], [ 7.87015, 47.93353 ], [ 7.86862, 47.93374 ], [ 7.86772, 47.93219 ], [ 7.86791, 47.93105 ], [ 7.86871, 47.93086 ], [ 7.86817, 47.93027 ], [ 7.86846, 47.92962 ], [ 7.86771, 47.92932 ], [ 7.86743, 47.92851 ], [ 7.86648, 47.9288 ], [ 7.86578, 47.92829 ], [ 7.8663, 47.92552 ], [ 7.86795, 47.92431 ], [ 7.86808, 47.92388 ], [ 7.86752, 47.92349 ], [ 7.86473, 47.92456 ], [ 7.86442, 47.92376 ], [ 7.86246, 47.92373 ], [ 7.86299, 47.92249 ], [ 7.86248, 47.9208 ], [ 7.86346, 47.91887 ], [ 7.86341, 47.91782 ], [ 7.86482, 47.91667 ], [ 7.86236, 47.91565 ], [ 7.86304, 47.91325 ], [ 7.8643, 47.91309 ], [ 7.8668, 47.91144 ], [ 7.86833, 47.90879 ], [ 7.86974, 47.90759 ], [ 7.8715, 47.90451 ], [ 7.87498, 47.90358 ], [ 7.88216, 47.90429 ], [ 7.88446, 47.90396 ], [ 7.89081, 47.90626 ], [ 7.8924, 47.9078 ], [ 7.8928, 47.90993 ], [ 7.89693, 47.91078 ], [ 7.89846, 47.91194 ] ] ] } },
{ "type": "Feature", "properties": { "stadt": "Erfurt" }, "geometry": { "type": "Polygon", "coordinates": [ [ [ 11.15011, 50.92449 ], [ 11.15351, 50.92482 ], [ 11.15311, 50.92612 ], [ 11.15318, 50.92912 ], [ 11.15155, 50.93111 ], [ 11.15076, 50.93288 ], [ 11.14923, 50.93362 ], [ 11.14857, 50.93693 ], [ 11.14686, 50.93871 ], [ 11.14684, 50.93983 ], [ 11.14372, 50.94028 ], [ 11.14376, 50.94144 ], [ 11.14226, 50.94328 ], [ 11.14126, 50.94622 ], [ 11.14081, 50.94595 ], [ 11.14013, 50.94628 ], [ 11.138, 50.94803 ], [ 11.13578, 50.94888 ], [ 11.13603, 50.94909 ], [ 11.13492, 50.95238 ], [ 11.13444, 50.95617 ], [ 11.13554, 50.95629 ], [ 11.13429, 50.96266 ], [ 11.13673, 50.96301 ], [ 11.13648, 50.96441 ], [ 11.13686, 50.96449 ], [ 11.13468, 50.96864 ], [ 11.13597, 50.96899 ], [ 11.13535, 50.97022 ], [ 11.13628, 50.97047 ], [ 11.13536, 50.97172 ], [ 11.13404, 50.97248 ], [ 11.14351, 50.97503 ], [ 11.14397, 50.97435 ], [ 11.1473, 50.97548 ], [ 11.14832, 50.97569 ], [ 11.14892, 50.97543 ], [ 11.15071, 50.97641 ], [ 11.15187, 50.97668 ], [ 11.15622, 50.97716 ], [ 11.15475, 50.98021 ], [ 11.15756, 50.98068 ], [ 11.15787, 50.98017 ], [ 11.15868, 50.98038 ], [ 11.15967, 50.97945 ], [ 11.16511, 50.98073 ], [ 11.16461, 50.98159 ], [ 11.16792, 50.98205 ], [ 11.1672, 50.98408 ], [ 11.17043, 50.98466 ], [ 11.16997, 50.9861 ], [ 11.17216, 50.98656 ], [ 11.17166, 50.98835 ], [ 11.17514, 50.98892 ], [ 11.16846, 51.00037 ], [ 11.1681, 51.00032 ], [ 11.16665, 51.00256 ], [ 11.16513, 51.002 ], [ 11.16338, 51.00238 ], [ 11.16385, 51.0095 ], [ 11.16493, 51.00974 ], [ 11.1684, 51.00919 ], [ 11.17133, 51.00924 ], [ 11.17353, 51.01822 ], [ 11.1705, 51.01849 ], [ 11.16979, 51.01729 ], [ 11.1536, 51.01705 ], [ 11.15316, 51.01735 ], [ 11.15025, 51.01735 ], [ 11.14718, 51.01816 ], [ 11.14469, 51.01796 ], [ 11.14446, 51.0178 ], [ 11.14859, 51.01645 ], [ 11.14945, 51.01511 ], [ 11.14, 51.01353 ], [ 11.14068, 51.01075 ], [ 11.12408, 51.00879 ], [ 11.12235, 51.01248 ], [ 11.12395, 51.01278 ], [ 11.12352, 51.01357 ], [ 11.12565, 51.01426 ], [ 11.12451, 51.02232 ], [ 11.12027, 51.02292 ], [ 11.1163, 51.02654 ], [ 11.11196, 51.02975 ], [ 11.11297, 51.03065 ], [ 11.11188, 51.0313 ], [ 11.11094, 51.03073 ], [ 11.10975, 51.03143 ], [ 11.1075, 51.0339 ], [ 11.10137, 51.03358 ], [ 11.09988, 51.04257 ], [ 11.09753, 51.05091 ], [ 11.09815, 51.05109 ], [ 11.09777, 51.05249 ], [ 11.09303, 51.05204 ], [ 11.09305, 51.05147 ], [ 11.08802, 51.05136 ], [ 11.09013, 51.05447 ], [ 11.09048, 51.05633 ], [ 11.09155, 51.05623 ], [ 11.09337, 51.06029 ], [ 11.08912, 51.06072 ], [ 11.08974, 51.06355 ], [ 11.09101, 51.06419 ], [ 11.09166, 51.06523 ], [ 11.08526, 51.06461 ], [ 11.08082, 51.06563 ], [ 11.07853, 51.06839 ], [ 11.07858, 51.0701 ], [ 11.07949, 51.07172 ], [ 11.08088, 51.07262 ], [ 11.08153, 51.07375 ], [ 11.07334, 51.07513 ], [ 11.07316, 51.0763 ], [ 11.07195, 51.07629 ], [ 11.07189, 51.07731 ], [ 11.06614, 51.07758 ], [ 11.06669, 51.07953 ], [ 11.04666, 51.07744 ], [ 11.04649, 51.07987 ], [ 11.04362, 51.07988 ], [ 11.04257, 51.07578 ], [ 11.04157, 51.06908 ], [ 11.04132, 51.06907 ], [ 11.04063, 51.06513 ], [ 11.03747, 51.06585 ], [ 11.03713, 51.06366 ], [ 11.03614, 51.06358 ], [ 11.03596, 51.06286 ], [ 11.03353, 51.06294 ], [ 11.03251, 51.0648 ], [ 11.02907, 51.06599 ], [ 11.02781, 51.067 ], [ 11.02385, 51.06731 ], [ 11.02388, 51.06661 ], [ 11.0227, 51.06629 ], [ 11.02252, 51.06281 ], [ 11.02059, 51.06085 ], [ 11.0201, 51.06079 ], [ 11.02006, 51.06046 ], [ 11.01562, 51.05946 ], [ 11.01083, 51.0599 ], [ 11.01028, 51.0608 ], [ 11.00871, 51.0607 ], [ 11.00828, 51.06023 ], [ 10.99727, 51.06008 ], [ 10.99241, 51.05911 ], [ 10.99067, 51.0682 ], [ 10.98147, 51.06574 ], [ 10.97526, 51.0648 ], [ 10.97668, 51.06244 ], [ 10.97516, 51.06224 ], [ 10.97582, 51.06002 ], [ 10.97749, 51.06014 ], [ 10.97798, 51.05597 ], [ 10.97965, 51.05614 ], [ 10.98069, 51.0518 ], [ 10.98438, 51.05222 ], [ 10.98516, 51.05022 ], [ 10.98619, 51.04321 ], [ 10.98112, 51.04269 ], [ 10.98122, 51.04244 ], [ 10.98011, 51.04229 ], [ 10.98046, 51.04132 ], [ 10.97537, 51.04081 ], [ 10.97533, 51.04103 ], [ 10.97175, 51.04085 ], [ 10.97143, 51.04032 ], [ 10.96583, 51.04044 ], [ 10.96572, 51.03861 ], [ 10.96454, 51.03775 ], [ 10.9633, 51.03857 ], [ 10.95599, 51.03665 ], [ 10.95573, 51.0355 ], [ 10.95537, 51.03537 ], [ 10.94847, 51.03528 ], [ 10.94825, 51.03429 ], [ 10.94583, 51.0344 ], [ 10.94569, 51.03321 ], [ 10.94185, 51.03146 ], [ 10.93467, 51.03131 ], [ 10.93229, 51.03072 ], [ 10.93153, 51.02822 ], [ 10.92906, 51.02772 ], [ 10.93, 51.02577 ], [ 10.92857, 51.0254 ], [ 10.929, 51.02463 ], [ 10.92671, 51.02384 ], [ 10.92924, 51.01974 ], [ 10.92945, 51.01768 ], [ 10.92571, 51.01628 ], [ 10.92495, 51.01535 ], [ 10.92546, 51.01496 ], [ 10.92401, 51.01429 ], [ 10.92438, 51.01472 ], [ 10.92407, 51.0152 ], [ 10.92153, 51.01459 ], [ 10.92071, 51.01557 ], [ 10.91662, 51.01503 ], [ 10.91619, 51.01559 ], [ 10.91331, 51.01489 ], [ 10.91312, 51.01515 ], [ 10.91276, 51.01501 ], [ 10.9108, 51.01678 ], [ 10.91008, 51.0182 ], [ 10.91088, 51.01909 ], [ 10.91096, 51.02098 ], [ 10.90637, 51.02075 ], [ 10.90476, 51.02095 ], [ 10.90131, 51.02293 ], [ 10.89861, 51.02511 ], [ 10.8962, 51.02415 ], [ 10.89342, 51.02444 ], [ 10.89231, 51.02404 ], [ 10.88901, 51.02482 ], [ 10.88226, 51.02513 ], [ 10.88135, 51.02715 ], [ 10.87607, 51.02803 ], [ 10.87298, 51.02769 ], [ 10.86926, 51.02774 ], [ 10.86278, 51.02646 ], [ 10.85467, 51.02549 ], [ 10.86162, 51.00392 ], [ 10.86256, 51.00219 ], [ 10.86401, 51.0006 ], [ 10.86573, 51.00115 ], [ 10.86651, 51.00022 ], [ 10.87108, 51.00117 ], [ 10.87179, 51.00006 ], [ 10.87984, 51.00123 ], [ 10.88024, 51.00033 ], [ 10.88365, 51.00062 ], [ 10.88387, 51.00012 ], [ 10.88433, 51.00017 ], [ 10.88477, 50.99926 ], [ 10.88596, 50.99937 ], [ 10.88986, 50.99293 ], [ 10.89214, 50.99022 ], [ 10.88593, 50.98777 ], [ 10.88014, 50.98283 ], [ 10.87589, 50.98129 ], [ 10.87336, 50.97987 ], [ 10.86362, 50.97737 ], [ 10.86518, 50.97145 ], [ 10.86615, 50.97144 ], [ 10.86689, 50.96836 ], [ 10.86551, 50.96824 ], [ 10.86563, 50.96471 ], [ 10.87271, 50.96508 ], [ 10.87307, 50.96476 ], [ 10.87303, 50.95973 ], [ 10.87632, 50.9592 ], [ 10.87767, 50.96315 ], [ 10.88337, 50.96112 ], [ 10.89374, 50.96056 ], [ 10.89514, 50.9568 ], [ 10.89623, 50.95165 ], [ 10.89692, 50.94525 ], [ 10.89727, 50.94453 ], [ 10.89974, 50.94462 ], [ 10.9005, 50.9412 ], [ 10.91218, 50.94116 ], [ 10.91723, 50.94225 ], [ 10.91758, 50.94079 ], [ 10.92851, 50.94278 ], [ 10.92768, 50.94488 ], [ 10.92928, 50.94515 ], [ 10.92903, 50.94604 ], [ 10.93872, 50.94691 ], [ 10.94132, 50.94494 ], [ 10.94178, 50.9435 ], [ 10.94366, 50.94363 ], [ 10.94378, 50.94314 ], [ 10.94593, 50.94331 ], [ 10.946, 50.94234 ], [ 10.94753, 50.94227 ], [ 10.94751, 50.94186 ], [ 10.95106, 50.94189 ], [ 10.95267, 50.93758 ], [ 10.95452, 50.9379 ], [ 10.95506, 50.93661 ], [ 10.95653, 50.93677 ], [ 10.9572, 50.93532 ], [ 10.95575, 50.93442 ], [ 10.95597, 50.9338 ], [ 10.95877, 50.93433 ], [ 10.96054, 50.92913 ], [ 10.96157, 50.92918 ], [ 10.96267, 50.92668 ], [ 10.96262, 50.92383 ], [ 10.96227, 50.92316 ], [ 10.96378, 50.92318 ], [ 10.96422, 50.92145 ], [ 10.96051, 50.9193 ], [ 10.95793, 50.91895 ], [ 10.95787, 50.91845 ], [ 10.95489, 50.91773 ], [ 10.95507, 50.91706 ], [ 10.94847, 50.91382 ], [ 10.94845, 50.91329 ], [ 10.94131, 50.9124 ], [ 10.94171, 50.91158 ], [ 10.93815, 50.91121 ], [ 10.93182, 50.90964 ], [ 10.93257, 50.90402 ], [ 10.9333, 50.90409 ], [ 10.9338, 50.90212 ], [ 10.93507, 50.9021 ], [ 10.93621, 50.8975 ], [ 10.93543, 50.89738 ], [ 10.93609, 50.89492 ], [ 10.93987, 50.89387 ], [ 10.947, 50.8933 ], [ 10.94764, 50.89178 ], [ 10.96108, 50.89462 ], [ 10.96133, 50.8913 ], [ 10.96189, 50.89092 ], [ 10.9637, 50.8909 ], [ 10.96348, 50.89271 ], [ 10.96813, 50.89263 ], [ 10.96893, 50.89298 ], [ 10.96913, 50.89213 ], [ 10.97593, 50.89049 ], [ 10.97353, 50.89321 ], [ 10.97038, 50.89539 ], [ 10.97234, 50.89691 ], [ 10.97803, 50.89836 ], [ 10.97783, 50.89885 ], [ 10.97956, 50.89935 ], [ 10.97879, 50.90088 ], [ 10.9804, 50.90166 ], [ 10.98014, 50.90433 ], [ 10.98592, 50.90514 ], [ 10.98584, 50.90536 ], [ 10.98998, 50.90539 ], [ 10.99274, 50.90647 ], [ 10.99701, 50.90723 ], [ 10.99683, 50.90763 ], [ 11.00237, 50.90813 ], [ 11.00274, 50.90733 ], [ 11.00419, 50.90742 ], [ 11.00518, 50.90441 ], [ 11.00606, 50.90386 ], [ 11.00951, 50.90519 ], [ 11.00951, 50.90598 ], [ 11.0207, 50.90649 ], [ 11.03921, 50.90877 ], [ 11.05558, 50.90955 ], [ 11.07048, 50.91109 ], [ 11.07117, 50.91065 ], [ 11.07801, 50.9118 ], [ 11.08232, 50.91163 ], [ 11.09028, 50.91199 ], [ 11.09347, 50.9127 ], [ 11.09842, 50.91317 ], [ 11.10648, 50.91328 ], [ 11.11017, 50.91297 ], [ 11.10896, 50.91601 ], [ 11.10895, 50.91746 ], [ 11.10763, 50.92128 ], [ 11.10759, 50.92367 ], [ 11.10692, 50.9266 ], [ 11.10717, 50.92715 ], [ 11.11013, 50.92917 ], [ 11.11196, 50.92999 ], [ 11.11258, 50.9298 ], [ 11.11314, 50.92876 ], [ 11.11609, 50.92705 ], [ 11.11671, 50.92626 ], [ 11.11941, 50.92543 ], [ 11.11984, 50.92766 ], [ 11.12409, 50.92696 ], [ 11.12477, 50.92754 ], [ 11.1277, 50.92858 ], [ 11.12894, 50.92839 ], [ 11.13002, 50.92784 ], [ 11.13008, 50.92747 ], [ 11.13221, 50.92859 ], [ 11.13346, 50.92775 ], [ 11.13594, 50.92724 ], [ 11.13805, 50.92803 ], [ 11.13989, 50.92646 ], [ 11.14117, 50.92619 ], [ 11.14186, 50.92635 ], [ 11.1455, 50.92493 ], [ 11.14611, 50.92534 ], [ 11.15011, 50.92449 ] ] ] } },
{ "type": "Feature", "properties": { "stadt": "Lübeck" }, "geometry": { "type": "MultiPolygon", "coordinates": [ [ [ [ 10.64233, 53.78209 ], [ 10.64117, 53.78193 ], [ 10.64132, 53.78168 ], [ 10.64244, 53.78183 ], [ 10.64233, 53.78209 ] ] ], [ [ [ 10.6454, 53.78461 ], [ 10.6409, 53.78398 ], [ 10.64088, 53.78339 ], [ 10.64166, 53.7835 ], [ 10.64202, 53.78282 ], [ 10.64624, 53.78353 ], [ 10.6454, 53.78461 ] ] ], [ [ [ 10.63972, 53.78973 ], [ 10.64547, 53.79069 ], [ 10.64584, 53.78807 ], [ 10.64047, 53.78757 ], [ 10.64073, 53.78616 ], [ 10.6491, 53.787 ], [ 10.6497, 53.78924 ], [ 10.65107, 53.79069 ], [ 10.65088, 53.79166 ], [ 10.65233, 53.79231 ], [ 10.65177, 53.79336 ], [ 10.63919, 53.79116 ], [ 10.63972, 53.78973 ] ] ], [ [ [ 10.8844, 53.97786 ], [ 10.88416, 53.97904 ], [ 10.88355, 53.97987 ], [ 10.8838, 53.97993 ], [ 10.88112, 53.98355 ], [ 10.8781, 53.98624 ], [ 10.87317, 53.98926 ], [ 10.86958, 53.99099 ], [ 10.86571, 53.99236 ], [ 10.86095, 53.9935 ], [ 10.85779, 53.99357 ], [ 10.85577, 53.99402 ], [ 10.84919, 53.99274 ], [ 10.84107, 53.99188 ], [ 10.84223, 53.99034 ], [ 10.84103, 53.98934 ], [ 10.84093, 53.9888 ], [ 10.84311, 53.98839 ], [ 10.84292, 53.98772 ], [ 10.84463, 53.98712 ], [ 10.84748, 53.98703 ], [ 10.84772, 53.98672 ], [ 10.85, 53.98634 ], [ 10.8506, 53.98595 ], [ 10.84932, 53.9851 ], [ 10.84948, 53.98456 ], [ 10.84829, 53.98438 ], [ 10.84812, 53.98371 ], [ 10.84729, 53.98317 ], [ 10.84718, 53.98222 ], [ 10.84866, 53.98042 ], [ 10.8492, 53.98041 ], [ 10.84824, 53.97906 ], [ 10.84679, 53.97815 ], [ 10.84379, 53.97759 ], [ 10.84116, 53.97662 ], [ 10.84174, 53.97595 ], [ 10.84048, 53.97525 ], [ 10.8378, 53.97458 ], [ 10.83849, 53.97356 ], [ 10.83821, 53.97283 ], [ 10.83621, 53.97262 ], [ 10.8361, 53.97229 ], [ 10.8354, 53.97202 ], [ 10.83414, 53.97183 ], [ 10.83314, 53.97214 ], [ 10.83215, 53.97182 ], [ 10.83108, 53.96913 ], [ 10.83435, 53.96709 ], [ 10.83087, 53.96587 ], [ 10.83038, 53.96508 ], [ 10.82748, 53.96444 ], [ 10.82747, 53.96358 ], [ 10.82651, 53.96218 ], [ 10.82687, 53.96205 ], [ 10.82544, 53.95701 ], [ 10.82698, 53.95671 ], [ 10.82737, 53.95538 ], [ 10.82884, 53.95561 ], [ 10.82916, 53.95417 ], [ 10.82991, 53.95307 ], [ 10.82791, 53.95324 ], [ 10.82568, 53.95283 ], [ 10.82375, 53.95184 ], [ 10.8231, 53.9513 ], [ 10.82287, 53.95063 ], [ 10.82146, 53.95004 ], [ 10.8216, 53.94932 ], [ 10.82239, 53.94939 ], [ 10.82398, 53.94868 ], [ 10.82712, 53.94832 ], [ 10.82831, 53.94786 ], [ 10.83028, 53.94646 ], [ 10.82822, 53.94551 ], [ 10.81976, 53.94485 ], [ 10.81879, 53.94437 ], [ 10.8185, 53.94378 ], [ 10.81747, 53.9435 ], [ 10.81761, 53.94288 ], [ 10.8166, 53.94261 ], [ 10.81704, 53.93916 ], [ 10.81795, 53.93771 ], [ 10.81243, 53.93764 ], [ 10.81221, 53.93485 ], [ 10.81085, 53.93314 ], [ 10.80719, 53.93197 ], [ 10.80217, 53.92985 ], [ 10.80044, 53.93079 ], [ 10.79875, 53.93067 ], [ 10.79688, 53.93127 ], [ 10.79511, 53.93142 ], [ 10.79548, 53.92959 ], [ 10.78462, 53.92909 ], [ 10.78051, 53.92861 ], [ 10.78154, 53.92657 ], [ 10.78059, 53.92534 ], [ 10.77808, 53.9228 ], [ 10.77422, 53.921 ], [ 10.77183, 53.9228 ], [ 10.76978, 53.9238 ], [ 10.76897, 53.92506 ], [ 10.76759, 53.92428 ], [ 10.76468, 53.9233 ], [ 10.75045, 53.92182 ], [ 10.7515, 53.9201 ], [ 10.74639, 53.91892 ], [ 10.74706, 53.91607 ], [ 10.74781, 53.91566 ], [ 10.74727, 53.91499 ], [ 10.74658, 53.91494 ], [ 10.74422, 53.91596 ], [ 10.74162, 53.91566 ], [ 10.73921, 53.91705 ], [ 10.7353, 53.91721 ], [ 10.73518, 53.91675 ], [ 10.7223, 53.91748 ], [ 10.72076, 53.91787 ], [ 10.71989, 53.91734 ], [ 10.71451, 53.91592 ], [ 10.70476, 53.91381 ], [ 10.70556, 53.91277 ], [ 10.70257, 53.91305 ], [ 10.70193, 53.91283 ], [ 10.70046, 53.91227 ], [ 10.70077, 53.91196 ], [ 10.69371, 53.90844 ], [ 10.69072, 53.90534 ], [ 10.6903, 53.90435 ], [ 10.69053, 53.9034 ], [ 10.69016, 53.90233 ], [ 10.68514, 53.90305 ], [ 10.68475, 53.90281 ], [ 10.68359, 53.9032 ], [ 10.68605, 53.90709 ], [ 10.68468, 53.90793 ], [ 10.68469, 53.90751 ], [ 10.68533, 53.90715 ], [ 10.68236, 53.90426 ], [ 10.68069, 53.90358 ], [ 10.67918, 53.90375 ], [ 10.67659, 53.9026 ], [ 10.67607, 53.90291 ], [ 10.6754, 53.90274 ], [ 10.67475, 53.90164 ], [ 10.67282, 53.90075 ], [ 10.67005, 53.90056 ], [ 10.6676, 53.89985 ], [ 10.66602, 53.89851 ], [ 10.66492, 53.89846 ], [ 10.66212, 53.89733 ], [ 10.66028, 53.89614 ], [ 10.65897, 53.89484 ], [ 10.65606, 53.8945 ], [ 10.65604, 53.89349 ], [ 10.65659, 53.89296 ], [ 10.65668, 53.89184 ], [ 10.6544, 53.89125 ], [ 10.65422, 53.8908 ], [ 10.65352, 53.89057 ], [ 10.65331, 53.88912 ], [ 10.65236, 53.88807 ], [ 10.65238, 53.88753 ], [ 10.65288, 53.88703 ], [ 10.6527, 53.88627 ], [ 10.65332, 53.88575 ], [ 10.65217, 53.88491 ], [ 10.65067, 53.88308 ], [ 10.64979, 53.88297 ], [ 10.64876, 53.88198 ], [ 10.64753, 53.88223 ], [ 10.64674, 53.88151 ], [ 10.64531, 53.88125 ], [ 10.64499, 53.88089 ], [ 10.6373, 53.87944 ], [ 10.63601, 53.8804 ], [ 10.63461, 53.88051 ], [ 10.63431, 53.88097 ], [ 10.63314, 53.88086 ], [ 10.63382, 53.88439 ], [ 10.63329, 53.88468 ], [ 10.63409, 53.8858 ], [ 10.63391, 53.88675 ], [ 10.63255, 53.88857 ], [ 10.62995, 53.89029 ], [ 10.62629, 53.88935 ], [ 10.62535, 53.89029 ], [ 10.62263, 53.89018 ], [ 10.61983, 53.8914 ], [ 10.61469, 53.89111 ], [ 10.60983, 53.89154 ], [ 10.60127, 53.89338 ], [ 10.5977, 53.89503 ], [ 10.59709, 53.89495 ], [ 10.5968, 53.8945 ], [ 10.59617, 53.89481 ], [ 10.59649, 53.89522 ], [ 10.59449, 53.89644 ], [ 10.58988, 53.89813 ], [ 10.57843, 53.89845 ], [ 10.58107, 53.8967 ], [ 10.58185, 53.89594 ], [ 10.58229, 53.89484 ], [ 10.58143, 53.89437 ], [ 10.57834, 53.89372 ], [ 10.57734, 53.89384 ], [ 10.57538, 53.8947 ], [ 10.57473, 53.89388 ], [ 10.57301, 53.89364 ], [ 10.57198, 53.89281 ], [ 10.57162, 53.89116 ], [ 10.57174, 53.89047 ], [ 10.57299, 53.89001 ], [ 10.57243, 53.88961 ], [ 10.57267, 53.88944 ], [ 10.57243, 53.88882 ], [ 10.57054, 53.88866 ], [ 10.56788, 53.89019 ], [ 10.56732, 53.88939 ], [ 10.5653, 53.88795 ], [ 10.56475, 53.88667 ], [ 10.56269, 53.88596 ], [ 10.56602, 53.88142 ], [ 10.56783, 53.88188 ], [ 10.57068, 53.88167 ], [ 10.57598, 53.87879 ], [ 10.57673, 53.87799 ], [ 10.57705, 53.87813 ], [ 10.58197, 53.87675 ], [ 10.5907, 53.87327 ], [ 10.59434, 53.87229 ], [ 10.59465, 53.86665 ], [ 10.59199, 53.86526 ], [ 10.59115, 53.86515 ], [ 10.58943, 53.8639 ], [ 10.59053, 53.86252 ], [ 10.58783, 53.86163 ], [ 10.58766, 53.86143 ], [ 10.58822, 53.86077 ], [ 10.58756, 53.86001 ], [ 10.5879, 53.85992 ], [ 10.58758, 53.8596 ], [ 10.58868, 53.85919 ], [ 10.58843, 53.85886 ], [ 10.59313, 53.8572 ], [ 10.59245, 53.85638 ], [ 10.59158, 53.85614 ], [ 10.59157, 53.85557 ], [ 10.5908, 53.85487 ], [ 10.59093, 53.85456 ], [ 10.59197, 53.8543 ], [ 10.59202, 53.85393 ], [ 10.5931, 53.85361 ], [ 10.594, 53.8524 ], [ 10.5959, 53.85282 ], [ 10.60503, 53.85074 ], [ 10.61324, 53.85062 ], [ 10.61594, 53.85092 ], [ 10.6217, 53.84758 ], [ 10.61987, 53.84705 ], [ 10.61705, 53.84551 ], [ 10.6147, 53.84324 ], [ 10.61097, 53.84264 ], [ 10.60836, 53.84083 ], [ 10.59971, 53.83842 ], [ 10.5979, 53.83824 ], [ 10.59196, 53.83892 ], [ 10.59107, 53.83871 ], [ 10.58703, 53.83643 ], [ 10.58586, 53.83626 ], [ 10.58102, 53.83673 ], [ 10.5804, 53.83766 ], [ 10.57879, 53.83783 ], [ 10.57856, 53.83825 ], [ 10.57883, 53.83757 ], [ 10.57596, 53.83686 ], [ 10.57248, 53.83666 ], [ 10.56902, 53.83579 ], [ 10.56613, 53.83549 ], [ 10.56464, 53.83473 ], [ 10.5641, 53.83399 ], [ 10.56437, 53.83056 ], [ 10.56168, 53.82924 ], [ 10.55768, 53.82893 ], [ 10.55583, 53.82841 ], [ 10.55432, 53.82716 ], [ 10.55404, 53.82662 ], [ 10.55418, 53.82551 ], [ 10.55496, 53.82459 ], [ 10.55757, 53.82325 ], [ 10.55767, 53.82236 ], [ 10.55718, 53.82173 ], [ 10.55953, 53.82148 ], [ 10.56153, 53.82206 ], [ 10.56436, 53.82161 ], [ 10.57743, 53.80327 ], [ 10.57833, 53.80396 ], [ 10.57954, 53.80653 ], [ 10.58036, 53.80626 ], [ 10.58224, 53.80481 ], [ 10.5837, 53.80497 ], [ 10.58552, 53.80584 ], [ 10.58563, 53.80618 ], [ 10.58498, 53.80696 ], [ 10.58526, 53.80795 ], [ 10.58604, 53.80848 ], [ 10.58856, 53.80879 ], [ 10.59109, 53.80962 ], [ 10.59149, 53.81004 ], [ 10.59154, 53.81099 ], [ 10.59493, 53.81319 ], [ 10.59618, 53.81326 ], [ 10.59704, 53.81265 ], [ 10.59688, 53.81225 ], [ 10.59782, 53.81114 ], [ 10.59764, 53.81073 ], [ 10.59788, 53.81045 ], [ 10.60051, 53.80961 ], [ 10.60099, 53.80925 ], [ 10.60089, 53.80818 ], [ 10.60354, 53.80705 ], [ 10.60426, 53.80571 ], [ 10.60528, 53.80477 ], [ 10.60482, 53.8046 ], [ 10.60456, 53.80406 ], [ 10.60383, 53.80389 ], [ 10.60409, 53.80295 ], [ 10.60379, 53.80158 ], [ 10.60445, 53.80151 ], [ 10.60515, 53.8007 ], [ 10.60613, 53.8006 ], [ 10.60643, 53.80025 ], [ 10.60585, 53.79993 ], [ 10.60599, 53.79933 ], [ 10.60462, 53.79881 ], [ 10.60498, 53.79744 ], [ 10.60466, 53.79614 ], [ 10.60518, 53.79593 ], [ 10.60532, 53.79532 ], [ 10.60576, 53.795 ], [ 10.60361, 53.79333 ], [ 10.60407, 53.79279 ], [ 10.60346, 53.79234 ], [ 10.60298, 53.79254 ], [ 10.60174, 53.79179 ], [ 10.60103, 53.79178 ], [ 10.60111, 53.79155 ], [ 10.60051, 53.79139 ], [ 10.60095, 53.79085 ], [ 10.59911, 53.78935 ], [ 10.59716, 53.78978 ], [ 10.59746, 53.79009 ], [ 10.59692, 53.79005 ], [ 10.59642, 53.79074 ], [ 10.59423, 53.79215 ], [ 10.59241, 53.79189 ], [ 10.59112, 53.79129 ], [ 10.59107, 53.79079 ], [ 10.59005, 53.79083 ], [ 10.58657, 53.78959 ], [ 10.60191, 53.77655 ], [ 10.60459, 53.7752 ], [ 10.60561, 53.77518 ], [ 10.60749, 53.77596 ], [ 10.60844, 53.77518 ], [ 10.60849, 53.7747 ], [ 10.61007, 53.77525 ], [ 10.61073, 53.77587 ], [ 10.61045, 53.77654 ], [ 10.61199, 53.77631 ], [ 10.616, 53.77701 ], [ 10.61633, 53.77551 ], [ 10.61535, 53.77504 ], [ 10.61588, 53.77402 ], [ 10.61688, 53.77356 ], [ 10.61455, 53.77293 ], [ 10.61295, 53.77208 ], [ 10.61316, 53.77144 ], [ 10.61641, 53.7728 ], [ 10.61995, 53.77287 ], [ 10.62257, 53.77204 ], [ 10.62345, 53.77131 ], [ 10.62545, 53.7708 ], [ 10.62902, 53.76917 ], [ 10.63149, 53.76926 ], [ 10.63752, 53.76812 ], [ 10.63966, 53.76803 ], [ 10.63899, 53.77373 ], [ 10.64177, 53.77416 ], [ 10.64206, 53.77319 ], [ 10.645, 53.77353 ], [ 10.64651, 53.77235 ], [ 10.64847, 53.77286 ], [ 10.64721, 53.77379 ], [ 10.64682, 53.77542 ], [ 10.64571, 53.7754 ], [ 10.64479, 53.77475 ], [ 10.64277, 53.7743 ], [ 10.64302, 53.77472 ], [ 10.64166, 53.77459 ], [ 10.64162, 53.77495 ], [ 10.63865, 53.775 ], [ 10.6386, 53.77684 ], [ 10.64525, 53.77757 ], [ 10.64518, 53.7778 ], [ 10.64454, 53.77833 ], [ 10.64216, 53.77812 ], [ 10.64245, 53.77786 ], [ 10.63861, 53.77762 ], [ 10.64187, 53.77813 ], [ 10.64183, 53.77853 ], [ 10.63857, 53.77822 ], [ 10.6418, 53.77874 ], [ 10.63854, 53.77856 ], [ 10.63851, 53.77891 ], [ 10.64166, 53.77926 ], [ 10.64157, 53.77956 ], [ 10.63848, 53.77928 ], [ 10.63842, 53.77995 ], [ 10.64061, 53.78011 ], [ 10.64063, 53.78046 ], [ 10.63942, 53.78086 ], [ 10.63942, 53.7811 ], [ 10.63809, 53.78076 ], [ 10.63771, 53.78229 ], [ 10.63839, 53.78284 ], [ 10.63775, 53.78331 ], [ 10.64062, 53.78339 ], [ 10.64062, 53.78381 ], [ 10.63778, 53.78364 ], [ 10.63799, 53.7867 ], [ 10.64028, 53.78749 ], [ 10.64007, 53.78831 ], [ 10.63878, 53.79143 ], [ 10.63629, 53.7909 ], [ 10.63302, 53.79321 ], [ 10.63173, 53.79465 ], [ 10.63295, 53.7948 ], [ 10.63637, 53.79601 ], [ 10.63755, 53.79446 ], [ 10.64106, 53.79539 ], [ 10.64093, 53.79482 ], [ 10.64738, 53.79525 ], [ 10.64953, 53.79469 ], [ 10.65131, 53.7949 ], [ 10.65411, 53.79465 ], [ 10.65666, 53.80024 ], [ 10.6587, 53.79988 ], [ 10.6587, 53.7988 ], [ 10.65761, 53.79611 ], [ 10.66002, 53.79583 ], [ 10.65886, 53.79305 ], [ 10.66817, 53.79168 ], [ 10.66744, 53.78961 ], [ 10.64906, 53.7858 ], [ 10.65021, 53.78414 ], [ 10.65122, 53.7845 ], [ 10.65313, 53.78435 ], [ 10.65495, 53.78356 ], [ 10.65107, 53.7826 ], [ 10.6521, 53.78125 ], [ 10.64904, 53.77985 ], [ 10.64372, 53.77915 ], [ 10.64538, 53.77789 ], [ 10.65068, 53.77861 ], [ 10.65021, 53.7803 ], [ 10.65134, 53.78076 ], [ 10.65208, 53.77912 ], [ 10.65462, 53.77855 ], [ 10.65935, 53.77966 ], [ 10.65755, 53.78259 ], [ 10.65589, 53.78219 ], [ 10.6556, 53.78262 ], [ 10.65968, 53.78337 ], [ 10.66236, 53.78437 ], [ 10.66531, 53.78596 ], [ 10.66689, 53.78767 ], [ 10.6693, 53.78538 ], [ 10.67206, 53.78621 ], [ 10.67376, 53.78631 ], [ 10.67434, 53.78525 ], [ 10.67408, 53.7843 ], [ 10.67643, 53.78463 ], [ 10.68143, 53.78232 ], [ 10.68501, 53.78192 ], [ 10.69469, 53.78367 ], [ 10.69728, 53.78441 ], [ 10.70003, 53.78464 ], [ 10.70536, 53.78704 ], [ 10.71302, 53.78762 ], [ 10.71244, 53.7896 ], [ 10.71096, 53.7915 ], [ 10.7107, 53.79166 ], [ 10.70929, 53.79083 ], [ 10.70697, 53.79215 ], [ 10.71298, 53.79416 ], [ 10.71767, 53.79532 ], [ 10.72998, 53.80085 ], [ 10.72881, 53.80195 ], [ 10.73448, 53.8024 ], [ 10.74021, 53.80554 ], [ 10.73726, 53.80625 ], [ 10.73583, 53.80774 ], [ 10.73813, 53.80891 ], [ 10.7352, 53.81225 ], [ 10.73512, 53.81259 ], [ 10.73597, 53.81312 ], [ 10.73334, 53.81426 ], [ 10.72918, 53.8176 ], [ 10.72495, 53.81675 ], [ 10.71673, 53.81881 ], [ 10.72177, 53.82294 ], [ 10.73338, 53.82777 ], [ 10.74513, 53.81572 ], [ 10.74215, 53.81485 ], [ 10.74404, 53.81304 ], [ 10.74579, 53.8137 ], [ 10.74643, 53.81312 ], [ 10.74541, 53.81172 ], [ 10.74684, 53.81004 ], [ 10.74519, 53.80922 ], [ 10.74487, 53.80862 ], [ 10.74515, 53.80808 ], [ 10.74666, 53.80867 ], [ 10.74798, 53.80848 ], [ 10.74909, 53.80872 ], [ 10.75021, 53.80539 ], [ 10.75361, 53.80608 ], [ 10.75335, 53.80673 ], [ 10.75422, 53.808 ], [ 10.75331, 53.80871 ], [ 10.75451, 53.8099 ], [ 10.75569, 53.8098 ], [ 10.7554, 53.80849 ], [ 10.75563, 53.8084 ], [ 10.75636, 53.80957 ], [ 10.75781, 53.81014 ], [ 10.75934, 53.81001 ], [ 10.76288, 53.81094 ], [ 10.76351, 53.80971 ], [ 10.76405, 53.80978 ], [ 10.76355, 53.81208 ], [ 10.76388, 53.81364 ], [ 10.76258, 53.81599 ], [ 10.76315, 53.81706 ], [ 10.76327, 53.81903 ], [ 10.76192, 53.82279 ], [ 10.76055, 53.82444 ], [ 10.75797, 53.82632 ], [ 10.75787, 53.82722 ], [ 10.75695, 53.82753 ], [ 10.75753, 53.82747 ], [ 10.75759, 53.82787 ], [ 10.75583, 53.82827 ], [ 10.75597, 53.82946 ], [ 10.75546, 53.83026 ], [ 10.75165, 53.83151 ], [ 10.75032, 53.83164 ], [ 10.74782, 53.83394 ], [ 10.74839, 53.83407 ], [ 10.74819, 53.83501 ], [ 10.74922, 53.83612 ], [ 10.749, 53.83654 ], [ 10.74949, 53.83728 ], [ 10.74958, 53.83839 ], [ 10.74916, 53.83849 ], [ 10.74837, 53.83948 ], [ 10.74983, 53.84141 ], [ 10.74996, 53.84318 ], [ 10.74959, 53.84423 ], [ 10.75034, 53.84527 ], [ 10.75271, 53.84628 ], [ 10.75376, 53.84744 ], [ 10.75401, 53.84892 ], [ 10.75289, 53.8497 ], [ 10.75048, 53.84967 ], [ 10.74839, 53.85018 ], [ 10.74799, 53.85111 ], [ 10.74811, 53.85169 ], [ 10.74961, 53.8523 ], [ 10.75215, 53.85404 ], [ 10.75473, 53.85504 ], [ 10.75661, 53.85657 ], [ 10.75935, 53.85788 ], [ 10.75978, 53.85877 ], [ 10.75983, 53.86119 ], [ 10.76262, 53.86329 ], [ 10.76474, 53.86372 ], [ 10.7641, 53.86552 ], [ 10.76485, 53.86693 ], [ 10.77087, 53.87122 ], [ 10.7709, 53.87278 ], [ 10.77145, 53.87328 ], [ 10.77262, 53.87388 ], [ 10.7782, 53.87488 ], [ 10.78265, 53.87336 ], [ 10.78601, 53.87355 ], [ 10.78868, 53.87429 ], [ 10.79142, 53.87558 ], [ 10.79412, 53.8761 ], [ 10.79945, 53.87599 ], [ 10.80049, 53.8763 ], [ 10.80187, 53.87682 ], [ 10.8033, 53.87784 ], [ 10.80565, 53.88032 ], [ 10.80564, 53.88119 ], [ 10.80829, 53.88314 ], [ 10.80787, 53.88389 ], [ 10.80833, 53.88403 ], [ 10.80816, 53.88484 ], [ 10.80733, 53.88484 ], [ 10.80693, 53.88567 ], [ 10.80946, 53.88592 ], [ 10.81136, 53.88652 ], [ 10.81776, 53.88986 ], [ 10.81923, 53.89351 ], [ 10.82453, 53.89266 ], [ 10.82558, 53.89275 ], [ 10.82806, 53.89417 ], [ 10.83209, 53.89418 ], [ 10.83304, 53.89457 ], [ 10.83565, 53.89694 ], [ 10.83804, 53.89565 ], [ 10.84075, 53.8952 ], [ 10.84388, 53.89616 ], [ 10.84742, 53.89678 ], [ 10.84893, 53.89843 ], [ 10.84905, 53.89909 ], [ 10.84894, 53.90051 ], [ 10.84778, 53.9037 ], [ 10.84847, 53.90497 ], [ 10.84931, 53.9053 ], [ 10.85072, 53.90489 ], [ 10.85458, 53.90456 ], [ 10.85659, 53.90494 ], [ 10.85726, 53.90543 ], [ 10.85871, 53.90884 ], [ 10.85938, 53.90931 ], [ 10.86535, 53.91116 ], [ 10.86638, 53.91193 ], [ 10.8676, 53.91217 ], [ 10.86906, 53.91308 ], [ 10.87255, 53.91349 ], [ 10.87418, 53.914 ], [ 10.8755, 53.91511 ], [ 10.87609, 53.91627 ], [ 10.87567, 53.91819 ], [ 10.87587, 53.91868 ], [ 10.87967, 53.92286 ], [ 10.88123, 53.92385 ], [ 10.88314, 53.9244 ], [ 10.88595, 53.92451 ], [ 10.8872, 53.9238 ], [ 10.88843, 53.92132 ], [ 10.88938, 53.9206 ], [ 10.89464, 53.91807 ], [ 10.89712, 53.91744 ], [ 10.90187, 53.91765 ], [ 10.90248, 53.91742 ], [ 10.90209, 53.91663 ], [ 10.90325, 53.91577 ], [ 10.90562, 53.9155 ], [ 10.9091, 53.91566 ], [ 10.91021, 53.91543 ], [ 10.91156, 53.91461 ], [ 10.91149, 53.91397 ], [ 10.90661, 53.91104 ], [ 10.90581, 53.90991 ], [ 10.90246, 53.90858 ], [ 10.90185, 53.90677 ], [ 10.90197, 53.90492 ], [ 10.90161, 53.90325 ], [ 10.90539, 53.90006 ], [ 10.90962, 53.89776 ], [ 10.9114, 53.89731 ], [ 10.91406, 53.89725 ], [ 10.92003, 53.89892 ], [ 10.92206, 53.89927 ], [ 10.92563, 53.89931 ], [ 10.92929, 53.90038 ], [ 10.93103, 53.90055 ], [ 10.93459, 53.90019 ], [ 10.93657, 53.90043 ], [ 10.94328, 53.9041 ], [ 10.94572, 53.90426 ], [ 10.94759, 53.90379 ], [ 10.94809, 53.9033 ], [ 10.9492, 53.90357 ], [ 10.95098, 53.90452 ], [ 10.9536, 53.90774 ], [ 10.95499, 53.90882 ], [ 10.95882, 53.91002 ], [ 10.961, 53.91036 ], [ 10.96268, 53.91004 ], [ 10.96001, 53.91009 ], [ 10.95934, 53.90961 ], [ 10.9618, 53.9086 ], [ 10.9623, 53.90778 ], [ 10.96376, 53.9069 ], [ 10.96582, 53.90684 ], [ 10.96843, 53.90793 ], [ 10.96863, 53.9088 ], [ 10.96846, 53.90931 ], [ 10.96772, 53.90979 ], [ 10.96779, 53.91052 ], [ 10.96672, 53.91127 ], [ 10.96519, 53.91175 ], [ 10.96546, 53.9127 ], [ 10.96431, 53.91344 ], [ 10.96057, 53.91465 ], [ 10.95724, 53.91428 ], [ 10.95402, 53.91306 ], [ 10.95296, 53.91327 ], [ 10.94971, 53.91272 ], [ 10.94645, 53.914 ], [ 10.94318, 53.91615 ], [ 10.94045, 53.91875 ], [ 10.93851, 53.91956 ], [ 10.93572, 53.91966 ], [ 10.93041, 53.91807 ], [ 10.92717, 53.92059 ], [ 10.92533, 53.92158 ], [ 10.92329, 53.92209 ], [ 10.91888, 53.92251 ], [ 10.91471, 53.92359 ], [ 10.91422, 53.92395 ], [ 10.9117, 53.92402 ], [ 10.90868, 53.92349 ], [ 10.9073, 53.92401 ], [ 10.90335, 53.924 ], [ 10.9, 53.92342 ], [ 10.89859, 53.92229 ], [ 10.89581, 53.92411 ], [ 10.89531, 53.92455 ], [ 10.89473, 53.92589 ], [ 10.8953, 53.9339 ], [ 10.89603, 53.93558 ], [ 10.89781, 53.93791 ], [ 10.90391, 53.94188 ], [ 10.90482, 53.94264 ], [ 10.9049, 53.94334 ], [ 10.9068, 53.94412 ], [ 10.90798, 53.94505 ], [ 10.90884, 53.94524 ], [ 10.90961, 53.9459 ], [ 10.90984, 53.94681 ], [ 10.90947, 53.94802 ], [ 10.90812, 53.94851 ], [ 10.90858, 53.94984 ], [ 10.90812, 53.95162 ], [ 10.90364, 53.95419 ], [ 10.90362, 53.95672 ], [ 10.90261, 53.95659 ], [ 10.88265, 53.96957 ], [ 10.88263, 53.97091 ], [ 10.88417, 53.97543 ], [ 10.8844, 53.97786 ] ] ] ] } },
{ "type": "Feature", "properties": { "stadt": "Oberhausen" }, "geometry": { "type": "Polygon", "coordinates": [ [ [ 6.86916, 51.55222 ], [ 6.85968, 51.55746 ], [ 6.86732, 51.56388 ], [ 6.86791, 51.5662 ], [ 6.86767, 51.56674 ], [ 6.86838, 51.5673 ], [ 6.86768, 51.56739 ], [ 6.86746, 51.56774 ], [ 6.86674, 51.56755 ], [ 6.86616, 51.5678 ], [ 6.86607, 51.56744 ], [ 6.86513, 51.56794 ], [ 6.86488, 51.5677 ], [ 6.86376, 51.56781 ], [ 6.86379, 51.5675 ], [ 6.86324, 51.56745 ], [ 6.86322, 51.56775 ], [ 6.86199, 51.5675 ], [ 6.86079, 51.56801 ], [ 6.86019, 51.56753 ], [ 6.85972, 51.56755 ], [ 6.85809, 51.56811 ], [ 6.85806, 51.56844 ], [ 6.8578, 51.56809 ], [ 6.85693, 51.568 ], [ 6.8562, 51.56827 ], [ 6.85617, 51.56866 ], [ 6.8553, 51.56874 ], [ 6.8552, 51.56917 ], [ 6.854, 51.56918 ], [ 6.85353, 51.56978 ], [ 6.85292, 51.56974 ], [ 6.85295, 51.57008 ], [ 6.85221, 51.57017 ], [ 6.85255, 51.57041 ], [ 6.85189, 51.57032 ], [ 6.85215, 51.57049 ], [ 6.85194, 51.5708 ], [ 6.85135, 51.57086 ], [ 6.85108, 51.57036 ], [ 6.85054, 51.57059 ], [ 6.8511, 51.57078 ], [ 6.85062, 51.57094 ], [ 6.85035, 51.57071 ], [ 6.85035, 51.57094 ], [ 6.84997, 51.57072 ], [ 6.84989, 51.57096 ], [ 6.84914, 51.57099 ], [ 6.8493, 51.57123 ], [ 6.84885, 51.57084 ], [ 6.84821, 51.57094 ], [ 6.84798, 51.57149 ], [ 6.84842, 51.57167 ], [ 6.8478, 51.5716 ], [ 6.84809, 51.57194 ], [ 6.84791, 51.57212 ], [ 6.84673, 51.57232 ], [ 6.84705, 51.57262 ], [ 6.84663, 51.57266 ], [ 6.84676, 51.57317 ], [ 6.84595, 51.57294 ], [ 6.84595, 51.57335 ], [ 6.84527, 51.5735 ], [ 6.84571, 51.57373 ], [ 6.84462, 51.57386 ], [ 6.84469, 51.57427 ], [ 6.84435, 51.57413 ], [ 6.84453, 51.57445 ], [ 6.84406, 51.57453 ], [ 6.84468, 51.5747 ], [ 6.84376, 51.575 ], [ 6.84419, 51.57512 ], [ 6.84318, 51.57519 ], [ 6.84274, 51.57544 ], [ 6.84316, 51.57563 ], [ 6.8424, 51.57556 ], [ 6.84206, 51.57589 ], [ 6.84163, 51.57556 ], [ 6.84165, 51.57584 ], [ 6.84088, 51.57609 ], [ 6.84044, 51.57582 ], [ 6.83966, 51.57625 ], [ 6.83938, 51.57594 ], [ 6.8383, 51.57621 ], [ 6.83822, 51.57647 ], [ 6.83806, 51.57612 ], [ 6.83765, 51.57634 ], [ 6.83791, 51.57652 ], [ 6.83753, 51.57663 ], [ 6.83732, 51.57735 ], [ 6.83694, 51.57748 ], [ 6.83706, 51.57787 ], [ 6.83627, 51.57778 ], [ 6.8359, 51.57802 ], [ 6.83601, 51.57838 ], [ 6.8341, 51.57811 ], [ 6.83434, 51.57846 ], [ 6.83371, 51.57885 ], [ 6.83351, 51.57958 ], [ 6.83258, 51.58 ], [ 6.82759, 51.57754 ], [ 6.82359, 51.57698 ], [ 6.81914, 51.57551 ], [ 6.81644, 51.5742 ], [ 6.81448, 51.5741 ], [ 6.8147, 51.57358 ], [ 6.81567, 51.57302 ], [ 6.81729, 51.57017 ], [ 6.81869, 51.56902 ], [ 6.81891, 51.56839 ], [ 6.82162, 51.56525 ], [ 6.80973, 51.56161 ], [ 6.8097, 51.56131 ], [ 6.80809, 51.56071 ], [ 6.80644, 51.56049 ], [ 6.80728, 51.55804 ], [ 6.79894, 51.55682 ], [ 6.79719, 51.55698 ], [ 6.7966, 51.55631 ], [ 6.79691, 51.55607 ], [ 6.79551, 51.55479 ], [ 6.79504, 51.55493 ], [ 6.78728, 51.55055 ], [ 6.78306, 51.54672 ], [ 6.78269, 51.5456 ], [ 6.7832, 51.54558 ], [ 6.78442, 51.5417 ], [ 6.78391, 51.54139 ], [ 6.78414, 51.53968 ], [ 6.78376, 51.53966 ], [ 6.78317, 51.53841 ], [ 6.78412, 51.53832 ], [ 6.78544, 51.53718 ], [ 6.78311, 51.53593 ], [ 6.78365, 51.53556 ], [ 6.784, 51.53339 ], [ 6.78485, 51.53279 ], [ 6.78362, 51.5322 ], [ 6.78471, 51.5315 ], [ 6.78358, 51.53072 ], [ 6.78368, 51.53031 ], [ 6.78207, 51.53021 ], [ 6.7815, 51.52916 ], [ 6.7824, 51.52821 ], [ 6.78222, 51.52726 ], [ 6.78182, 51.52687 ], [ 6.78203, 51.52645 ], [ 6.78115, 51.52624 ], [ 6.78112, 51.52561 ], [ 6.77855, 51.52503 ], [ 6.77762, 51.52442 ], [ 6.77744, 51.52298 ], [ 6.77995, 51.5242 ], [ 6.78128, 51.5232 ], [ 6.78428, 51.52194 ], [ 6.78387, 51.52043 ], [ 6.78604, 51.51932 ], [ 6.78704, 51.51927 ], [ 6.78802, 51.51851 ], [ 6.78881, 51.51744 ], [ 6.78878, 51.51655 ], [ 6.79514, 51.51617 ], [ 6.80937, 51.51061 ], [ 6.80902, 51.50974 ], [ 6.81001, 51.50918 ], [ 6.81035, 51.50936 ], [ 6.81124, 51.50841 ], [ 6.81418, 51.5079 ], [ 6.81397, 51.50694 ], [ 6.8201, 51.50695 ], [ 6.82162, 51.50456 ], [ 6.82087, 51.50438 ], [ 6.82293, 51.50065 ], [ 6.82239, 51.50052 ], [ 6.82322, 51.49796 ], [ 6.82411, 51.49768 ], [ 6.82424, 51.49734 ], [ 6.82434, 51.49691 ], [ 6.82291, 51.49648 ], [ 6.82347, 51.49485 ], [ 6.82285, 51.49486 ], [ 6.82281, 51.49371 ], [ 6.82349, 51.49328 ], [ 6.82236, 51.49061 ], [ 6.8226, 51.4885 ], [ 6.8234, 51.48757 ], [ 6.81989, 51.48729 ], [ 6.81679, 51.48744 ], [ 6.8164, 51.48573 ], [ 6.8103, 51.48418 ], [ 6.81184, 51.48186 ], [ 6.81377, 51.48017 ], [ 6.81368, 51.47889 ], [ 6.81274, 51.47822 ], [ 6.81321, 51.47773 ], [ 6.80858, 51.47462 ], [ 6.82216, 51.46889 ], [ 6.81891, 51.46716 ], [ 6.81477, 51.46365 ], [ 6.81417, 51.46279 ], [ 6.81427, 51.462 ], [ 6.81304, 51.46057 ], [ 6.81315, 51.4597 ], [ 6.81403, 51.4594 ], [ 6.80933, 51.45607 ], [ 6.81012, 51.45555 ], [ 6.81363, 51.45697 ], [ 6.81665, 51.457 ], [ 6.81898, 51.4565 ], [ 6.82138, 51.45545 ], [ 6.82317, 51.45417 ], [ 6.82512, 51.45213 ], [ 6.82738, 51.4487 ], [ 6.8428, 51.45064 ], [ 6.8459, 51.45804 ], [ 6.86057, 51.45794 ], [ 6.86155, 51.45855 ], [ 6.86377, 51.45868 ], [ 6.86601, 51.45854 ], [ 6.86591, 51.45822 ], [ 6.86868, 51.45771 ], [ 6.87163, 51.45813 ], [ 6.88703, 51.46649 ], [ 6.88822, 51.46687 ], [ 6.88813, 51.46707 ], [ 6.89408, 51.46865 ], [ 6.89697, 51.46978 ], [ 6.8999, 51.47146 ], [ 6.8988, 51.47269 ], [ 6.89763, 51.47243 ], [ 6.89643, 51.47374 ], [ 6.89529, 51.4743 ], [ 6.89434, 51.47625 ], [ 6.8948, 51.47824 ], [ 6.89673, 51.48125 ], [ 6.89838, 51.48104 ], [ 6.89997, 51.48576 ], [ 6.90281, 51.48594 ], [ 6.90222, 51.48839 ], [ 6.91407, 51.4895 ], [ 6.92166, 51.49143 ], [ 6.92002, 51.49429 ], [ 6.91921, 51.4965 ], [ 6.92806, 51.49773 ], [ 6.93042, 51.49907 ], [ 6.92988, 51.50022 ], [ 6.9293, 51.50008 ], [ 6.92951, 51.49984 ], [ 6.92893, 51.49954 ], [ 6.92756, 51.4999 ], [ 6.92827, 51.50171 ], [ 6.92799, 51.50212 ], [ 6.92848, 51.50229 ], [ 6.92792, 51.50305 ], [ 6.9265, 51.50362 ], [ 6.92647, 51.50392 ], [ 6.91355, 51.50185 ], [ 6.91117, 51.50188 ], [ 6.90779, 51.50253 ], [ 6.90835, 51.50385 ], [ 6.90819, 51.50597 ], [ 6.90352, 51.50971 ], [ 6.9001, 51.51125 ], [ 6.90133, 51.51251 ], [ 6.89408, 51.5157 ], [ 6.89408, 51.52345 ], [ 6.89127, 51.52445 ], [ 6.8907, 51.52509 ], [ 6.8853, 51.52739 ], [ 6.8852, 51.53652 ], [ 6.88174, 51.5384 ], [ 6.87959, 51.53782 ], [ 6.87786, 51.54372 ], [ 6.86916, 51.55222 ] ] ] } },
{ "type": "Feature", "properties": { "stadt": "Rostock" }, "geometry": { "type": "Polygon", "coordinates": [ [ [ 12.13438, 54.19003 ], [ 12.12508, 54.1844 ], [ 12.12053, 54.18214 ], [ 12.11251, 54.17939 ], [ 12.10741, 54.17837 ], [ 12.10546, 54.17834 ], [ 12.10288, 54.17891 ], [ 12.10397, 54.17981 ], [ 12.10401, 54.18065 ], [ 12.10266, 54.18261 ], [ 12.10031, 54.18427 ], [ 12.09771, 54.18497 ], [ 12.09436, 54.18479 ], [ 12.09301, 54.18628 ], [ 12.09116, 54.18721 ], [ 12.08724, 54.18694 ], [ 12.08698, 54.18633 ], [ 12.08644, 54.18685 ], [ 12.08661, 54.18494 ], [ 12.08424, 54.18377 ], [ 12.07363, 54.17989 ], [ 12.06887, 54.17899 ], [ 12.0447, 54.17652 ], [ 12.03642, 54.17621 ], [ 12.02438, 54.17658 ], [ 12.01799, 54.17723 ], [ 12.01184, 54.1783 ], [ 11.9985, 54.175 ], [ 11.9984, 54.17401 ], [ 11.99878, 54.17372 ], [ 11.99955, 54.17391 ], [ 11.99974, 54.17331 ], [ 12.00864, 54.17132 ], [ 12.01009, 54.17115 ], [ 12.01167, 54.1714 ], [ 12.01272, 54.16925 ], [ 12.0177, 54.16654 ], [ 12.01934, 54.16649 ], [ 12.02977, 54.16358 ], [ 12.03298, 54.1633 ], [ 12.02768, 54.15797 ], [ 12.02739, 54.15715 ], [ 12.02759, 54.15704 ], [ 12.02673, 54.15681 ], [ 12.02694, 54.15638 ], [ 12.02154, 54.15547 ], [ 12.02222, 54.15446 ], [ 12.0196, 54.15372 ], [ 12.02196, 54.1521 ], [ 12.02512, 54.14821 ], [ 12.02764, 54.14891 ], [ 12.02848, 54.14681 ], [ 12.02676, 54.14628 ], [ 12.02711, 54.14588 ], [ 12.02736, 54.14402 ], [ 12.02896, 54.14335 ], [ 12.02966, 54.1439 ], [ 12.03027, 54.14364 ], [ 12.0329, 54.14221 ], [ 12.0338, 54.14101 ], [ 12.03573, 54.14124 ], [ 12.03607, 54.14009 ], [ 12.03677, 54.14009 ], [ 12.03672, 54.13813 ], [ 12.03726, 54.13814 ], [ 12.0368, 54.13808 ], [ 12.0369, 54.1373 ], [ 12.03598, 54.13706 ], [ 12.03661, 54.13654 ], [ 12.03595, 54.13642 ], [ 12.03668, 54.13512 ], [ 12.03294, 54.13469 ], [ 12.03389, 54.13077 ], [ 12.03319, 54.12701 ], [ 12.03018, 54.12694 ], [ 12.02675, 54.12762 ], [ 12.0231, 54.12771 ], [ 12.01938, 54.1288 ], [ 12.01957, 54.12501 ], [ 12.02085, 54.12444 ], [ 12.0223, 54.12297 ], [ 12.02464, 54.12258 ], [ 12.03282, 54.11982 ], [ 12.0346, 54.11535 ], [ 12.03712, 54.11627 ], [ 12.03729, 54.11496 ], [ 12.03651, 54.11467 ], [ 12.03774, 54.11324 ], [ 12.03892, 54.1135 ], [ 12.03916, 54.11267 ], [ 12.03873, 54.11269 ], [ 12.03837, 54.11191 ], [ 12.0372, 54.11223 ], [ 12.0373, 54.11167 ], [ 12.03698, 54.11133 ], [ 12.03607, 54.11118 ], [ 12.03675, 54.11018 ], [ 12.03706, 54.10763 ], [ 12.04957, 54.1065 ], [ 12.04953, 54.10405 ], [ 12.05482, 54.10297 ], [ 12.05277, 54.10126 ], [ 12.05269, 54.10017 ], [ 12.0523, 54.09985 ], [ 12.05243, 54.09863 ], [ 12.05114, 54.09812 ], [ 12.05005, 54.0971 ], [ 12.05009, 54.09648 ], [ 12.05168, 54.09526 ], [ 12.04996, 54.09403 ], [ 12.04817, 54.09373 ], [ 12.04776, 54.09168 ], [ 12.051, 54.09075 ], [ 12.05272, 54.08976 ], [ 12.05351, 54.08962 ], [ 12.05375, 54.08991 ], [ 12.05768, 54.08876 ], [ 12.0586, 54.08713 ], [ 12.05917, 54.08712 ], [ 12.05928, 54.08641 ], [ 12.06014, 54.08643 ], [ 12.05984, 54.08558 ], [ 12.06012, 54.08408 ], [ 12.06387, 54.08294 ], [ 12.06444, 54.08139 ], [ 12.06473, 54.08139 ], [ 12.06281, 54.0807 ], [ 12.06125, 54.07946 ], [ 12.06022, 54.07926 ], [ 12.06219, 54.07793 ], [ 12.06143, 54.07713 ], [ 12.06195, 54.07595 ], [ 12.06053, 54.0759 ], [ 12.06599, 54.06782 ], [ 12.07063, 54.06848 ], [ 12.07281, 54.06823 ], [ 12.07365, 54.06734 ], [ 12.07338, 54.06653 ], [ 12.06902, 54.06509 ], [ 12.06421, 54.06301 ], [ 12.06463, 54.06234 ], [ 12.06343, 54.06182 ], [ 12.06494, 54.06061 ], [ 12.06389, 54.05987 ], [ 12.06492, 54.05936 ], [ 12.06672, 54.06102 ], [ 12.06838, 54.06126 ], [ 12.06846, 54.06156 ], [ 12.06984, 54.06189 ], [ 12.07023, 54.06247 ], [ 12.07245, 54.06346 ], [ 12.07292, 54.06433 ], [ 12.07315, 54.06271 ], [ 12.07292, 54.05739 ], [ 12.07241, 54.05709 ], [ 12.07368, 54.05534 ], [ 12.07743, 54.05272 ], [ 12.07869, 54.05257 ], [ 12.07875, 54.05221 ], [ 12.07944, 54.05195 ], [ 12.08168, 54.05145 ], [ 12.08549, 54.05125 ], [ 12.08601, 54.05153 ], [ 12.08809, 54.05109 ], [ 12.08867, 54.05123 ], [ 12.09004, 54.0524 ], [ 12.09143, 54.05211 ], [ 12.09497, 54.05257 ], [ 12.09617, 54.05169 ], [ 12.09634, 54.0509 ], [ 12.09662, 54.0508 ], [ 12.09732, 54.053 ], [ 12.10051, 54.05338 ], [ 12.10163, 54.05401 ], [ 12.10443, 54.0541 ], [ 12.1055, 54.05507 ], [ 12.10917, 54.05598 ], [ 12.11194, 54.05722 ], [ 12.11464, 54.05745 ], [ 12.1161, 54.05842 ], [ 12.11755, 54.05818 ], [ 12.12046, 54.05868 ], [ 12.12691, 54.05836 ], [ 12.12761, 54.0592 ], [ 12.13138, 54.05891 ], [ 12.13148, 54.0592 ], [ 12.13361, 54.05933 ], [ 12.13362, 54.05958 ], [ 12.14518, 54.05837 ], [ 12.14591, 54.0586 ], [ 12.14624, 54.06234 ], [ 12.14759, 54.06157 ], [ 12.14804, 54.06311 ], [ 12.1542, 54.06468 ], [ 12.15799, 54.06851 ], [ 12.15843, 54.0684 ], [ 12.16527, 54.07106 ], [ 12.16622, 54.06983 ], [ 12.16986, 54.06689 ], [ 12.19047, 54.06918 ], [ 12.19089, 54.07813 ], [ 12.19624, 54.08005 ], [ 12.19726, 54.08096 ], [ 12.19894, 54.08085 ], [ 12.19922, 54.08285 ], [ 12.19808, 54.08431 ], [ 12.19808, 54.08487 ], [ 12.20107, 54.09235 ], [ 12.2014, 54.09413 ], [ 12.20124, 54.09641 ], [ 12.19935, 54.10037 ], [ 12.19698, 54.10329 ], [ 12.19469, 54.10488 ], [ 12.19533, 54.10533 ], [ 12.19503, 54.10562 ], [ 12.19399, 54.10516 ], [ 12.19055, 54.10678 ], [ 12.1935, 54.10876 ], [ 12.19434, 54.10981 ], [ 12.18991, 54.10768 ], [ 12.18679, 54.10926 ], [ 12.18596, 54.10908 ], [ 12.18062, 54.11136 ], [ 12.17148, 54.11569 ], [ 12.17184, 54.11707 ], [ 12.1735, 54.11887 ], [ 12.17167, 54.12061 ], [ 12.17119, 54.12186 ], [ 12.1729, 54.12441 ], [ 12.17294, 54.12887 ], [ 12.17605, 54.12967 ], [ 12.18368, 54.13451 ], [ 12.1842, 54.13459 ], [ 12.18389, 54.13504 ], [ 12.19009, 54.14797 ], [ 12.188, 54.14831 ], [ 12.18627, 54.15476 ], [ 12.1837, 54.15558 ], [ 12.18408, 54.15676 ], [ 12.18295, 54.159 ], [ 12.17605, 54.15929 ], [ 12.17531, 54.16105 ], [ 12.17582, 54.16215 ], [ 12.17701, 54.16294 ], [ 12.19084, 54.1678 ], [ 12.19723, 54.16786 ], [ 12.20006, 54.16892 ], [ 12.2012, 54.17016 ], [ 12.20142, 54.17383 ], [ 12.20189, 54.1746 ], [ 12.20542, 54.17758 ], [ 12.20702, 54.17749 ], [ 12.20591, 54.17802 ], [ 12.20548, 54.17859 ], [ 12.20578, 54.18224 ], [ 12.21238, 54.18321 ], [ 12.21318, 54.18511 ], [ 12.22243, 54.18462 ], [ 12.22416, 54.18491 ], [ 12.22556, 54.18332 ], [ 12.22514, 54.18332 ], [ 12.22487, 54.18153 ], [ 12.22419, 54.18148 ], [ 12.22425, 54.18003 ], [ 12.22612, 54.17995 ], [ 12.2264, 54.17923 ], [ 12.22841, 54.1798 ], [ 12.22831, 54.18072 ], [ 12.22875, 54.18075 ], [ 12.22885, 54.18214 ], [ 12.23026, 54.18234 ], [ 12.23012, 54.18261 ], [ 12.23192, 54.1821 ], [ 12.23197, 54.18236 ], [ 12.24453, 54.18419 ], [ 12.25746, 54.18262 ], [ 12.25931, 54.1832 ], [ 12.25992, 54.18435 ], [ 12.26087, 54.18423 ], [ 12.26131, 54.18544 ], [ 12.26549, 54.18527 ], [ 12.26716, 54.18426 ], [ 12.2954, 54.19537 ], [ 12.28533, 54.20409 ], [ 12.27583, 54.20954 ], [ 12.27264, 54.21029 ], [ 12.27234, 54.21059 ], [ 12.27199, 54.21355 ], [ 12.2694, 54.21431 ], [ 12.26344, 54.21506 ], [ 12.26413, 54.21589 ], [ 12.26502, 54.21905 ], [ 12.26483, 54.22143 ], [ 12.26416, 54.22174 ], [ 12.26378, 54.22358 ], [ 12.26485, 54.2257 ], [ 12.26467, 54.22614 ], [ 12.26544, 54.22652 ], [ 12.26474, 54.22804 ], [ 12.26689, 54.23438 ], [ 12.2665, 54.23507 ], [ 12.26763, 54.23641 ], [ 12.2664, 54.23783 ], [ 12.26766, 54.23842 ], [ 12.26809, 54.24019 ], [ 12.26716, 54.2416 ], [ 12.26472, 54.24177 ], [ 12.26293, 54.2433 ], [ 12.26234, 54.24341 ], [ 12.25851, 54.24296 ], [ 12.25599, 54.2432 ], [ 12.2551, 54.24249 ], [ 12.2522, 54.24182 ], [ 12.25149, 54.24138 ], [ 12.24929, 54.24157 ], [ 12.2485, 54.24227 ], [ 12.24785, 54.24163 ], [ 12.24729, 54.24164 ], [ 12.24698, 54.24215 ], [ 12.24494, 54.24291 ], [ 12.24305, 54.24284 ], [ 12.23964, 54.24095 ], [ 12.23489, 54.24186 ], [ 12.23228, 54.24132 ], [ 12.22927, 54.24248 ], [ 12.22612, 54.24313 ], [ 12.22496, 54.24289 ], [ 12.22476, 54.24212 ], [ 12.20129, 54.24448 ], [ 12.19397, 54.24109 ], [ 12.1869, 54.23684 ], [ 12.18055, 54.23258 ], [ 12.1744, 54.22785 ], [ 12.16689, 54.2206 ], [ 12.15654, 54.20861 ], [ 12.15323, 54.20536 ], [ 12.14025, 54.19451 ], [ 12.13811, 54.19314 ], [ 12.13438, 54.19003 ] ] ] } },
{ "type": "Feature", "properties": { "stadt": "Kassel" }, "geometry": { "type": "MultiPolygon", "coordinates": [ [ [ [ 9.47576, 51.34591 ], [ 9.47011, 51.34509 ], [ 9.4683, 51.34248 ], [ 9.46609, 51.34246 ], [ 9.46653, 51.34489 ], [ 9.46273, 51.34507 ], [ 9.46241, 51.34659 ], [ 9.46094, 51.34663 ], [ 9.45999, 51.34365 ], [ 9.44844, 51.3472 ], [ 9.44329, 51.34679 ], [ 9.44311, 51.34757 ], [ 9.4397, 51.34774 ], [ 9.44114, 51.3488 ], [ 9.43882, 51.34985 ], [ 9.43419, 51.35076 ], [ 9.43131, 51.35066 ], [ 9.4248, 51.35352 ], [ 9.42217, 51.35417 ], [ 9.41363, 51.3525 ], [ 9.4082, 51.35191 ], [ 9.40447, 51.35223 ], [ 9.4032, 51.3516 ], [ 9.4002, 51.35084 ], [ 9.39912, 51.34975 ], [ 9.39735, 51.35114 ], [ 9.39752, 51.35278 ], [ 9.39678, 51.35376 ], [ 9.3931, 51.3528 ], [ 9.39229, 51.35196 ], [ 9.39075, 51.35182 ], [ 9.38971, 51.35086 ], [ 9.38799, 51.35175 ], [ 9.38725, 51.35138 ], [ 9.3871, 51.35069 ], [ 9.38663, 51.35049 ], [ 9.38494, 51.35083 ], [ 9.38393, 51.3507 ], [ 9.38184, 51.34872 ], [ 9.38098, 51.34704 ], [ 9.38051, 51.34695 ], [ 9.37915, 51.34515 ], [ 9.37829, 51.34465 ], [ 9.37759, 51.346 ], [ 9.3782, 51.34695 ], [ 9.37819, 51.34858 ], [ 9.37704, 51.34982 ], [ 9.37609, 51.35028 ], [ 9.37425, 51.35052 ], [ 9.37095, 51.34998 ], [ 9.36906, 51.34865 ], [ 9.36965, 51.34848 ], [ 9.37049, 51.34893 ], [ 9.37103, 51.34867 ], [ 9.37065, 51.34765 ], [ 9.37226, 51.34546 ], [ 9.37232, 51.34191 ], [ 9.3729, 51.34197 ], [ 9.37379, 51.34146 ], [ 9.37339, 51.34138 ], [ 9.3734, 51.34089 ], [ 9.3725, 51.33971 ], [ 9.37271, 51.33913 ], [ 9.37232, 51.33886 ], [ 9.37247, 51.3382 ], [ 9.37389, 51.33746 ], [ 9.37412, 51.33705 ], [ 9.3739, 51.33672 ], [ 9.37424, 51.33649 ], [ 9.37416, 51.33493 ], [ 9.37473, 51.33463 ], [ 9.37459, 51.33448 ], [ 9.37532, 51.33425 ], [ 9.37612, 51.33331 ], [ 9.37721, 51.33274 ], [ 9.37793, 51.33203 ], [ 9.37791, 51.33161 ], [ 9.3786, 51.33165 ], [ 9.37931, 51.33111 ], [ 9.37979, 51.32958 ], [ 9.38072, 51.32976 ], [ 9.38073, 51.3292 ], [ 9.38031, 51.32922 ], [ 9.38069, 51.32856 ], [ 9.38013, 51.32855 ], [ 9.38015, 51.32827 ], [ 9.38065, 51.32811 ], [ 9.38027, 51.32791 ], [ 9.38058, 51.32774 ], [ 9.3803, 51.32731 ], [ 9.38108, 51.32709 ], [ 9.38033, 51.32631 ], [ 9.38054, 51.3254 ], [ 9.38035, 51.32474 ], [ 9.37891, 51.3233 ], [ 9.38198, 51.31973 ], [ 9.38113, 51.31945 ], [ 9.3796, 51.31809 ], [ 9.37915, 51.31835 ], [ 9.3778, 51.31825 ], [ 9.37755, 51.31748 ], [ 9.36815, 51.31685 ], [ 9.36124, 51.31519 ], [ 9.35566, 51.31614 ], [ 9.35568, 51.313 ], [ 9.35634, 51.31192 ], [ 9.35678, 51.31014 ], [ 9.35744, 51.30952 ], [ 9.35102, 51.30713 ], [ 9.35494, 51.30609 ], [ 9.35773, 51.30608 ], [ 9.3574, 51.30366 ], [ 9.35837, 51.30243 ], [ 9.36286, 51.2994 ], [ 9.3628, 51.29722 ], [ 9.36372, 51.29515 ], [ 9.3635, 51.29405 ], [ 9.3624, 51.29257 ], [ 9.36968, 51.29325 ], [ 9.37005, 51.29143 ], [ 9.36772, 51.28761 ], [ 9.36757, 51.28602 ], [ 9.36835, 51.28614 ], [ 9.36841, 51.28576 ], [ 9.37562, 51.28144 ], [ 9.3761, 51.2813 ], [ 9.37654, 51.28207 ], [ 9.37957, 51.28334 ], [ 9.38174, 51.28479 ], [ 9.38223, 51.28556 ], [ 9.38865, 51.28554 ], [ 9.38899, 51.28518 ], [ 9.38771, 51.28402 ], [ 9.38732, 51.28271 ], [ 9.38764, 51.28229 ], [ 9.38928, 51.28207 ], [ 9.38974, 51.2814 ], [ 9.39064, 51.2813 ], [ 9.3962, 51.2818 ], [ 9.39705, 51.28161 ], [ 9.39712, 51.28114 ], [ 9.3984, 51.2803 ], [ 9.39801, 51.27943 ], [ 9.40056, 51.2803 ], [ 9.40475, 51.27953 ], [ 9.40549, 51.28008 ], [ 9.4044, 51.27819 ], [ 9.41163, 51.27541 ], [ 9.41583, 51.27288 ], [ 9.41883, 51.27217 ], [ 9.41863, 51.27115 ], [ 9.41907, 51.27076 ], [ 9.42364, 51.26912 ], [ 9.42794, 51.26819 ], [ 9.43435, 51.26758 ], [ 9.43405, 51.26742 ], [ 9.44064, 51.26717 ], [ 9.44816, 51.26564 ], [ 9.44967, 51.26613 ], [ 9.45214, 51.26588 ], [ 9.45256, 51.26513 ], [ 9.45376, 51.26464 ], [ 9.45473, 51.26357 ], [ 9.4601, 51.26215 ], [ 9.4754, 51.26136 ], [ 9.48271, 51.26038 ], [ 9.48324, 51.26129 ], [ 9.48261, 51.2614 ], [ 9.48285, 51.26343 ], [ 9.48601, 51.26576 ], [ 9.48548, 51.26627 ], [ 9.48659, 51.2683 ], [ 9.48683, 51.26962 ], [ 9.49005, 51.26981 ], [ 9.48994, 51.2704 ], [ 9.49082, 51.27046 ], [ 9.49031, 51.27331 ], [ 9.49103, 51.27623 ], [ 9.491, 51.2777 ], [ 9.49019, 51.28411 ], [ 9.49676, 51.28331 ], [ 9.49513, 51.27866 ], [ 9.49542, 51.27698 ], [ 9.49626, 51.27582 ], [ 9.50077, 51.27586 ], [ 9.5072, 51.27449 ], [ 9.508, 51.27471 ], [ 9.50811, 51.27444 ], [ 9.50827, 51.27474 ], [ 9.51337, 51.27448 ], [ 9.51343, 51.27275 ], [ 9.52054, 51.27256 ], [ 9.52148, 51.27195 ], [ 9.53154, 51.2778 ], [ 9.5282, 51.2779 ], [ 9.52505, 51.28105 ], [ 9.52057, 51.28378 ], [ 9.52476, 51.28539 ], [ 9.52781, 51.286 ], [ 9.53002, 51.28704 ], [ 9.53224, 51.28719 ], [ 9.5351, 51.2885 ], [ 9.53808, 51.28806 ], [ 9.53879, 51.28714 ], [ 9.54029, 51.28634 ], [ 9.5405, 51.28571 ], [ 9.54157, 51.28512 ], [ 9.54342, 51.28475 ], [ 9.54463, 51.28503 ], [ 9.55821, 51.29306 ], [ 9.55853, 51.29291 ], [ 9.56006, 51.29451 ], [ 9.56039, 51.29452 ], [ 9.56021, 51.29462 ], [ 9.56125, 51.29595 ], [ 9.56229, 51.29862 ], [ 9.56177, 51.30013 ], [ 9.56184, 51.30115 ], [ 9.56059, 51.30483 ], [ 9.55982, 51.30612 ], [ 9.55927, 51.30852 ], [ 9.56167, 51.30858 ], [ 9.56138, 51.30872 ], [ 9.56147, 51.30954 ], [ 9.5603, 51.31032 ], [ 9.56058, 51.31141 ], [ 9.55988, 51.31138 ], [ 9.55964, 51.31076 ], [ 9.55665, 51.31179 ], [ 9.5564, 51.31086 ], [ 9.55185, 51.31115 ], [ 9.54701, 51.31206 ], [ 9.54657, 51.31141 ], [ 9.54335, 51.31257 ], [ 9.54359, 51.31282 ], [ 9.53899, 51.31444 ], [ 9.53851, 51.31423 ], [ 9.53719, 51.31536 ], [ 9.5355, 51.31476 ], [ 9.53453, 51.31658 ], [ 9.53226, 51.31591 ], [ 9.53243, 51.31687 ], [ 9.53211, 51.31769 ], [ 9.53162, 51.31757 ], [ 9.53065, 51.31812 ], [ 9.53193, 51.31917 ], [ 9.53379, 51.31949 ], [ 9.53467, 51.32018 ], [ 9.53637, 51.32079 ], [ 9.53731, 51.32196 ], [ 9.53897, 51.32196 ], [ 9.54057, 51.32256 ], [ 9.54085, 51.32366 ], [ 9.53954, 51.32537 ], [ 9.53962, 51.32643 ], [ 9.54059, 51.32711 ], [ 9.54387, 51.32828 ], [ 9.54865, 51.32908 ], [ 9.55131, 51.32845 ], [ 9.55823, 51.32855 ], [ 9.56362, 51.32773 ], [ 9.567, 51.32859 ], [ 9.56895, 51.33012 ], [ 9.56942, 51.3308 ], [ 9.57007, 51.33371 ], [ 9.56966, 51.33804 ], [ 9.56931, 51.33893 ], [ 9.56592, 51.34244 ], [ 9.55921, 51.34745 ], [ 9.55726, 51.35182 ], [ 9.5512, 51.35294 ], [ 9.54962, 51.35276 ], [ 9.54677, 51.35052 ], [ 9.54682, 51.34989 ], [ 9.54576, 51.34926 ], [ 9.54443, 51.34916 ], [ 9.54126, 51.34334 ], [ 9.53975, 51.33959 ], [ 9.53817, 51.33781 ], [ 9.53513, 51.33878 ], [ 9.53014, 51.33827 ], [ 9.52928, 51.33996 ], [ 9.52924, 51.34081 ], [ 9.52476, 51.34017 ], [ 9.52215, 51.34047 ], [ 9.52169, 51.34147 ], [ 9.51915, 51.34178 ], [ 9.51846, 51.34102 ], [ 9.51319, 51.3423 ], [ 9.51096, 51.34254 ], [ 9.51053, 51.34398 ], [ 9.50392, 51.34279 ], [ 9.50397, 51.34331 ], [ 9.50448, 51.34366 ], [ 9.50422, 51.3446 ], [ 9.50437, 51.34719 ], [ 9.50303, 51.34687 ], [ 9.4996, 51.35142 ], [ 9.49669, 51.35191 ], [ 9.49694, 51.35252 ], [ 9.49659, 51.35258 ], [ 9.49615, 51.35264 ], [ 9.49335, 51.35121 ], [ 9.49059, 51.34873 ], [ 9.48878, 51.34838 ], [ 9.48778, 51.34734 ], [ 9.48557, 51.34635 ], [ 9.47893, 51.34576 ], [ 9.47576, 51.34591 ] ] ], [ [ [ 9.53006, 51.3636 ], [ 9.529, 51.36425 ], [ 9.53051, 51.36334 ], [ 9.53006, 51.3636 ] ] ], [ [ [ 9.5456, 51.3586 ], [ 9.54571, 51.35953 ], [ 9.54856, 51.3588 ], [ 9.54858, 51.3592 ], [ 9.55083, 51.36227 ], [ 9.5435, 51.36441 ], [ 9.54082, 51.36787 ], [ 9.53938, 51.3688 ], [ 9.53389, 51.3694 ], [ 9.53186, 51.36882 ], [ 9.53122, 51.36765 ], [ 9.53069, 51.36581 ], [ 9.53095, 51.36573 ], [ 9.53031, 51.36482 ], [ 9.53057, 51.36404 ], [ 9.53177, 51.3628 ], [ 9.53749, 51.36061 ], [ 9.54064, 51.36074 ], [ 9.54536, 51.35954 ], [ 9.54532, 51.35888 ], [ 9.5431, 51.35913 ], [ 9.5456, 51.3586 ] ] ] ] } },
{ "type": "Feature", "properties": { "stadt": "Hagen" }, "geometry": { "type": "Polygon", "coordinates": [ [ [ 7.53372, 51.39527 ], [ 7.53119, 51.39567 ], [ 7.53163, 51.39668 ], [ 7.53203, 51.3967 ], [ 7.5319, 51.39794 ], [ 7.53154, 51.3978 ], [ 7.53117, 51.39858 ], [ 7.53123, 51.39951 ], [ 7.53267, 51.40235 ], [ 7.53334, 51.40303 ], [ 7.53473, 51.4037 ], [ 7.5346, 51.40417 ], [ 7.53541, 51.4053 ], [ 7.53414, 51.40552 ], [ 7.53386, 51.40638 ], [ 7.53001, 51.40742 ], [ 7.52963, 51.40666 ], [ 7.52393, 51.40762 ], [ 7.52352, 51.40815 ], [ 7.52241, 51.40801 ], [ 7.52075, 51.40847 ], [ 7.52063, 51.40887 ], [ 7.51813, 51.40965 ], [ 7.51685, 51.41073 ], [ 7.51689, 51.41099 ], [ 7.51632, 51.41122 ], [ 7.51551, 51.41233 ], [ 7.5142, 51.41296 ], [ 7.50559, 51.41408 ], [ 7.51083, 51.41784 ], [ 7.50631, 51.41855 ], [ 7.50016, 51.41821 ], [ 7.49634, 51.4171 ], [ 7.49296, 51.41572 ], [ 7.49177, 51.41649 ], [ 7.49162, 51.41627 ], [ 7.48638, 51.41793 ], [ 7.48177, 51.41762 ], [ 7.47589, 51.41771 ], [ 7.46394, 51.41677 ], [ 7.46219, 51.4163 ], [ 7.45919, 51.41487 ], [ 7.45711, 51.41343 ], [ 7.45494, 51.41173 ], [ 7.45517, 51.41142 ], [ 7.45309, 51.41005 ], [ 7.45185, 51.40858 ], [ 7.45081, 51.40643 ], [ 7.45026, 51.40369 ], [ 7.45033, 51.39999 ], [ 7.45073, 51.3991 ], [ 7.44555, 51.39686 ], [ 7.44074, 51.39394 ], [ 7.43877, 51.3934 ], [ 7.43615, 51.39389 ], [ 7.43517, 51.39294 ], [ 7.43493, 51.39192 ], [ 7.43303, 51.39211 ], [ 7.43167, 51.39266 ], [ 7.43035, 51.39365 ], [ 7.43056, 51.39452 ], [ 7.42865, 51.39557 ], [ 7.42899, 51.39591 ], [ 7.42516, 51.3971 ], [ 7.42008, 51.40047 ], [ 7.41623, 51.40157 ], [ 7.41373, 51.4012 ], [ 7.40406, 51.39611 ], [ 7.40255, 51.39436 ], [ 7.40224, 51.39282 ], [ 7.4032, 51.39109 ], [ 7.404, 51.38856 ], [ 7.40385, 51.38344 ], [ 7.40778, 51.38364 ], [ 7.40677, 51.38325 ], [ 7.40714, 51.3823 ], [ 7.40758, 51.38199 ], [ 7.40506, 51.38051 ], [ 7.40613, 51.38044 ], [ 7.4072, 51.37949 ], [ 7.4051, 51.37806 ], [ 7.40231, 51.37513 ], [ 7.40115, 51.37435 ], [ 7.39911, 51.374 ], [ 7.39695, 51.37454 ], [ 7.39786, 51.37394 ], [ 7.3954, 51.37259 ], [ 7.39493, 51.37202 ], [ 7.39566, 51.37178 ], [ 7.39506, 51.37103 ], [ 7.39521, 51.37086 ], [ 7.39487, 51.37047 ], [ 7.39275, 51.36975 ], [ 7.39349, 51.36899 ], [ 7.39136, 51.36681 ], [ 7.39152, 51.36662 ], [ 7.39042, 51.36621 ], [ 7.391, 51.36559 ], [ 7.3903, 51.36544 ], [ 7.39078, 51.36496 ], [ 7.39129, 51.36493 ], [ 7.39255, 51.36324 ], [ 7.39306, 51.36347 ], [ 7.39595, 51.36047 ], [ 7.38959, 51.35923 ], [ 7.38779, 51.35779 ], [ 7.38974, 51.35628 ], [ 7.39009, 51.3555 ], [ 7.3905, 51.35558 ], [ 7.39093, 51.35524 ], [ 7.39161, 51.35546 ], [ 7.39295, 51.35416 ], [ 7.39426, 51.35452 ], [ 7.39455, 51.35322 ], [ 7.39313, 51.35363 ], [ 7.38981, 51.35222 ], [ 7.38788, 51.35188 ], [ 7.38453, 51.35239 ], [ 7.38102, 51.35145 ], [ 7.38121, 51.35116 ], [ 7.38064, 51.35101 ], [ 7.38044, 51.3513 ], [ 7.3799, 51.35115 ], [ 7.37718, 51.3484 ], [ 7.37794, 51.34733 ], [ 7.37721, 51.34624 ], [ 7.37711, 51.34471 ], [ 7.37632, 51.34379 ], [ 7.37643, 51.34315 ], [ 7.37589, 51.34272 ], [ 7.37698, 51.34183 ], [ 7.3785, 51.34148 ], [ 7.37862, 51.34111 ], [ 7.37973, 51.34051 ], [ 7.3808, 51.34043 ], [ 7.38208, 51.33891 ], [ 7.38191, 51.33867 ], [ 7.38287, 51.33809 ], [ 7.38301, 51.3375 ], [ 7.38664, 51.33751 ], [ 7.38519, 51.33778 ], [ 7.38792, 51.33868 ], [ 7.39008, 51.34018 ], [ 7.39144, 51.34038 ], [ 7.39179, 51.3399 ], [ 7.39142, 51.33926 ], [ 7.39166, 51.33829 ], [ 7.39089, 51.33783 ], [ 7.3919, 51.33713 ], [ 7.3923, 51.33626 ], [ 7.39373, 51.33532 ], [ 7.39496, 51.33221 ], [ 7.39497, 51.33102 ], [ 7.39549, 51.33052 ], [ 7.39477, 51.32953 ], [ 7.3949, 51.32905 ], [ 7.39436, 51.3276 ], [ 7.3933, 51.32632 ], [ 7.3934, 51.32552 ], [ 7.39812, 51.33229 ], [ 7.40076, 51.33096 ], [ 7.402, 51.33124 ], [ 7.40538, 51.33092 ], [ 7.40544, 51.33115 ], [ 7.41157, 51.33054 ], [ 7.41105, 51.32994 ], [ 7.41014, 51.32989 ], [ 7.41009, 51.3274 ], [ 7.41035, 51.32678 ], [ 7.41107, 51.32668 ], [ 7.41128, 51.32763 ], [ 7.4123, 51.32763 ], [ 7.4128, 51.32872 ], [ 7.41697, 51.32824 ], [ 7.41782, 51.3287 ], [ 7.41821, 51.32838 ], [ 7.41894, 51.32873 ], [ 7.41837, 51.32897 ], [ 7.41896, 51.3296 ], [ 7.42155, 51.33051 ], [ 7.42203, 51.32956 ], [ 7.42258, 51.32959 ], [ 7.42394, 51.328 ], [ 7.42248, 51.32671 ], [ 7.42148, 51.32462 ], [ 7.42118, 51.32451 ], [ 7.42101, 51.32488 ], [ 7.42059, 51.32441 ], [ 7.42068, 51.32315 ], [ 7.42106, 51.32255 ], [ 7.42362, 51.32117 ], [ 7.42388, 51.31984 ], [ 7.42259, 51.31868 ], [ 7.4215, 51.31838 ], [ 7.41878, 51.31679 ], [ 7.41884, 51.3154 ], [ 7.4161, 51.3154 ], [ 7.41498, 51.3139 ], [ 7.41672, 51.31202 ], [ 7.41869, 51.31095 ], [ 7.41435, 51.3108 ], [ 7.40553, 51.30843 ], [ 7.40773, 51.30548 ], [ 7.4062, 51.3038 ], [ 7.40935, 51.30184 ], [ 7.40603, 51.30084 ], [ 7.40553, 51.30155 ], [ 7.40471, 51.30177 ], [ 7.40005, 51.30185 ], [ 7.39991, 51.30168 ], [ 7.40109, 51.30072 ], [ 7.40053, 51.29998 ], [ 7.40121, 51.29984 ], [ 7.40079, 51.29959 ], [ 7.40327, 51.30035 ], [ 7.40444, 51.29842 ], [ 7.40505, 51.29859 ], [ 7.40768, 51.29783 ], [ 7.40853, 51.29688 ], [ 7.40843, 51.2966 ], [ 7.41093, 51.29673 ], [ 7.41433, 51.29399 ], [ 7.41509, 51.29441 ], [ 7.41553, 51.29541 ], [ 7.41646, 51.29566 ], [ 7.41647, 51.29508 ], [ 7.41851, 51.29444 ], [ 7.42023, 51.29467 ], [ 7.42266, 51.29558 ], [ 7.42938, 51.29452 ], [ 7.42927, 51.29397 ], [ 7.42851, 51.29338 ], [ 7.43056, 51.29189 ], [ 7.42955, 51.29147 ], [ 7.4319, 51.29124 ], [ 7.43243, 51.28991 ], [ 7.43452, 51.29074 ], [ 7.43515, 51.29157 ], [ 7.4364, 51.29102 ], [ 7.43548, 51.2919 ], [ 7.43562, 51.29238 ], [ 7.43689, 51.29305 ], [ 7.43344, 51.29484 ], [ 7.43579, 51.29721 ], [ 7.43848, 51.29791 ], [ 7.43782, 51.29967 ], [ 7.43432, 51.29873 ], [ 7.43253, 51.29728 ], [ 7.42902, 51.29773 ], [ 7.4275, 51.29941 ], [ 7.42755, 51.2997 ], [ 7.42798, 51.30103 ], [ 7.42856, 51.30173 ], [ 7.4299, 51.30244 ], [ 7.42974, 51.3026 ], [ 7.4314, 51.30311 ], [ 7.43112, 51.30331 ], [ 7.43291, 51.30422 ], [ 7.43385, 51.30502 ], [ 7.43402, 51.30584 ], [ 7.43477, 51.30597 ], [ 7.43503, 51.30633 ], [ 7.43417, 51.30695 ], [ 7.4345, 51.30832 ], [ 7.43372, 51.30928 ], [ 7.43369, 51.31009 ], [ 7.43524, 51.31125 ], [ 7.43661, 51.31324 ], [ 7.43868, 51.31279 ], [ 7.4394, 51.31202 ], [ 7.44025, 51.31177 ], [ 7.4396, 51.31214 ], [ 7.43911, 51.31468 ], [ 7.43979, 51.31616 ], [ 7.44048, 51.31598 ], [ 7.44, 51.31525 ], [ 7.4402, 51.31507 ], [ 7.44316, 51.31577 ], [ 7.44861, 51.31509 ], [ 7.4517, 51.31694 ], [ 7.4522, 51.3165 ], [ 7.4535, 51.31717 ], [ 7.45405, 51.31662 ], [ 7.45685, 51.31553 ], [ 7.45772, 51.31443 ], [ 7.4592, 51.31342 ], [ 7.45874, 51.31281 ], [ 7.45923, 51.3123 ], [ 7.45913, 51.3125 ], [ 7.45972, 51.31306 ], [ 7.46025, 51.31307 ], [ 7.46033, 51.31349 ], [ 7.46099, 51.31399 ], [ 7.46025, 51.31538 ], [ 7.46204, 51.31843 ], [ 7.46299, 51.31887 ], [ 7.46484, 51.31826 ], [ 7.46396, 51.31823 ], [ 7.46441, 51.31806 ], [ 7.46647, 51.3181 ], [ 7.46703, 51.31784 ], [ 7.46735, 51.3173 ], [ 7.46695, 51.31663 ], [ 7.46734, 51.31694 ], [ 7.46825, 51.31678 ], [ 7.46937, 51.31752 ], [ 7.46967, 51.31727 ], [ 7.46943, 51.31709 ], [ 7.47067, 51.31724 ], [ 7.47103, 51.31758 ], [ 7.47852, 51.31717 ], [ 7.47863, 51.31766 ], [ 7.48052, 51.31674 ], [ 7.4854, 51.31596 ], [ 7.48531, 51.31511 ], [ 7.4847, 51.31464 ], [ 7.48468, 51.31402 ], [ 7.48905, 51.31334 ], [ 7.49103, 51.31506 ], [ 7.49439, 51.31699 ], [ 7.49483, 51.31586 ], [ 7.49566, 51.31616 ], [ 7.49575, 51.31661 ], [ 7.49712, 51.31696 ], [ 7.5002, 51.316 ], [ 7.50398, 51.31587 ], [ 7.50298, 51.31167 ], [ 7.50344, 51.31096 ], [ 7.50529, 51.30981 ], [ 7.50545, 51.3088 ], [ 7.50736, 51.30648 ], [ 7.50812, 51.30641 ], [ 7.50807, 51.30556 ], [ 7.5071, 51.30571 ], [ 7.50622, 51.30501 ], [ 7.50536, 51.30247 ], [ 7.504, 51.30171 ], [ 7.50338, 51.30096 ], [ 7.50122, 51.30006 ], [ 7.50085, 51.29864 ], [ 7.49945, 51.297 ], [ 7.49901, 51.29563 ], [ 7.4988, 51.29635 ], [ 7.49911, 51.29669 ], [ 7.49679, 51.29693 ], [ 7.49581, 51.29568 ], [ 7.49661, 51.29503 ], [ 7.49494, 51.29503 ], [ 7.49644, 51.29378 ], [ 7.49551, 51.29315 ], [ 7.4909, 51.29312 ], [ 7.48996, 51.29373 ], [ 7.48884, 51.29583 ], [ 7.486, 51.29504 ], [ 7.48643, 51.29439 ], [ 7.48356, 51.29299 ], [ 7.48456, 51.2921 ], [ 7.48506, 51.29077 ], [ 7.48292, 51.28959 ], [ 7.48212, 51.28959 ], [ 7.482, 51.28839 ], [ 7.48027, 51.28854 ], [ 7.48093, 51.28632 ], [ 7.47978, 51.28678 ], [ 7.47945, 51.28659 ], [ 7.48137, 51.28527 ], [ 7.4812, 51.28423 ], [ 7.48041, 51.28297 ], [ 7.48131, 51.28195 ], [ 7.48177, 51.27973 ], [ 7.48351, 51.2794 ], [ 7.48599, 51.27779 ], [ 7.4874, 51.2781 ], [ 7.48858, 51.27788 ], [ 7.49012, 51.27616 ], [ 7.4899, 51.27574 ], [ 7.49229, 51.27483 ], [ 7.4939, 51.27437 ], [ 7.49482, 51.27448 ], [ 7.49898, 51.27312 ], [ 7.49928, 51.27336 ], [ 7.50022, 51.27327 ], [ 7.50052, 51.2737 ], [ 7.50537, 51.27347 ], [ 7.50524, 51.27291 ], [ 7.50869, 51.27199 ], [ 7.51022, 51.27298 ], [ 7.51094, 51.2745 ], [ 7.5121, 51.27537 ], [ 7.51274, 51.27451 ], [ 7.51453, 51.27408 ], [ 7.51496, 51.27547 ], [ 7.5146, 51.27558 ], [ 7.5163, 51.27725 ], [ 7.51713, 51.27689 ], [ 7.51651, 51.27641 ], [ 7.51807, 51.27559 ], [ 7.51734, 51.27513 ], [ 7.51855, 51.2742 ], [ 7.51842, 51.27348 ], [ 7.51774, 51.27307 ], [ 7.51742, 51.27246 ], [ 7.51782, 51.27051 ], [ 7.52097, 51.27009 ], [ 7.51891, 51.26679 ], [ 7.51877, 51.26566 ], [ 7.5194, 51.26488 ], [ 7.52157, 51.26566 ], [ 7.5236, 51.26542 ], [ 7.52492, 51.26611 ], [ 7.5247, 51.26614 ], [ 7.52532, 51.26682 ], [ 7.52758, 51.26679 ], [ 7.52846, 51.26787 ], [ 7.52813, 51.26836 ], [ 7.52814, 51.26921 ], [ 7.52982, 51.27009 ], [ 7.53084, 51.26938 ], [ 7.5331, 51.27047 ], [ 7.53412, 51.27011 ], [ 7.53473, 51.2706 ], [ 7.53513, 51.27012 ], [ 7.536, 51.27033 ], [ 7.53721, 51.26838 ], [ 7.53952, 51.26893 ], [ 7.54179, 51.26996 ], [ 7.54187, 51.26951 ], [ 7.54292, 51.26842 ], [ 7.54536, 51.26917 ], [ 7.54603, 51.26892 ], [ 7.54903, 51.26918 ], [ 7.54903, 51.27042 ], [ 7.54842, 51.27082 ], [ 7.54917, 51.27271 ], [ 7.54853, 51.27287 ], [ 7.54953, 51.27351 ], [ 7.54897, 51.27396 ], [ 7.5504, 51.27525 ], [ 7.55027, 51.27575 ], [ 7.55062, 51.27615 ], [ 7.55272, 51.27659 ], [ 7.55357, 51.27623 ], [ 7.55878, 51.27856 ], [ 7.55894, 51.27917 ], [ 7.56073, 51.27902 ], [ 7.56079, 51.27948 ], [ 7.56547, 51.28019 ], [ 7.56614, 51.28187 ], [ 7.56596, 51.28359 ], [ 7.56647, 51.2842 ], [ 7.567, 51.28578 ], [ 7.56836, 51.287 ], [ 7.56797, 51.28884 ], [ 7.56904, 51.28957 ], [ 7.56878, 51.28995 ], [ 7.56901, 51.29028 ], [ 7.5701, 51.29092 ], [ 7.57236, 51.29024 ], [ 7.57293, 51.29122 ], [ 7.5736, 51.29149 ], [ 7.57195, 51.29224 ], [ 7.57623, 51.2928 ], [ 7.57879, 51.29388 ], [ 7.58032, 51.29491 ], [ 7.57998, 51.29577 ], [ 7.58039, 51.29621 ], [ 7.58272, 51.29562 ], [ 7.58219, 51.29694 ], [ 7.5832, 51.2988 ], [ 7.58285, 51.29959 ], [ 7.58326, 51.30045 ], [ 7.58327, 51.30142 ], [ 7.5829, 51.30164 ], [ 7.58242, 51.30283 ], [ 7.58254, 51.30371 ], [ 7.58471, 51.30551 ], [ 7.58491, 51.30574 ], [ 7.58445, 51.30587 ], [ 7.58462, 51.30606 ], [ 7.58582, 51.30617 ], [ 7.58539, 51.30625 ], [ 7.58526, 51.30712 ], [ 7.58407, 51.30772 ], [ 7.58184, 51.30812 ], [ 7.5807, 51.30938 ], [ 7.58032, 51.31066 ], [ 7.57972, 51.3112 ], [ 7.57903, 51.31543 ], [ 7.57847, 51.3164 ], [ 7.58067, 51.31697 ], [ 7.58054, 51.3176 ], [ 7.58352, 51.31782 ], [ 7.58326, 51.31828 ], [ 7.5837, 51.31823 ], [ 7.58439, 51.31949 ], [ 7.58215, 51.31981 ], [ 7.58148, 51.32051 ], [ 7.58044, 51.3205 ], [ 7.58101, 51.32172 ], [ 7.57785, 51.32268 ], [ 7.57964, 51.32494 ], [ 7.57662, 51.32831 ], [ 7.57675, 51.33025 ], [ 7.57875, 51.33158 ], [ 7.58327, 51.33297 ], [ 7.5821, 51.33387 ], [ 7.5826, 51.33528 ], [ 7.58356, 51.33613 ], [ 7.58783, 51.33688 ], [ 7.58899, 51.33794 ], [ 7.58919, 51.3389 ], [ 7.5933, 51.3393 ], [ 7.59357, 51.34074 ], [ 7.59326, 51.34374 ], [ 7.59678, 51.34466 ], [ 7.5989, 51.34653 ], [ 7.5973, 51.34752 ], [ 7.59531, 51.35077 ], [ 7.59328, 51.35094 ], [ 7.59287, 51.35182 ], [ 7.5936, 51.35216 ], [ 7.59173, 51.35477 ], [ 7.59098, 51.35685 ], [ 7.5896, 51.35879 ], [ 7.58922, 51.36013 ], [ 7.58839, 51.36063 ], [ 7.58752, 51.36313 ], [ 7.58792, 51.36336 ], [ 7.58714, 51.36324 ], [ 7.58709, 51.36365 ], [ 7.58763, 51.36373 ], [ 7.58751, 51.36449 ], [ 7.58705, 51.3645 ], [ 7.58603, 51.36862 ], [ 7.58594, 51.37302 ], [ 7.5848, 51.37724 ], [ 7.58412, 51.37765 ], [ 7.58679, 51.37985 ], [ 7.58918, 51.38331 ], [ 7.59019, 51.38404 ], [ 7.59062, 51.38487 ], [ 7.5901, 51.3858 ], [ 7.58857, 51.38594 ], [ 7.58783, 51.38654 ], [ 7.5874, 51.38723 ], [ 7.5877, 51.38733 ], [ 7.58745, 51.38799 ], [ 7.58765, 51.38847 ], [ 7.58736, 51.38861 ], [ 7.5874, 51.3891 ], [ 7.58686, 51.3894 ], [ 7.58681, 51.39021 ], [ 7.58451, 51.39084 ], [ 7.58418, 51.39069 ], [ 7.58408, 51.39114 ], [ 7.58219, 51.39209 ], [ 7.5807, 51.39246 ], [ 7.58036, 51.39326 ], [ 7.5794, 51.39343 ], [ 7.57967, 51.39403 ], [ 7.57896, 51.3944 ], [ 7.57644, 51.39498 ], [ 7.57544, 51.39447 ], [ 7.57542, 51.39498 ], [ 7.57605, 51.3953 ], [ 7.57624, 51.39652 ], [ 7.57425, 51.39634 ], [ 7.57148, 51.39553 ], [ 7.57136, 51.39648 ], [ 7.56807, 51.39795 ], [ 7.56617, 51.39828 ], [ 7.55759, 51.39822 ], [ 7.55167, 51.39921 ], [ 7.54988, 51.39888 ], [ 7.5463, 51.39738 ], [ 7.54115, 51.39593 ], [ 7.53372, 51.39527 ] ] ] } },
{ "type": "Feature", "properties": { "stadt": "Potsdam" }, "geometry": { "type": "Polygon", "coordinates": [ [ [ 13.09019, 52.41273 ], [ 13.09021, 52.41355 ], [ 13.08835, 52.41963 ], [ 13.09584, 52.42198 ], [ 13.09772, 52.42347 ], [ 13.0984, 52.42489 ], [ 13.09931, 52.42534 ], [ 13.09998, 52.42545 ], [ 13.1016, 52.42464 ], [ 13.10457, 52.42398 ], [ 13.10541, 52.42528 ], [ 13.10692, 52.42565 ], [ 13.10802, 52.42666 ], [ 13.11278, 52.4292 ], [ 13.11207, 52.43231 ], [ 13.11393, 52.43297 ], [ 13.11722, 52.43616 ], [ 13.12214, 52.43788 ], [ 13.12315, 52.43871 ], [ 13.12312, 52.43962 ], [ 13.11977, 52.44171 ], [ 13.11902, 52.44297 ], [ 13.11901, 52.44401 ], [ 13.11536, 52.44565 ], [ 13.10929, 52.45063 ], [ 13.11201, 52.45438 ], [ 13.11267, 52.45769 ], [ 13.11241, 52.45899 ], [ 13.1105, 52.46 ], [ 13.11134, 52.46186 ], [ 13.11143, 52.46373 ], [ 13.11056, 52.46566 ], [ 13.11186, 52.46745 ], [ 13.11395, 52.46862 ], [ 13.11379, 52.4698 ], [ 13.11621, 52.47168 ], [ 13.11723, 52.47328 ], [ 13.11769, 52.47732 ], [ 13.12628, 52.47866 ], [ 13.12833, 52.47982 ], [ 13.14959, 52.49631 ], [ 13.15722, 52.50162 ], [ 13.13892, 52.50245 ], [ 13.13696, 52.50136 ], [ 13.13381, 52.49864 ], [ 13.12828, 52.4949 ], [ 13.12009, 52.49075 ], [ 13.1157, 52.49159 ], [ 13.11543, 52.49109 ], [ 13.09805, 52.49429 ], [ 13.09565, 52.47419 ], [ 13.09607, 52.47049 ], [ 13.09583, 52.46856 ], [ 13.07102, 52.46018 ], [ 13.0649, 52.45946 ], [ 13.05932, 52.45931 ], [ 13.05677, 52.4597 ], [ 13.05842, 52.45945 ], [ 13.05964, 52.46116 ], [ 13.05949, 52.4626 ], [ 13.05873, 52.46324 ], [ 13.05597, 52.46385 ], [ 13.05381, 52.46574 ], [ 13.05231, 52.46625 ], [ 13.04962, 52.46649 ], [ 13.04687, 52.46718 ], [ 13.04485, 52.46889 ], [ 13.04471, 52.47104 ], [ 13.0425, 52.4742 ], [ 13.0401, 52.47892 ], [ 13.04031, 52.48031 ], [ 13.04066, 52.48075 ], [ 13.03874, 52.48082 ], [ 13.0371, 52.4813 ], [ 13.03484, 52.48033 ], [ 13.0315, 52.47975 ], [ 13.03149, 52.48016 ], [ 13.02908, 52.4817 ], [ 13.02693, 52.48519 ], [ 13.02378, 52.48731 ], [ 13.02252, 52.48884 ], [ 13.01996, 52.49304 ], [ 13.0222, 52.49591 ], [ 13.01756, 52.49817 ], [ 13.01208, 52.50693 ], [ 13.01038, 52.50879 ], [ 13.00605, 52.51167 ], [ 13.00445, 52.51347 ], [ 13.00415, 52.51469 ], [ 12.9962, 52.51366 ], [ 12.9946, 52.51266 ], [ 12.99577, 52.51013 ], [ 12.9949, 52.50989 ], [ 12.96624, 52.50572 ], [ 12.95993, 52.50596 ], [ 12.95357, 52.50391 ], [ 12.95293, 52.50246 ], [ 12.9491, 52.50444 ], [ 12.94529, 52.50419 ], [ 12.9437, 52.50281 ], [ 12.94387, 52.50256 ], [ 12.94331, 52.50263 ], [ 12.94352, 52.50228 ], [ 12.94258, 52.50195 ], [ 12.94162, 52.50204 ], [ 12.93919, 52.50154 ], [ 12.93925, 52.5019 ], [ 12.9382, 52.50217 ], [ 12.93656, 52.50153 ], [ 12.9349, 52.49977 ], [ 12.93396, 52.49718 ], [ 12.93379, 52.49347 ], [ 12.93505, 52.49342 ], [ 12.93441, 52.49173 ], [ 12.93322, 52.4902 ], [ 12.93118, 52.48858 ], [ 12.93285, 52.48698 ], [ 12.93079, 52.48632 ], [ 12.92545, 52.48591 ], [ 12.91755, 52.4824 ], [ 12.9159, 52.4807 ], [ 12.91609, 52.4785 ], [ 12.91732, 52.47438 ], [ 12.91425, 52.47264 ], [ 12.90514, 52.46994 ], [ 12.89338, 52.46773 ], [ 12.89133, 52.46635 ], [ 12.8908, 52.46636 ], [ 12.89098, 52.46613 ], [ 12.88678, 52.46334 ], [ 12.88699, 52.46203 ], [ 12.88865, 52.46257 ], [ 12.89073, 52.46159 ], [ 12.89343, 52.46105 ], [ 12.89455, 52.46039 ], [ 12.91098, 52.45859 ], [ 12.92525, 52.45795 ], [ 12.92827, 52.45742 ], [ 12.94419, 52.45237 ], [ 12.94541, 52.45234 ], [ 12.94414, 52.45217 ], [ 12.94259, 52.4504 ], [ 12.94282, 52.44876 ], [ 12.94734, 52.44517 ], [ 12.94741, 52.44446 ], [ 12.94899, 52.4427 ], [ 12.94952, 52.44043 ], [ 12.94891, 52.43949 ], [ 12.94889, 52.43758 ], [ 12.94823, 52.43617 ], [ 12.94858, 52.43583 ], [ 12.94783, 52.43512 ], [ 12.9483, 52.43462 ], [ 12.94795, 52.43404 ], [ 12.94524, 52.43317 ], [ 12.9436, 52.43326 ], [ 12.94025, 52.43272 ], [ 12.93976, 52.43291 ], [ 12.93997, 52.4326 ], [ 12.93847, 52.42962 ], [ 12.93792, 52.42891 ], [ 12.9364, 52.42792 ], [ 12.93591, 52.4271 ], [ 12.93528, 52.42442 ], [ 12.93587, 52.42217 ], [ 12.93586, 52.42091 ], [ 12.93459, 52.4178 ], [ 12.93497, 52.4178 ], [ 12.93484, 52.41734 ], [ 12.93512, 52.41685 ], [ 12.9369, 52.41574 ], [ 12.93647, 52.41381 ], [ 12.93815, 52.41087 ], [ 12.93812, 52.40837 ], [ 12.93503, 52.40643 ], [ 12.93637, 52.40507 ], [ 12.93624, 52.40243 ], [ 12.93537, 52.39963 ], [ 12.93517, 52.39246 ], [ 12.93604, 52.39249 ], [ 12.936, 52.39285 ], [ 12.93632, 52.393 ], [ 12.93887, 52.39294 ], [ 12.93899, 52.39255 ], [ 12.9416, 52.39243 ], [ 12.9417, 52.39267 ], [ 12.94978, 52.39288 ], [ 12.96, 52.38894 ], [ 12.96111, 52.38637 ], [ 12.96126, 52.38508 ], [ 12.96274, 52.38547 ], [ 12.96483, 52.38553 ], [ 12.96532, 52.38458 ], [ 12.96907, 52.38573 ], [ 12.96822, 52.38674 ], [ 12.9708, 52.38629 ], [ 12.97068, 52.38608 ], [ 12.97283, 52.38692 ], [ 12.97435, 52.38846 ], [ 12.97442, 52.38977 ], [ 12.97722, 52.38929 ], [ 12.97978, 52.38826 ], [ 12.98197, 52.3871 ], [ 12.98198, 52.38561 ], [ 12.9801, 52.38488 ], [ 12.97702, 52.3818 ], [ 12.97992, 52.38037 ], [ 12.97811, 52.37806 ], [ 12.9727, 52.3767 ], [ 12.97125, 52.3737 ], [ 12.97525, 52.37261 ], [ 12.97773, 52.37089 ], [ 12.98156, 52.36552 ], [ 12.98345, 52.36482 ], [ 12.98481, 52.3646 ], [ 12.98636, 52.3648 ], [ 12.99197, 52.36714 ], [ 13.00029, 52.36113 ], [ 12.99904, 52.36029 ], [ 12.99937, 52.36005 ], [ 13.00007, 52.36051 ], [ 13.00247, 52.35865 ], [ 13.01026, 52.35493 ], [ 13.01425, 52.35192 ], [ 13.01462, 52.3509 ], [ 13.02267, 52.34742 ], [ 13.02205, 52.34686 ], [ 13.03106, 52.34739 ], [ 13.04403, 52.34204 ], [ 13.0455, 52.34565 ], [ 13.04719, 52.3433 ], [ 13.05554, 52.34394 ], [ 13.06071, 52.34851 ], [ 13.0534, 52.35145 ], [ 13.04822, 52.35431 ], [ 13.05217, 52.35775 ], [ 13.06161, 52.35683 ], [ 13.06432, 52.35557 ], [ 13.06675, 52.35552 ], [ 13.07203, 52.35409 ], [ 13.07825, 52.35547 ], [ 13.08051, 52.35638 ], [ 13.08412, 52.35619 ], [ 13.08847, 52.35672 ], [ 13.09399, 52.35421 ], [ 13.10413, 52.36477 ], [ 13.10481, 52.36436 ], [ 13.10422, 52.364 ], [ 13.10362, 52.36301 ], [ 13.10405, 52.36291 ], [ 13.10419, 52.36107 ], [ 13.10241, 52.35921 ], [ 13.10475, 52.35833 ], [ 13.1067, 52.35715 ], [ 13.10455, 52.35632 ], [ 13.10579, 52.35571 ], [ 13.10605, 52.35516 ], [ 13.11064, 52.35451 ], [ 13.12015, 52.35625 ], [ 13.12559, 52.34995 ], [ 13.12591, 52.35098 ], [ 13.13662, 52.3512 ], [ 13.13656, 52.35226 ], [ 13.13551, 52.35392 ], [ 13.13626, 52.35414 ], [ 13.13585, 52.35495 ], [ 13.13635, 52.35419 ], [ 13.14047, 52.35299 ], [ 13.14011, 52.36008 ], [ 13.14045, 52.36143 ], [ 13.14706, 52.36154 ], [ 13.14691, 52.36669 ], [ 13.14863, 52.3683 ], [ 13.14959, 52.37032 ], [ 13.14935, 52.37756 ], [ 13.14941, 52.37948 ], [ 13.14963, 52.37957 ], [ 13.14647, 52.38028 ], [ 13.14757, 52.38037 ], [ 13.14864, 52.38218 ], [ 13.15146, 52.38353 ], [ 13.15445, 52.38786 ], [ 13.15673, 52.38965 ], [ 13.15941, 52.39081 ], [ 13.16632, 52.39261 ], [ 13.16757, 52.39338 ], [ 13.16818, 52.39428 ], [ 13.15887, 52.39394 ], [ 13.15329, 52.39484 ], [ 13.14577, 52.3955 ], [ 13.14386, 52.39614 ], [ 13.14313, 52.39667 ], [ 13.1432, 52.39725 ], [ 13.14182, 52.3971 ], [ 13.13471, 52.39356 ], [ 13.13037, 52.39037 ], [ 13.13287, 52.38874 ], [ 13.13398, 52.38874 ], [ 13.13318, 52.3873 ], [ 13.13199, 52.38752 ], [ 13.13108, 52.38725 ], [ 13.12673, 52.38958 ], [ 13.12729, 52.39161 ], [ 13.1312, 52.39184 ], [ 13.12985, 52.3907 ], [ 13.13017, 52.3905 ], [ 13.13149, 52.39188 ], [ 13.13895, 52.39599 ], [ 13.13571, 52.39618 ], [ 13.13513, 52.39737 ], [ 13.1381, 52.39786 ], [ 13.13496, 52.3986 ], [ 13.13351, 52.39937 ], [ 13.13252, 52.39866 ], [ 13.12742, 52.39664 ], [ 13.12478, 52.39687 ], [ 13.12023, 52.39985 ], [ 13.11775, 52.40212 ], [ 13.11634, 52.40232 ], [ 13.11182, 52.40399 ], [ 13.1112, 52.40451 ], [ 13.1111, 52.4053 ], [ 13.10969, 52.40654 ], [ 13.10833, 52.40726 ], [ 13.10945, 52.40805 ], [ 13.10927, 52.40818 ], [ 13.10638, 52.40869 ], [ 13.10693, 52.40949 ], [ 13.10851, 52.40924 ], [ 13.11063, 52.40944 ], [ 13.11042, 52.41035 ], [ 13.1118, 52.41048 ], [ 13.11151, 52.41141 ], [ 13.11014, 52.41129 ], [ 13.10962, 52.41294 ], [ 13.10778, 52.41333 ], [ 13.10711, 52.41318 ], [ 13.10742, 52.41209 ], [ 13.10713, 52.40996 ], [ 13.10591, 52.40955 ], [ 13.101, 52.41054 ], [ 13.10086, 52.41376 ], [ 13.09681, 52.4132 ], [ 13.09645, 52.41309 ], [ 13.09753, 52.4117 ], [ 13.09898, 52.41096 ], [ 13.09864, 52.41026 ], [ 13.09739, 52.40942 ], [ 13.09076, 52.41156 ], [ 13.09019, 52.41273 ] ] ] } },
{ "type": "Feature", "properties": { "stadt": "Saarbrücken" }, "geometry": { "type": "Polygon", "coordinates": [ [ [ 6.95364, 49.29126 ], [ 6.95397, 49.28956 ], [ 6.94974, 49.28709 ], [ 6.94853, 49.28672 ], [ 6.94624, 49.28625 ], [ 6.94005, 49.28608 ], [ 6.93282, 49.28672 ], [ 6.93209, 49.28626 ], [ 6.93231, 49.28548 ], [ 6.93191, 49.28267 ], [ 6.92869, 49.28304 ], [ 6.92423, 49.28257 ], [ 6.9253, 49.28182 ], [ 6.92651, 49.28021 ], [ 6.92271, 49.27777 ], [ 6.91914, 49.27724 ], [ 6.91598, 49.27535 ], [ 6.914, 49.27267 ], [ 6.91124, 49.27097 ], [ 6.90908, 49.26825 ], [ 6.90619, 49.2671 ], [ 6.90402, 49.2646 ], [ 6.90384, 49.26372 ], [ 6.90504, 49.26113 ], [ 6.90624, 49.25937 ], [ 6.90831, 49.2572 ], [ 6.9086, 49.25465 ], [ 6.91112, 49.25257 ], [ 6.91045, 49.24963 ], [ 6.90889, 49.24783 ], [ 6.90813, 49.24621 ], [ 6.90023, 49.24701 ], [ 6.90067, 49.24623 ], [ 6.90008, 49.24558 ], [ 6.90012, 49.24511 ], [ 6.89627, 49.24537 ], [ 6.89622, 49.24506 ], [ 6.88982, 49.24447 ], [ 6.88626, 49.24298 ], [ 6.89013, 49.24169 ], [ 6.88735, 49.24149 ], [ 6.8888, 49.23985 ], [ 6.88837, 49.23701 ], [ 6.88597, 49.23579 ], [ 6.88591, 49.23381 ], [ 6.88514, 49.23387 ], [ 6.88264, 49.23119 ], [ 6.87875, 49.22917 ], [ 6.87755, 49.22952 ], [ 6.87751, 49.2292 ], [ 6.87376, 49.22955 ], [ 6.86967, 49.23076 ], [ 6.86301, 49.23037 ], [ 6.86318, 49.23118 ], [ 6.85994, 49.23181 ], [ 6.85788, 49.23118 ], [ 6.85583, 49.23006 ], [ 6.85523, 49.23015 ], [ 6.85455, 49.22893 ], [ 6.85219, 49.22932 ], [ 6.8526, 49.23056 ], [ 6.84927, 49.23214 ], [ 6.84863, 49.23272 ], [ 6.84557, 49.23194 ], [ 6.84203, 49.23012 ], [ 6.84182, 49.22923 ], [ 6.83833, 49.2283 ], [ 6.8377, 49.22783 ], [ 6.83585, 49.22781 ], [ 6.8349, 49.22664 ], [ 6.83551, 49.22528 ], [ 6.83178, 49.22529 ], [ 6.82927, 49.22444 ], [ 6.82862, 49.22404 ], [ 6.82764, 49.22171 ], [ 6.82839, 49.2209 ], [ 6.82767, 49.22033 ], [ 6.8311, 49.21529 ], [ 6.83261, 49.21405 ], [ 6.83331, 49.21426 ], [ 6.83466, 49.21328 ], [ 6.83552, 49.21365 ], [ 6.83697, 49.21282 ], [ 6.83927, 49.21459 ], [ 6.84166, 49.21516 ], [ 6.84773, 49.21759 ], [ 6.8487, 49.21766 ], [ 6.85762, 49.22235 ], [ 6.8594, 49.22275 ], [ 6.86021, 49.2224 ], [ 6.86275, 49.22225 ], [ 6.86389, 49.22167 ], [ 6.86453, 49.22084 ], [ 6.87063, 49.21858 ], [ 6.87044, 49.21811 ], [ 6.87074, 49.217 ], [ 6.87159, 49.21552 ], [ 6.87262, 49.21495 ], [ 6.89261, 49.20883 ], [ 6.89578, 49.2111 ], [ 6.90044, 49.2136 ], [ 6.91141, 49.215 ], [ 6.91584, 49.2176 ], [ 6.91885, 49.21996 ], [ 6.91848, 49.22018 ], [ 6.91884, 49.22052 ], [ 6.91841, 49.22175 ], [ 6.91894, 49.22192 ], [ 6.91876, 49.22274 ], [ 6.92288, 49.22267 ], [ 6.92522, 49.22339 ], [ 6.92782, 49.22229 ], [ 6.9286, 49.22234 ], [ 6.92869, 49.22203 ], [ 6.93823, 49.22245 ], [ 6.93993, 49.21673 ], [ 6.94444, 49.2139 ], [ 6.95112, 49.20779 ], [ 6.95647, 49.20436 ], [ 6.95959, 49.20312 ], [ 6.97161, 49.20919 ], [ 6.97273, 49.20953 ], [ 6.97533, 49.20938 ], [ 6.99261, 49.2008 ], [ 6.99727, 49.19727 ], [ 6.99902, 49.19445 ], [ 7.00894, 49.19401 ], [ 7.01091, 49.18795 ], [ 7.01349, 49.18861 ], [ 7.01572, 49.19118 ], [ 7.01703, 49.19185 ], [ 7.02159, 49.19321 ], [ 7.02216, 49.19229 ], [ 7.02207, 49.19025 ], [ 7.02339, 49.18922 ], [ 7.02595, 49.18989 ], [ 7.02805, 49.19123 ], [ 7.02851, 49.19089 ], [ 7.03503, 49.19144 ], [ 7.03335, 49.18771 ], [ 7.03388, 49.18313 ], [ 7.03333, 49.18089 ], [ 7.02951, 49.17667 ], [ 7.03242, 49.17619 ], [ 7.03212, 49.1756 ], [ 7.03234, 49.17542 ], [ 7.03647, 49.17469 ], [ 7.03661, 49.17491 ], [ 7.03868, 49.17468 ], [ 7.0416, 49.17397 ], [ 7.0441, 49.17278 ], [ 7.04658, 49.17283 ], [ 7.05071, 49.17452 ], [ 7.0536, 49.17522 ], [ 7.05407, 49.17661 ], [ 7.05599, 49.17721 ], [ 7.05746, 49.17712 ], [ 7.05798, 49.1766 ], [ 7.05859, 49.17671 ], [ 7.06072, 49.17546 ], [ 7.06348, 49.17438 ], [ 7.06401, 49.17363 ], [ 7.06606, 49.17413 ], [ 7.06542, 49.17431 ], [ 7.06537, 49.1747 ], [ 7.06776, 49.1754 ], [ 7.06961, 49.17637 ], [ 7.06952, 49.17696 ], [ 7.07212, 49.17623 ], [ 7.072, 49.17599 ], [ 7.07307, 49.17556 ], [ 7.07434, 49.17448 ], [ 7.07293, 49.17451 ], [ 7.07329, 49.17295 ], [ 7.07556, 49.17219 ], [ 7.07637, 49.17375 ], [ 7.07731, 49.17446 ], [ 7.08931, 49.1791 ], [ 7.09419, 49.18128 ], [ 7.09621, 49.18143 ], [ 7.09759, 49.18148 ], [ 7.10352, 49.1803 ], [ 7.10669, 49.179 ], [ 7.1104, 49.1767 ], [ 7.112, 49.17619 ], [ 7.10848, 49.18318 ], [ 7.10709, 49.18407 ], [ 7.10695, 49.1848 ], [ 7.10585, 49.18567 ], [ 7.10705, 49.1885 ], [ 7.10805, 49.18819 ], [ 7.10851, 49.18841 ], [ 7.10827, 49.1887 ], [ 7.10909, 49.18912 ], [ 7.10901, 49.18935 ], [ 7.11299, 49.19031 ], [ 7.11324, 49.1915 ], [ 7.11418, 49.19173 ], [ 7.11453, 49.19226 ], [ 7.11581, 49.19271 ], [ 7.11824, 49.1929 ], [ 7.11703, 49.19501 ], [ 7.11724, 49.19833 ], [ 7.11835, 49.19961 ], [ 7.11902, 49.20127 ], [ 7.12082, 49.20272 ], [ 7.12782, 49.20679 ], [ 7.12844, 49.2109 ], [ 7.12878, 49.21094 ], [ 7.12888, 49.21204 ], [ 7.13062, 49.21319 ], [ 7.13267, 49.21191 ], [ 7.13593, 49.21065 ], [ 7.13633, 49.21165 ], [ 7.13802, 49.21285 ], [ 7.13676, 49.21439 ], [ 7.13619, 49.21604 ], [ 7.13622, 49.217 ], [ 7.13078, 49.2183 ], [ 7.12938, 49.2171 ], [ 7.12661, 49.21631 ], [ 7.12606, 49.21762 ], [ 7.12386, 49.21939 ], [ 7.12392, 49.22079 ], [ 7.12234, 49.22245 ], [ 7.12418, 49.22546 ], [ 7.12541, 49.22687 ], [ 7.12616, 49.22858 ], [ 7.12916, 49.23918 ], [ 7.12925, 49.24035 ], [ 7.12856, 49.24276 ], [ 7.13078, 49.24392 ], [ 7.13035, 49.24525 ], [ 7.12974, 49.24513 ], [ 7.13013, 49.24407 ], [ 7.12944, 49.24408 ], [ 7.12816, 49.24511 ], [ 7.12735, 49.24486 ], [ 7.12421, 49.2455 ], [ 7.12318, 49.24717 ], [ 7.12207, 49.24734 ], [ 7.12241, 49.24653 ], [ 7.12202, 49.24591 ], [ 7.12178, 49.24705 ], [ 7.12094, 49.24794 ], [ 7.11736, 49.24868 ], [ 7.11636, 49.25091 ], [ 7.11218, 49.2515 ], [ 7.11214, 49.25289 ], [ 7.11011, 49.25332 ], [ 7.11171, 49.25524 ], [ 7.10804, 49.25583 ], [ 7.10821, 49.2564 ], [ 7.10352, 49.25595 ], [ 7.10406, 49.25471 ], [ 7.10346, 49.25422 ], [ 7.10255, 49.25427 ], [ 7.09978, 49.253 ], [ 7.09583, 49.25051 ], [ 7.09486, 49.25032 ], [ 7.09376, 49.24907 ], [ 7.0936, 49.24824 ], [ 7.09394, 49.24775 ], [ 7.09486, 49.24735 ], [ 7.09345, 49.24748 ], [ 7.08989, 49.24591 ], [ 7.08705, 49.24563 ], [ 7.08729, 49.24667 ], [ 7.08532, 49.24767 ], [ 7.08569, 49.24849 ], [ 7.07941, 49.2498 ], [ 7.08262, 49.25395 ], [ 7.08321, 49.2559 ], [ 7.08207, 49.25482 ], [ 7.08053, 49.25599 ], [ 7.08062, 49.2567 ], [ 7.07998, 49.25723 ], [ 7.07783, 49.2583 ], [ 7.07648, 49.25836 ], [ 7.07461, 49.2575 ], [ 7.07423, 49.25774 ], [ 7.07191, 49.25645 ], [ 7.06895, 49.25541 ], [ 7.06731, 49.25807 ], [ 7.06496, 49.25962 ], [ 7.06392, 49.26084 ], [ 7.06263, 49.26144 ], [ 7.06423, 49.26356 ], [ 7.06219, 49.26735 ], [ 7.06262, 49.27029 ], [ 7.06094, 49.27493 ], [ 7.05801, 49.27806 ], [ 7.05602, 49.28193 ], [ 7.05503, 49.28401 ], [ 7.0543, 49.28692 ], [ 7.0503, 49.28971 ], [ 7.04569, 49.29223 ], [ 7.03968, 49.29458 ], [ 7.03243, 49.29611 ], [ 7.02633, 49.29122 ], [ 7.02151, 49.28867 ], [ 7.01729, 49.28472 ], [ 7.01452, 49.28327 ], [ 7.0078, 49.28628 ], [ 7.00573, 49.28611 ], [ 7.00382, 49.28654 ], [ 7.00376, 49.28694 ], [ 7.00711, 49.28875 ], [ 7.0115, 49.28941 ], [ 7.01344, 49.29102 ], [ 7.01431, 49.29287 ], [ 7.01602, 49.29437 ], [ 7.01663, 49.29532 ], [ 7.00712, 49.30234 ], [ 7.00678, 49.31158 ], [ 7.00546, 49.31281 ], [ 6.99805, 49.31744 ], [ 6.99727, 49.31843 ], [ 6.99497, 49.3195 ], [ 6.99186, 49.32207 ], [ 6.9911, 49.3216 ], [ 6.99104, 49.32074 ], [ 6.99014, 49.31884 ], [ 6.98947, 49.31857 ], [ 6.98841, 49.31883 ], [ 6.98602, 49.31815 ], [ 6.98336, 49.31998 ], [ 6.98126, 49.31892 ], [ 6.97255, 49.31651 ], [ 6.9704, 49.31507 ], [ 6.96849, 49.31234 ], [ 6.96817, 49.31057 ], [ 6.96808, 49.30603 ], [ 6.9671, 49.30375 ], [ 6.96079, 49.2986 ], [ 6.95921, 49.29806 ], [ 6.95861, 49.29743 ], [ 6.95838, 49.29653 ], [ 6.95927, 49.29643 ], [ 6.95911, 49.29582 ], [ 6.95769, 49.29259 ], [ 6.95595, 49.28975 ], [ 6.95497, 49.29035 ], [ 6.95424, 49.29129 ], [ 6.95364, 49.29126 ] ] ] } },
{ "type": "Feature", "properties": { "stadt": "Hamm" }, "geometry": { "type": "Polygon", "coordinates": [ [ [ 7.72799, 51.67473 ], [ 7.72685, 51.67345 ], [ 7.72129, 51.67265 ], [ 7.7209, 51.67207 ], [ 7.72111, 51.67081 ], [ 7.7179, 51.67045 ], [ 7.71567, 51.67119 ], [ 7.71394, 51.67035 ], [ 7.71436, 51.66967 ], [ 7.71659, 51.66899 ], [ 7.71675, 51.66864 ], [ 7.71625, 51.66841 ], [ 7.71373, 51.6684 ], [ 7.7121, 51.67074 ], [ 7.71125, 51.67122 ], [ 7.7076, 51.67105 ], [ 7.70517, 51.66938 ], [ 7.70293, 51.66887 ], [ 7.70138, 51.66795 ], [ 7.70068, 51.66803 ], [ 7.70008, 51.66924 ], [ 7.69943, 51.66919 ], [ 7.69783, 51.66796 ], [ 7.69755, 51.66686 ], [ 7.69827, 51.66588 ], [ 7.69731, 51.66441 ], [ 7.69589, 51.66403 ], [ 7.69477, 51.66539 ], [ 7.69362, 51.6658 ], [ 7.69291, 51.6657 ], [ 7.6924, 51.66496 ], [ 7.6925, 51.6632 ], [ 7.69168, 51.66247 ], [ 7.69, 51.66171 ], [ 7.68827, 51.66187 ], [ 7.68804, 51.66367 ], [ 7.68703, 51.66431 ], [ 7.68247, 51.66381 ], [ 7.67944, 51.66286 ], [ 7.67922, 51.66204 ], [ 7.67978, 51.66037 ], [ 7.67871, 51.65986 ], [ 7.67775, 51.65983 ], [ 7.67662, 51.66225 ], [ 7.67573, 51.66248 ], [ 7.67595, 51.66099 ], [ 7.67477, 51.65929 ], [ 7.67519, 51.65858 ], [ 7.67656, 51.65892 ], [ 7.67691, 51.65875 ], [ 7.67756, 51.65738 ], [ 7.67888, 51.65696 ], [ 7.67852, 51.65609 ], [ 7.67932, 51.65574 ], [ 7.68031, 51.65437 ], [ 7.68095, 51.6549 ], [ 7.6814, 51.65392 ], [ 7.68147, 51.65239 ], [ 7.6821, 51.65263 ], [ 7.68285, 51.65062 ], [ 7.68325, 51.65076 ], [ 7.68376, 51.64998 ], [ 7.68507, 51.64267 ], [ 7.68529, 51.63685 ], [ 7.68489, 51.63474 ], [ 7.68537, 51.63436 ], [ 7.68609, 51.62883 ], [ 7.68879, 51.62069 ], [ 7.68821, 51.62075 ], [ 7.68858, 51.61868 ], [ 7.68943, 51.61844 ], [ 7.6898, 51.61295 ], [ 7.69332, 51.61502 ], [ 7.69745, 51.61454 ], [ 7.69987, 51.61206 ], [ 7.70104, 51.61243 ], [ 7.70282, 51.61233 ], [ 7.70588, 51.61277 ], [ 7.70697, 51.61148 ], [ 7.71262, 51.6135 ], [ 7.71362, 51.61364 ], [ 7.71445, 51.61333 ], [ 7.71494, 51.61363 ], [ 7.71553, 51.61293 ], [ 7.71928, 51.61474 ], [ 7.71905, 51.61491 ], [ 7.71932, 51.61659 ], [ 7.72167, 51.61849 ], [ 7.72172, 51.62225 ], [ 7.72199, 51.62273 ], [ 7.72294, 51.62317 ], [ 7.72299, 51.62407 ], [ 7.72421, 51.62442 ], [ 7.72487, 51.62191 ], [ 7.72736, 51.62242 ], [ 7.72705, 51.62315 ], [ 7.72738, 51.62373 ], [ 7.72584, 51.62537 ], [ 7.72828, 51.62691 ], [ 7.72998, 51.62557 ], [ 7.73036, 51.62432 ], [ 7.7338, 51.62499 ], [ 7.73417, 51.62417 ], [ 7.73468, 51.62451 ], [ 7.73751, 51.62479 ], [ 7.73783, 51.62546 ], [ 7.73919, 51.62577 ], [ 7.73945, 51.62534 ], [ 7.74346, 51.62538 ], [ 7.74308, 51.6249 ], [ 7.74587, 51.62499 ], [ 7.74698, 51.62456 ], [ 7.74734, 51.62399 ], [ 7.75184, 51.62416 ], [ 7.75278, 51.6248 ], [ 7.7535, 51.6244 ], [ 7.75547, 51.62415 ], [ 7.75943, 51.62421 ], [ 7.75917, 51.62171 ], [ 7.75948, 51.62066 ], [ 7.76443, 51.62161 ], [ 7.76473, 51.6219 ], [ 7.76682, 51.62008 ], [ 7.76906, 51.62028 ], [ 7.76915, 51.61976 ], [ 7.7742, 51.62022 ], [ 7.77453, 51.61994 ], [ 7.77816, 51.62036 ], [ 7.77807, 51.62069 ], [ 7.78059, 51.62115 ], [ 7.78022, 51.62177 ], [ 7.78087, 51.62198 ], [ 7.7827, 51.6205 ], [ 7.78375, 51.62102 ], [ 7.78669, 51.61788 ], [ 7.81066, 51.62202 ], [ 7.81189, 51.61784 ], [ 7.81347, 51.61542 ], [ 7.81226, 51.6151 ], [ 7.81571, 51.61068 ], [ 7.81684, 51.60784 ], [ 7.81643, 51.60614 ], [ 7.81262, 51.60636 ], [ 7.81468, 51.60411 ], [ 7.81471, 51.60326 ], [ 7.81289, 51.60348 ], [ 7.81106, 51.60288 ], [ 7.81333, 51.60003 ], [ 7.81344, 51.59699 ], [ 7.81407, 51.59616 ], [ 7.81588, 51.59598 ], [ 7.81556, 51.59495 ], [ 7.81494, 51.59498 ], [ 7.81487, 51.59427 ], [ 7.81561, 51.59241 ], [ 7.8144, 51.59212 ], [ 7.81449, 51.5915 ], [ 7.81403, 51.59138 ], [ 7.81445, 51.59042 ], [ 7.81832, 51.58983 ], [ 7.81906, 51.58609 ], [ 7.82178, 51.58631 ], [ 7.82202, 51.58463 ], [ 7.82272, 51.58478 ], [ 7.82234, 51.5824 ], [ 7.82499, 51.58045 ], [ 7.82396, 51.58013 ], [ 7.82427, 51.57784 ], [ 7.8271, 51.57864 ], [ 7.83566, 51.58003 ], [ 7.83574, 51.58169 ], [ 7.83929, 51.58233 ], [ 7.84886, 51.58585 ], [ 7.85114, 51.58691 ], [ 7.85072, 51.58728 ], [ 7.85855, 51.58894 ], [ 7.85775, 51.59213 ], [ 7.87048, 51.5949 ], [ 7.87067, 51.59439 ], [ 7.87332, 51.59454 ], [ 7.8737, 51.59334 ], [ 7.88633, 51.5951 ], [ 7.88722, 51.5936 ], [ 7.89126, 51.59494 ], [ 7.90526, 51.5958 ], [ 7.90607, 51.59559 ], [ 7.90804, 51.59411 ], [ 7.90904, 51.5939 ], [ 7.90998, 51.59404 ], [ 7.90954, 51.59552 ], [ 7.91168, 51.59536 ], [ 7.91414, 51.59574 ], [ 7.91343, 51.59755 ], [ 7.91444, 51.59767 ], [ 7.91468, 51.59935 ], [ 7.91556, 51.60128 ], [ 7.91548, 51.60205 ], [ 7.91601, 51.60205 ], [ 7.91491, 51.60461 ], [ 7.91467, 51.60453 ], [ 7.91384, 51.60572 ], [ 7.9135, 51.60684 ], [ 7.912, 51.60915 ], [ 7.91221, 51.60926 ], [ 7.91122, 51.61374 ], [ 7.91357, 51.61409 ], [ 7.91386, 51.61535 ], [ 7.91345, 51.61592 ], [ 7.9152, 51.61664 ], [ 7.91633, 51.61775 ], [ 7.91841, 51.61877 ], [ 7.91759, 51.61928 ], [ 7.91914, 51.62012 ], [ 7.92, 51.62141 ], [ 7.92072, 51.6216 ], [ 7.92112, 51.62209 ], [ 7.92221, 51.62203 ], [ 7.924, 51.6238 ], [ 7.92445, 51.62598 ], [ 7.92517, 51.62657 ], [ 7.92591, 51.62642 ], [ 7.92716, 51.62696 ], [ 7.92716, 51.62783 ], [ 7.92963, 51.62863 ], [ 7.93101, 51.62971 ], [ 7.93184, 51.62981 ], [ 7.93232, 51.63175 ], [ 7.93336, 51.63263 ], [ 7.93321, 51.63304 ], [ 7.93437, 51.63345 ], [ 7.93515, 51.63328 ], [ 7.93527, 51.63397 ], [ 7.93456, 51.63421 ], [ 7.93519, 51.63449 ], [ 7.93479, 51.6352 ], [ 7.93551, 51.63566 ], [ 7.9356, 51.63628 ], [ 7.93527, 51.63656 ], [ 7.93569, 51.63665 ], [ 7.93481, 51.63746 ], [ 7.93497, 51.63799 ], [ 7.93424, 51.63827 ], [ 7.93445, 51.63849 ], [ 7.93419, 51.63887 ], [ 7.93537, 51.63873 ], [ 7.93519, 51.63941 ], [ 7.93595, 51.63924 ], [ 7.93583, 51.63957 ], [ 7.93652, 51.63935 ], [ 7.93668, 51.63992 ], [ 7.93846, 51.64001 ], [ 7.93953, 51.63963 ], [ 7.93995, 51.63861 ], [ 7.94069, 51.63822 ], [ 7.94325, 51.63797 ], [ 7.9444, 51.63816 ], [ 7.94505, 51.64006 ], [ 7.94628, 51.64031 ], [ 7.94671, 51.64116 ], [ 7.94811, 51.64116 ], [ 7.94917, 51.64199 ], [ 7.94868, 51.64201 ], [ 7.94977, 51.64334 ], [ 7.94988, 51.64421 ], [ 7.94869, 51.64453 ], [ 7.94949, 51.64621 ], [ 7.94604, 51.64684 ], [ 7.94713, 51.65034 ], [ 7.94678, 51.65056 ], [ 7.9474, 51.65178 ], [ 7.94797, 51.65186 ], [ 7.94867, 51.65349 ], [ 7.94972, 51.65331 ], [ 7.95066, 51.65531 ], [ 7.95248, 51.65502 ], [ 7.9529, 51.65599 ], [ 7.95364, 51.66031 ], [ 7.95411, 51.66113 ], [ 7.95292, 51.66383 ], [ 7.95267, 51.66635 ], [ 7.95291, 51.66671 ], [ 7.95148, 51.6669 ], [ 7.95565, 51.66892 ], [ 7.95331, 51.67267 ], [ 7.95553, 51.6726 ], [ 7.95511, 51.67334 ], [ 7.95693, 51.67355 ], [ 7.95701, 51.67409 ], [ 7.95858, 51.67395 ], [ 7.96352, 51.67579 ], [ 7.96409, 51.67571 ], [ 7.96407, 51.67504 ], [ 7.9643, 51.67503 ], [ 7.96745, 51.67553 ], [ 7.96744, 51.67574 ], [ 7.98497, 51.67144 ], [ 7.98634, 51.67314 ], [ 7.99288, 51.67241 ], [ 7.99607, 51.6725 ], [ 7.99744, 51.67427 ], [ 7.99673, 51.67547 ], [ 7.99454, 51.6771 ], [ 7.99244, 51.67762 ], [ 7.99196, 51.67822 ], [ 7.99014, 51.67909 ], [ 7.9895, 51.67921 ], [ 7.9887, 51.6786 ], [ 7.98804, 51.67853 ], [ 7.98805, 51.67996 ], [ 7.98685, 51.68051 ], [ 7.98778, 51.68199 ], [ 7.98734, 51.68297 ], [ 7.98671, 51.68342 ], [ 7.98284, 51.68454 ], [ 7.98077, 51.68462 ], [ 7.98011, 51.68536 ], [ 7.98004, 51.68691 ], [ 7.97774, 51.68672 ], [ 7.97753, 51.68705 ], [ 7.97796, 51.68804 ], [ 7.97535, 51.68893 ], [ 7.97569, 51.6893 ], [ 7.97659, 51.68929 ], [ 7.97669, 51.68969 ], [ 7.97386, 51.69017 ], [ 7.97353, 51.69143 ], [ 7.97143, 51.69126 ], [ 7.97089, 51.69219 ], [ 7.969, 51.6924 ], [ 7.9661, 51.69181 ], [ 7.96472, 51.69307 ], [ 7.96168, 51.69343 ], [ 7.95881, 51.69527 ], [ 7.95594, 51.69644 ], [ 7.95433, 51.69679 ], [ 7.9522, 51.69639 ], [ 7.95096, 51.69729 ], [ 7.94958, 51.69774 ], [ 7.9484, 51.69767 ], [ 7.94719, 51.69819 ], [ 7.94621, 51.69925 ], [ 7.94597, 51.69995 ], [ 7.94528, 51.70041 ], [ 7.94316, 51.70015 ], [ 7.94127, 51.70119 ], [ 7.93905, 51.70075 ], [ 7.93737, 51.7011 ], [ 7.93671, 51.70193 ], [ 7.93939, 51.70299 ], [ 7.93944, 51.70346 ], [ 7.93886, 51.70382 ], [ 7.93451, 51.7029 ], [ 7.93391, 51.70336 ], [ 7.93341, 51.70463 ], [ 7.9319, 51.70411 ], [ 7.93096, 51.70331 ], [ 7.92953, 51.70333 ], [ 7.92801, 51.70396 ], [ 7.92784, 51.70499 ], [ 7.92729, 51.7054 ], [ 7.92509, 51.70424 ], [ 7.92265, 51.70467 ], [ 7.92276, 51.70602 ], [ 7.92207, 51.70623 ], [ 7.92057, 51.70631 ], [ 7.91727, 51.70564 ], [ 7.9162, 51.70618 ], [ 7.91263, 51.70637 ], [ 7.91282, 51.70494 ], [ 7.91338, 51.70439 ], [ 7.90655, 51.70456 ], [ 7.90572, 51.70322 ], [ 7.90493, 51.70282 ], [ 7.90404, 51.70332 ], [ 7.90326, 51.70489 ], [ 7.9028, 51.70512 ], [ 7.8973, 51.70442 ], [ 7.89597, 51.70535 ], [ 7.89353, 51.7045 ], [ 7.89179, 51.70435 ], [ 7.89071, 51.70296 ], [ 7.88971, 51.70259 ], [ 7.88927, 51.70334 ], [ 7.88986, 51.70348 ], [ 7.88995, 51.70438 ], [ 7.88922, 51.70486 ], [ 7.88839, 51.70488 ], [ 7.889, 51.70924 ], [ 7.88891, 51.71072 ], [ 7.88851, 51.71074 ], [ 7.88868, 51.71329 ], [ 7.88838, 51.71362 ], [ 7.88934, 51.71384 ], [ 7.88818, 51.718 ], [ 7.88741, 51.71776 ], [ 7.88714, 51.71866 ], [ 7.88528, 51.71831 ], [ 7.88509, 51.71948 ], [ 7.88324, 51.71955 ], [ 7.88261, 51.72103 ], [ 7.88001, 51.72079 ], [ 7.87982, 51.7227 ], [ 7.87816, 51.72627 ], [ 7.87621, 51.72805 ], [ 7.87236, 51.73043 ], [ 7.86365, 51.72507 ], [ 7.85916, 51.72447 ], [ 7.85899, 51.72509 ], [ 7.85832, 51.7257 ], [ 7.85871, 51.72663 ], [ 7.84416, 51.72771 ], [ 7.8352, 51.73048 ], [ 7.83562, 51.73085 ], [ 7.83517, 51.73114 ], [ 7.83569, 51.73145 ], [ 7.83454, 51.73263 ], [ 7.83482, 51.73285 ], [ 7.83385, 51.73404 ], [ 7.83254, 51.73458 ], [ 7.83354, 51.74095 ], [ 7.83313, 51.7425 ], [ 7.83133, 51.74458 ], [ 7.82897, 51.74434 ], [ 7.82618, 51.74459 ], [ 7.82349, 51.74381 ], [ 7.82352, 51.7426 ], [ 7.82036, 51.73907 ], [ 7.8132, 51.73979 ], [ 7.81268, 51.73812 ], [ 7.81305, 51.73755 ], [ 7.80882, 51.73719 ], [ 7.80795, 51.73681 ], [ 7.80842, 51.73571 ], [ 7.80407, 51.73444 ], [ 7.80381, 51.73478 ], [ 7.80183, 51.73447 ], [ 7.80265, 51.73287 ], [ 7.80361, 51.7328 ], [ 7.80419, 51.73173 ], [ 7.79661, 51.73215 ], [ 7.79597, 51.73061 ], [ 7.79197, 51.73133 ], [ 7.792, 51.73215 ], [ 7.79127, 51.73236 ], [ 7.79099, 51.73146 ], [ 7.79118, 51.72975 ], [ 7.78478, 51.72801 ], [ 7.78415, 51.72965 ], [ 7.78131, 51.72838 ], [ 7.78113, 51.72742 ], [ 7.77984, 51.72699 ], [ 7.77717, 51.72726 ], [ 7.77594, 51.72696 ], [ 7.7758, 51.72729 ], [ 7.77524, 51.72739 ], [ 7.77482, 51.72691 ], [ 7.77237, 51.72668 ], [ 7.77258, 51.72571 ], [ 7.77193, 51.72551 ], [ 7.77191, 51.72436 ], [ 7.76942, 51.72377 ], [ 7.76918, 51.72567 ], [ 7.76854, 51.72709 ], [ 7.76641, 51.72673 ], [ 7.76592, 51.72695 ], [ 7.76452, 51.73037 ], [ 7.75975, 51.72974 ], [ 7.75788, 51.73324 ], [ 7.7557, 51.73313 ], [ 7.75511, 51.73343 ], [ 7.75439, 51.73455 ], [ 7.75401, 51.7345 ], [ 7.7525, 51.73718 ], [ 7.75186, 51.73927 ], [ 7.73988, 51.73788 ], [ 7.73727, 51.73792 ], [ 7.73718, 51.73036 ], [ 7.73217, 51.73054 ], [ 7.72598, 51.72932 ], [ 7.72618, 51.72863 ], [ 7.72346, 51.72782 ], [ 7.72425, 51.7248 ], [ 7.72034, 51.72405 ], [ 7.72244, 51.72264 ], [ 7.71774, 51.72218 ], [ 7.71903, 51.71859 ], [ 7.7182, 51.71835 ], [ 7.718, 51.71867 ], [ 7.71478, 51.71979 ], [ 7.7154, 51.71753 ], [ 7.70753, 51.71548 ], [ 7.70815, 51.71459 ], [ 7.70428, 51.71319 ], [ 7.70353, 51.71395 ], [ 7.70234, 51.71344 ], [ 7.70236, 51.71244 ], [ 7.70521, 51.71133 ], [ 7.7042, 51.71054 ], [ 7.70189, 51.7098 ], [ 7.70199, 51.70927 ], [ 7.6991, 51.70725 ], [ 7.69963, 51.70566 ], [ 7.70033, 51.70573 ], [ 7.70075, 51.70367 ], [ 7.70158, 51.70175 ], [ 7.70303, 51.70156 ], [ 7.70425, 51.69885 ], [ 7.70567, 51.69897 ], [ 7.70215, 51.69665 ], [ 7.70131, 51.69557 ], [ 7.70135, 51.69446 ], [ 7.70213, 51.6932 ], [ 7.70299, 51.6929 ], [ 7.70404, 51.69142 ], [ 7.70649, 51.68987 ], [ 7.70782, 51.68777 ], [ 7.71076, 51.68811 ], [ 7.71059, 51.68939 ], [ 7.71433, 51.69026 ], [ 7.71485, 51.68814 ], [ 7.714, 51.68795 ], [ 7.71496, 51.68752 ], [ 7.7149, 51.68474 ], [ 7.71572, 51.68455 ], [ 7.71604, 51.68488 ], [ 7.71712, 51.68458 ], [ 7.71649, 51.68352 ], [ 7.71663, 51.68323 ], [ 7.71924, 51.6827 ], [ 7.71936, 51.68145 ], [ 7.72266, 51.68055 ], [ 7.72417, 51.67895 ], [ 7.72586, 51.67941 ], [ 7.72694, 51.67878 ], [ 7.72723, 51.6784 ], [ 7.7266, 51.67819 ], [ 7.72794, 51.67618 ], [ 7.72865, 51.67564 ], [ 7.72751, 51.67503 ], [ 7.72799, 51.67473 ] ] ] } },
{ "type": "Feature", "properties": { "stadt": "Osnabrück" }, "geometry": { "type": "Polygon", "coordinates": [ [ [ 7.93498, 52.28578 ], [ 7.95705, 52.27302 ], [ 7.95966, 52.27347 ], [ 7.96049, 52.27499 ], [ 7.96008, 52.27603 ], [ 7.9619, 52.27581 ], [ 7.96218, 52.27553 ], [ 7.96163, 52.27523 ], [ 7.96182, 52.27496 ], [ 7.96259, 52.27506 ], [ 7.963, 52.27477 ], [ 7.96295, 52.27443 ], [ 7.9637, 52.27448 ], [ 7.96409, 52.27239 ], [ 7.96383, 52.27215 ], [ 7.96437, 52.27193 ], [ 7.964, 52.27156 ], [ 7.96542, 52.27073 ], [ 7.96525, 52.27005 ], [ 7.96611, 52.26997 ], [ 7.96587, 52.26978 ], [ 7.9662, 52.26623 ], [ 7.96815, 52.2643 ], [ 7.96761, 52.26228 ], [ 7.9678, 52.26197 ], [ 7.96686, 52.26153 ], [ 7.96662, 52.2607 ], [ 7.96602, 52.26057 ], [ 7.96569, 52.26199 ], [ 7.96368, 52.26173 ], [ 7.96355, 52.26026 ], [ 7.96296, 52.25854 ], [ 7.96168, 52.2584 ], [ 7.96174, 52.25743 ], [ 7.96098, 52.25713 ], [ 7.9604, 52.25596 ], [ 7.95899, 52.25589 ], [ 7.95794, 52.25523 ], [ 7.95835, 52.25427 ], [ 7.95812, 52.25213 ], [ 7.95749, 52.25148 ], [ 7.95852, 52.25021 ], [ 7.9608, 52.24897 ], [ 7.96225, 52.24931 ], [ 7.96744, 52.24736 ], [ 7.96871, 52.24629 ], [ 7.97019, 52.24603 ], [ 7.97364, 52.24438 ], [ 7.97443, 52.24358 ], [ 7.97734, 52.24254 ], [ 7.97666, 52.24224 ], [ 7.97824, 52.24159 ], [ 7.98307, 52.24196 ], [ 7.98262, 52.24171 ], [ 7.98457, 52.23971 ], [ 7.98622, 52.23862 ], [ 7.98905, 52.23737 ], [ 7.99678, 52.23581 ], [ 8.00857, 52.23626 ], [ 8.00984, 52.23571 ], [ 8.01313, 52.23233 ], [ 8.01539, 52.23214 ], [ 8.01622, 52.23182 ], [ 8.01625, 52.23147 ], [ 8.01702, 52.23134 ], [ 8.01693, 52.2306 ], [ 8.0174, 52.22982 ], [ 8.01793, 52.22986 ], [ 8.01824, 52.22953 ], [ 8.01917, 52.22987 ], [ 8.02135, 52.22854 ], [ 8.02477, 52.2284 ], [ 8.02769, 52.22611 ], [ 8.03199, 52.22539 ], [ 8.03458, 52.22431 ], [ 8.03603, 52.22417 ], [ 8.03635, 52.2242 ], [ 8.03627, 52.22462 ], [ 8.03495, 52.2253 ], [ 8.03562, 52.22562 ], [ 8.03584, 52.22769 ], [ 8.03671, 52.22765 ], [ 8.03687, 52.22893 ], [ 8.04011, 52.22887 ], [ 8.04027, 52.2306 ], [ 8.04071, 52.23059 ], [ 8.04012, 52.23276 ], [ 8.04211, 52.23316 ], [ 8.04235, 52.23369 ], [ 8.04279, 52.23362 ], [ 8.04303, 52.23299 ], [ 8.04528, 52.23315 ], [ 8.04696, 52.2328 ], [ 8.04736, 52.23327 ], [ 8.04737, 52.23193 ], [ 8.04781, 52.23188 ], [ 8.04801, 52.23317 ], [ 8.04978, 52.23299 ], [ 8.04984, 52.23267 ], [ 8.05071, 52.23248 ], [ 8.05167, 52.2331 ], [ 8.05146, 52.23407 ], [ 8.05505, 52.23428 ], [ 8.0553, 52.23462 ], [ 8.05606, 52.23429 ], [ 8.05959, 52.23474 ], [ 8.0618, 52.23547 ], [ 8.06269, 52.23625 ], [ 8.06394, 52.23618 ], [ 8.06496, 52.23707 ], [ 8.06747, 52.23799 ], [ 8.07609, 52.23892 ], [ 8.07782, 52.2387 ], [ 8.08207, 52.24021 ], [ 8.0828, 52.23961 ], [ 8.08674, 52.23942 ], [ 8.0874, 52.23683 ], [ 8.08831, 52.23694 ], [ 8.08818, 52.2373 ], [ 8.09249, 52.23625 ], [ 8.09554, 52.23679 ], [ 8.09722, 52.2367 ], [ 8.09701, 52.23643 ], [ 8.09741, 52.23621 ], [ 8.09571, 52.23505 ], [ 8.096, 52.23493 ], [ 8.09587, 52.2346 ], [ 8.09367, 52.23304 ], [ 8.09424, 52.23148 ], [ 8.09456, 52.23148 ], [ 8.09477, 52.232 ], [ 8.09556, 52.23218 ], [ 8.09621, 52.23219 ], [ 8.0967, 52.23166 ], [ 8.09896, 52.23209 ], [ 8.09909, 52.23014 ], [ 8.09745, 52.22911 ], [ 8.09862, 52.22823 ], [ 8.10214, 52.22199 ], [ 8.10886, 52.21858 ], [ 8.10956, 52.21894 ], [ 8.10799, 52.2199 ], [ 8.10861, 52.22069 ], [ 8.10993, 52.22087 ], [ 8.11147, 52.22056 ], [ 8.11197, 52.22201 ], [ 8.11346, 52.22315 ], [ 8.11721, 52.22154 ], [ 8.1179, 52.22212 ], [ 8.11523, 52.22623 ], [ 8.11557, 52.22701 ], [ 8.11643, 52.22691 ], [ 8.1166, 52.22742 ], [ 8.11645, 52.2279 ], [ 8.11585, 52.22803 ], [ 8.11507, 52.22984 ], [ 8.11457, 52.23152 ], [ 8.11513, 52.23165 ], [ 8.11469, 52.23255 ], [ 8.11453, 52.23403 ], [ 8.11578, 52.23437 ], [ 8.11617, 52.23387 ], [ 8.11766, 52.2343 ], [ 8.11891, 52.2328 ], [ 8.11909, 52.23227 ], [ 8.11884, 52.23222 ], [ 8.11884, 52.23164 ], [ 8.12145, 52.23218 ], [ 8.12167, 52.23154 ], [ 8.12217, 52.23129 ], [ 8.12208, 52.23099 ], [ 8.12257, 52.23114 ], [ 8.12262, 52.23199 ], [ 8.12305, 52.23186 ], [ 8.1233, 52.23122 ], [ 8.12619, 52.23173 ], [ 8.1267, 52.2313 ], [ 8.12745, 52.23158 ], [ 8.12728, 52.23193 ], [ 8.13079, 52.23255 ], [ 8.13072, 52.23226 ], [ 8.12965, 52.23227 ], [ 8.12955, 52.23177 ], [ 8.13227, 52.23194 ], [ 8.13211, 52.23328 ], [ 8.13371, 52.2334 ], [ 8.13384, 52.23397 ], [ 8.13361, 52.2339 ], [ 8.13325, 52.23497 ], [ 8.13411, 52.23508 ], [ 8.1336, 52.23589 ], [ 8.13244, 52.23575 ], [ 8.13202, 52.23679 ], [ 8.13097, 52.23681 ], [ 8.13072, 52.2374 ], [ 8.13089, 52.23838 ], [ 8.1326, 52.23854 ], [ 8.13256, 52.24008 ], [ 8.13167, 52.24208 ], [ 8.13124, 52.24205 ], [ 8.12992, 52.24357 ], [ 8.13017, 52.24367 ], [ 8.12559, 52.24601 ], [ 8.12721, 52.24891 ], [ 8.12616, 52.25032 ], [ 8.12559, 52.25036 ], [ 8.12741, 52.25176 ], [ 8.12962, 52.25239 ], [ 8.13117, 52.25239 ], [ 8.13112, 52.25348 ], [ 8.12891, 52.2538 ], [ 8.12879, 52.25447 ], [ 8.12766, 52.2542 ], [ 8.12761, 52.25466 ], [ 8.12681, 52.25463 ], [ 8.12639, 52.25505 ], [ 8.12733, 52.25795 ], [ 8.12581, 52.2583 ], [ 8.12617, 52.25903 ], [ 8.12265, 52.26 ], [ 8.1228, 52.26034 ], [ 8.1216, 52.26068 ], [ 8.1227, 52.26144 ], [ 8.1235, 52.26113 ], [ 8.1242, 52.26191 ], [ 8.12497, 52.26205 ], [ 8.12562, 52.26157 ], [ 8.12737, 52.26269 ], [ 8.12885, 52.26198 ], [ 8.12917, 52.26228 ], [ 8.13061, 52.26225 ], [ 8.13224, 52.26352 ], [ 8.13384, 52.2633 ], [ 8.13563, 52.26451 ], [ 8.13822, 52.26453 ], [ 8.1402, 52.26309 ], [ 8.14393, 52.26254 ], [ 8.14515, 52.26306 ], [ 8.14548, 52.26246 ], [ 8.1475, 52.26211 ], [ 8.14966, 52.26478 ], [ 8.1502, 52.26475 ], [ 8.15037, 52.26542 ], [ 8.15711, 52.26507 ], [ 8.15754, 52.26685 ], [ 8.15907, 52.26697 ], [ 8.15853, 52.27028 ], [ 8.15969, 52.27017 ], [ 8.16011, 52.26937 ], [ 8.16348, 52.26981 ], [ 8.16355, 52.26954 ], [ 8.16588, 52.27065 ], [ 8.167, 52.27068 ], [ 8.1673, 52.27279 ], [ 8.16628, 52.27267 ], [ 8.16596, 52.27122 ], [ 8.16393, 52.27175 ], [ 8.16399, 52.27258 ], [ 8.166, 52.27266 ], [ 8.16614, 52.27341 ], [ 8.16748, 52.27347 ], [ 8.16764, 52.2744 ], [ 8.16672, 52.27617 ], [ 8.16724, 52.27659 ], [ 8.16741, 52.2763 ], [ 8.17207, 52.27906 ], [ 8.17459, 52.27908 ], [ 8.17531, 52.28045 ], [ 8.17908, 52.28163 ], [ 8.17771, 52.28258 ], [ 8.17659, 52.28188 ], [ 8.17554, 52.28204 ], [ 8.17654, 52.28303 ], [ 8.17774, 52.28319 ], [ 8.18022, 52.28224 ], [ 8.17993, 52.28284 ], [ 8.17776, 52.28387 ], [ 8.17866, 52.28449 ], [ 8.17844, 52.28456 ], [ 8.18066, 52.28486 ], [ 8.17986, 52.28811 ], [ 8.17946, 52.28842 ], [ 8.17512, 52.28703 ], [ 8.17612, 52.28632 ], [ 8.17581, 52.28578 ], [ 8.17397, 52.28557 ], [ 8.17382, 52.2865 ], [ 8.17303, 52.28637 ], [ 8.17105, 52.28912 ], [ 8.17228, 52.28941 ], [ 8.17127, 52.29024 ], [ 8.1703, 52.29179 ], [ 8.17045, 52.29194 ], [ 8.16874, 52.29317 ], [ 8.16939, 52.29354 ], [ 8.16855, 52.2941 ], [ 8.16825, 52.2939 ], [ 8.16706, 52.29493 ], [ 8.16741, 52.29503 ], [ 8.16684, 52.29575 ], [ 8.16581, 52.29562 ], [ 8.16497, 52.29778 ], [ 8.16444, 52.29769 ], [ 8.16525, 52.29554 ], [ 8.16436, 52.29536 ], [ 8.16354, 52.29751 ], [ 8.1632, 52.29743 ], [ 8.164, 52.29527 ], [ 8.16124, 52.29473 ], [ 8.16154, 52.29386 ], [ 8.16086, 52.29324 ], [ 8.15985, 52.29287 ], [ 8.15883, 52.29489 ], [ 8.15827, 52.29501 ], [ 8.15714, 52.29631 ], [ 8.15679, 52.29742 ], [ 8.15676, 52.2958 ], [ 8.15721, 52.29487 ], [ 8.15335, 52.29337 ], [ 8.15158, 52.29474 ], [ 8.15278, 52.29626 ], [ 8.15397, 52.297 ], [ 8.15296, 52.29847 ], [ 8.1514, 52.29861 ], [ 8.15114, 52.29982 ], [ 8.15086, 52.29993 ], [ 8.15122, 52.29833 ], [ 8.1496, 52.29807 ], [ 8.14944, 52.29961 ], [ 8.14823, 52.29942 ], [ 8.14791, 52.29861 ], [ 8.14526, 52.29826 ], [ 8.1443, 52.29636 ], [ 8.14293, 52.29574 ], [ 8.14039, 52.29673 ], [ 8.13691, 52.29542 ], [ 8.13526, 52.2954 ], [ 8.13442, 52.29668 ], [ 8.13392, 52.29623 ], [ 8.13478, 52.29485 ], [ 8.13617, 52.29353 ], [ 8.13404, 52.29274 ], [ 8.1299, 52.29421 ], [ 8.12631, 52.29305 ], [ 8.12256, 52.291 ], [ 8.1194, 52.29055 ], [ 8.11787, 52.2926 ], [ 8.11557, 52.29491 ], [ 8.11414, 52.29553 ], [ 8.10889, 52.29604 ], [ 8.10701, 52.29769 ], [ 8.1098, 52.29894 ], [ 8.10769, 52.30131 ], [ 8.1066, 52.30177 ], [ 8.10531, 52.30136 ], [ 8.10471, 52.303 ], [ 8.09735, 52.30745 ], [ 8.09714, 52.31115 ], [ 8.09798, 52.31314 ], [ 8.09997, 52.31395 ], [ 8.09976, 52.31633 ], [ 8.09855, 52.31854 ], [ 8.09793, 52.32045 ], [ 8.09069, 52.31988 ], [ 8.08755, 52.31895 ], [ 8.08728, 52.31834 ], [ 8.08629, 52.3176 ], [ 8.0855, 52.31851 ], [ 8.08559, 52.31891 ], [ 8.08504, 52.31999 ], [ 8.08326, 52.31984 ], [ 8.08127, 52.31914 ], [ 8.07802, 52.31736 ], [ 8.07582, 52.3169 ], [ 8.07456, 52.31603 ], [ 8.07056, 52.31565 ], [ 8.06871, 52.31567 ], [ 8.06641, 52.3162 ], [ 8.06169, 52.31604 ], [ 8.05611, 52.31837 ], [ 8.04608, 52.31873 ], [ 8.02853, 52.31773 ], [ 8.02825, 52.31832 ], [ 8.02027, 52.31922 ], [ 8.02022, 52.32272 ], [ 8.02123, 52.32468 ], [ 8.02163, 52.32493 ], [ 8.02213, 52.32643 ], [ 8.01984, 52.32699 ], [ 8.019, 52.32755 ], [ 8.01875, 52.32815 ], [ 8.01614, 52.32906 ], [ 8.01436, 52.33262 ], [ 8.01406, 52.33258 ], [ 8.01279, 52.33386 ], [ 8.01071, 52.33743 ], [ 8.00689, 52.33624 ], [ 7.99743, 52.3341 ], [ 7.98505, 52.33081 ], [ 7.97201, 52.32621 ], [ 7.96584, 52.32327 ], [ 7.96563, 52.32366 ], [ 7.96597, 52.32297 ], [ 7.96693, 52.32244 ], [ 7.96745, 52.32173 ], [ 7.96689, 52.32072 ], [ 7.96696, 52.31992 ], [ 7.97148, 52.31792 ], [ 7.97245, 52.31656 ], [ 7.97498, 52.31568 ], [ 7.97674, 52.31447 ], [ 7.97722, 52.31379 ], [ 7.97656, 52.31272 ], [ 7.97731, 52.3123 ], [ 7.97752, 52.31173 ], [ 7.98077, 52.31101 ], [ 7.98204, 52.31002 ], [ 7.98578, 52.31042 ], [ 7.98719, 52.3103 ], [ 7.98741, 52.30972 ], [ 7.98867, 52.30943 ], [ 7.99096, 52.30941 ], [ 7.9909, 52.3077 ], [ 7.99133, 52.30746 ], [ 7.98926, 52.30343 ], [ 7.95786, 52.30552 ], [ 7.94897, 52.30547 ], [ 7.94049, 52.30281 ], [ 7.93491, 52.30221 ], [ 7.93451, 52.30169 ], [ 7.93196, 52.30175 ], [ 7.93241, 52.30125 ], [ 7.93279, 52.29965 ], [ 7.93164, 52.29827 ], [ 7.93233, 52.29769 ], [ 7.93253, 52.29683 ], [ 7.93295, 52.29646 ], [ 7.93277, 52.29525 ], [ 7.93237, 52.29444 ], [ 7.92999, 52.29316 ], [ 7.93018, 52.29272 ], [ 7.92971, 52.29232 ], [ 7.93153, 52.29179 ], [ 7.93178, 52.29146 ], [ 7.93146, 52.28962 ], [ 7.93191, 52.28965 ], [ 7.93222, 52.2881 ], [ 7.93107, 52.28636 ], [ 7.93498, 52.28578 ] ] ] } },
{ "type": "Feature", "properties": { "stadt": "Mülheim an der Ruhr" }, "geometry": { "type": "Polygon", "coordinates": [ [ [ 6.8459, 51.45804 ], [ 6.8428, 51.45064 ], [ 6.82738, 51.4487 ], [ 6.82452, 51.45285 ], [ 6.82138, 51.45545 ], [ 6.81764, 51.45688 ], [ 6.81363, 51.45697 ], [ 6.81008, 51.45551 ], [ 6.81041, 51.44911 ], [ 6.8099, 51.44855 ], [ 6.80667, 51.44725 ], [ 6.81019, 51.44581 ], [ 6.80901, 51.44561 ], [ 6.81632, 51.4426 ], [ 6.81549, 51.44082 ], [ 6.81631, 51.44054 ], [ 6.81572, 51.43861 ], [ 6.81831, 51.43842 ], [ 6.81808, 51.43602 ], [ 6.8186, 51.4264 ], [ 6.81774, 51.42439 ], [ 6.81797, 51.42321 ], [ 6.81653, 51.41966 ], [ 6.81656, 51.41426 ], [ 6.81712, 51.40999 ], [ 6.81483, 51.40596 ], [ 6.81404, 51.40532 ], [ 6.81386, 51.4048 ], [ 6.81463, 51.40287 ], [ 6.81233, 51.39975 ], [ 6.81382, 51.39873 ], [ 6.81665, 51.39489 ], [ 6.81703, 51.39155 ], [ 6.81609, 51.38647 ], [ 6.81531, 51.384 ], [ 6.81537, 51.38221 ], [ 6.81657, 51.37888 ], [ 6.81405, 51.37731 ], [ 6.81351, 51.3764 ], [ 6.81526, 51.36911 ], [ 6.81714, 51.368 ], [ 6.82036, 51.36812 ], [ 6.82448, 51.36751 ], [ 6.82834, 51.35812 ], [ 6.82612, 51.3579 ], [ 6.83138, 51.35074 ], [ 6.83279, 51.35149 ], [ 6.84151, 51.35452 ], [ 6.84302, 51.35485 ], [ 6.84499, 51.35475 ], [ 6.84572, 51.3562 ], [ 6.84982, 51.36042 ], [ 6.84535, 51.36382 ], [ 6.84522, 51.36511 ], [ 6.84572, 51.36549 ], [ 6.84889, 51.3644 ], [ 6.85093, 51.36306 ], [ 6.85079, 51.36291 ], [ 6.85154, 51.36248 ], [ 6.85146, 51.36217 ], [ 6.85308, 51.36155 ], [ 6.85343, 51.36227 ], [ 6.85535, 51.36222 ], [ 6.85601, 51.36305 ], [ 6.85798, 51.36338 ], [ 6.85883, 51.36305 ], [ 6.85917, 51.36251 ], [ 6.8605, 51.36169 ], [ 6.86186, 51.36265 ], [ 6.8672, 51.36306 ], [ 6.86703, 51.3636 ], [ 6.86738, 51.3638 ], [ 6.86589, 51.36436 ], [ 6.86627, 51.36472 ], [ 6.86853, 51.36422 ], [ 6.87009, 51.36455 ], [ 6.87072, 51.36386 ], [ 6.87057, 51.36343 ], [ 6.87193, 51.3645 ], [ 6.873, 51.36492 ], [ 6.87389, 51.36499 ], [ 6.87433, 51.36462 ], [ 6.8758, 51.36501 ], [ 6.87654, 51.36368 ], [ 6.87768, 51.3634 ], [ 6.87912, 51.36417 ], [ 6.88168, 51.36469 ], [ 6.88869, 51.37061 ], [ 6.8894, 51.37075 ], [ 6.8903, 51.37179 ], [ 6.89207, 51.37131 ], [ 6.89368, 51.37025 ], [ 6.89544, 51.3709 ], [ 6.89533, 51.37006 ], [ 6.89583, 51.36986 ], [ 6.89559, 51.36965 ], [ 6.89619, 51.36912 ], [ 6.89556, 51.36895 ], [ 6.89629, 51.36777 ], [ 6.89734, 51.36854 ], [ 6.89915, 51.36909 ], [ 6.89931, 51.36882 ], [ 6.89971, 51.36893 ], [ 6.90042, 51.36789 ], [ 6.90013, 51.36727 ], [ 6.90046, 51.36666 ], [ 6.90186, 51.36789 ], [ 6.90355, 51.36776 ], [ 6.90421, 51.36815 ], [ 6.90509, 51.3676 ], [ 6.90601, 51.36776 ], [ 6.90725, 51.36825 ], [ 6.90628, 51.36879 ], [ 6.91204, 51.37255 ], [ 6.91365, 51.37162 ], [ 6.91478, 51.37277 ], [ 6.91513, 51.37374 ], [ 6.91634, 51.37467 ], [ 6.91246, 51.37634 ], [ 6.90981, 51.37793 ], [ 6.91099, 51.37859 ], [ 6.91093, 51.37915 ], [ 6.9124, 51.37991 ], [ 6.91353, 51.37899 ], [ 6.91499, 51.3797 ], [ 6.91546, 51.37937 ], [ 6.91783, 51.38077 ], [ 6.91938, 51.38117 ], [ 6.91984, 51.38165 ], [ 6.91969, 51.38182 ], [ 6.92215, 51.38198 ], [ 6.92618, 51.38287 ], [ 6.92676, 51.3821 ], [ 6.92902, 51.38338 ], [ 6.92751, 51.38537 ], [ 6.93072, 51.38643 ], [ 6.9333, 51.38771 ], [ 6.93401, 51.38726 ], [ 6.93756, 51.38751 ], [ 6.94077, 51.38817 ], [ 6.94326, 51.38932 ], [ 6.94559, 51.39272 ], [ 6.94359, 51.39483 ], [ 6.94206, 51.39557 ], [ 6.93991, 51.39608 ], [ 6.93887, 51.39733 ], [ 6.94472, 51.39983 ], [ 6.94393, 51.40853 ], [ 6.94356, 51.40935 ], [ 6.94416, 51.40939 ], [ 6.94443, 51.40987 ], [ 6.94413, 51.4106 ], [ 6.94505, 51.41173 ], [ 6.94433, 51.41258 ], [ 6.94448, 51.41383 ], [ 6.94379, 51.41448 ], [ 6.94445, 51.41488 ], [ 6.94411, 51.41504 ], [ 6.94426, 51.41529 ], [ 6.94889, 51.42032 ], [ 6.95146, 51.42219 ], [ 6.95437, 51.42334 ], [ 6.95407, 51.42527 ], [ 6.95438, 51.42533 ], [ 6.95396, 51.42603 ], [ 6.95467, 51.42936 ], [ 6.95119, 51.43185 ], [ 6.95563, 51.43263 ], [ 6.95581, 51.43308 ], [ 6.95782, 51.43326 ], [ 6.95787, 51.43465 ], [ 6.95673, 51.43698 ], [ 6.95936, 51.43746 ], [ 6.95903, 51.43837 ], [ 6.95953, 51.43892 ], [ 6.95954, 51.43947 ], [ 6.95912, 51.43934 ], [ 6.95494, 51.44395 ], [ 6.95351, 51.44757 ], [ 6.95192, 51.44908 ], [ 6.95008, 51.44958 ], [ 6.94649, 51.44738 ], [ 6.94315, 51.44734 ], [ 6.93797, 51.45038 ], [ 6.93318, 51.4507 ], [ 6.9316, 51.45128 ], [ 6.9277, 51.45122 ], [ 6.92309, 51.45027 ], [ 6.91791, 51.45 ], [ 6.91534, 51.45025 ], [ 6.9162, 51.45372 ], [ 6.91703, 51.45491 ], [ 6.91682, 51.45702 ], [ 6.91713, 51.4583 ], [ 6.91671, 51.45927 ], [ 6.91668, 51.4602 ], [ 6.91699, 51.46045 ], [ 6.91665, 51.46104 ], [ 6.91713, 51.46126 ], [ 6.91687, 51.46193 ], [ 6.91721, 51.46266 ], [ 6.91606, 51.46314 ], [ 6.91577, 51.46441 ], [ 6.91396, 51.4655 ], [ 6.91299, 51.46695 ], [ 6.91221, 51.46698 ], [ 6.91202, 51.4673 ], [ 6.90992, 51.46786 ], [ 6.90942, 51.46849 ], [ 6.90885, 51.46861 ], [ 6.90907, 51.46892 ], [ 6.90781, 51.46905 ], [ 6.90767, 51.46949 ], [ 6.90643, 51.46953 ], [ 6.90616, 51.47006 ], [ 6.90557, 51.47019 ], [ 6.90453, 51.46969 ], [ 6.90163, 51.47111 ], [ 6.89987, 51.47145 ], [ 6.89697, 51.46978 ], [ 6.89408, 51.46865 ], [ 6.88813, 51.46707 ], [ 6.88822, 51.46687 ], [ 6.88703, 51.46649 ], [ 6.87163, 51.45813 ], [ 6.87037, 51.45775 ], [ 6.86796, 51.45779 ], [ 6.86591, 51.45822 ], [ 6.86601, 51.45854 ], [ 6.86377, 51.45868 ], [ 6.86155, 51.45855 ], [ 6.86057, 51.45794 ], [ 6.8459, 51.45804 ] ] ] } },
{ "type": "Feature", "properties": { "stadt": "Solingen" }, "geometry": { "type": "Polygon", "coordinates": [ [ [ 7.04265, 51.20535 ], [ 7.04251, 51.20562 ], [ 7.0421, 51.20536 ], [ 7.04282, 51.2044 ], [ 7.0426, 51.20432 ], [ 7.04372, 51.20339 ], [ 7.04127, 51.20239 ], [ 7.04164, 51.20193 ], [ 7.03988, 51.20129 ], [ 7.03942, 51.19984 ], [ 7.0397, 51.19978 ], [ 7.03823, 51.19819 ], [ 7.03741, 51.1965 ], [ 7.03561, 51.19503 ], [ 7.03383, 51.19453 ], [ 7.03327, 51.19405 ], [ 7.03274, 51.19385 ], [ 7.03219, 51.19435 ], [ 7.03, 51.19305 ], [ 7.02816, 51.19134 ], [ 7.0279, 51.19052 ], [ 7.02826, 51.18924 ], [ 7.0298, 51.18973 ], [ 7.02933, 51.18865 ], [ 7.02954, 51.18865 ], [ 7.02731, 51.1879 ], [ 7.02681, 51.18821 ], [ 7.02568, 51.18818 ], [ 7.02384, 51.18713 ], [ 7.01882, 51.18631 ], [ 7.01797, 51.18531 ], [ 7.01818, 51.18527 ], [ 7.01692, 51.18428 ], [ 7.01627, 51.18456 ], [ 7.01577, 51.18427 ], [ 7.01576, 51.18388 ], [ 7.01441, 51.1836 ], [ 7.01371, 51.18282 ], [ 7.01376, 51.18236 ], [ 7.01326, 51.18205 ], [ 7.01167, 51.1822 ], [ 7.01086, 51.18176 ], [ 7.01038, 51.18185 ], [ 7.00956, 51.18119 ], [ 7.00791, 51.18082 ], [ 7.00627, 51.17931 ], [ 7.00404, 51.17967 ], [ 7.0033, 51.17923 ], [ 7.00166, 51.17898 ], [ 7.00043, 51.17758 ], [ 6.99692, 51.1767 ], [ 6.997, 51.17645 ], [ 6.99323, 51.1758 ], [ 6.99246, 51.17544 ], [ 6.99223, 51.17457 ], [ 6.99024, 51.17414 ], [ 6.98883, 51.17428 ], [ 6.98747, 51.17319 ], [ 6.98608, 51.17361 ], [ 6.98648, 51.17233 ], [ 6.98599, 51.17171 ], [ 6.9866, 51.17105 ], [ 6.98456, 51.16765 ], [ 6.98476, 51.16733 ], [ 6.98396, 51.16736 ], [ 6.98234, 51.16571 ], [ 6.96517, 51.1667 ], [ 6.95939, 51.16393 ], [ 6.9608, 51.16119 ], [ 6.95969, 51.16032 ], [ 6.9588, 51.15703 ], [ 6.95548, 51.15741 ], [ 6.95186, 51.14939 ], [ 6.95114, 51.14696 ], [ 6.95488, 51.147 ], [ 6.95765, 51.14611 ], [ 6.96152, 51.14643 ], [ 6.96291, 51.14416 ], [ 6.96323, 51.14406 ], [ 6.96721, 51.14797 ], [ 6.96877, 51.14831 ], [ 6.97103, 51.14939 ], [ 6.97122, 51.14884 ], [ 6.9728, 51.14882 ], [ 6.97416, 51.14769 ], [ 6.97465, 51.14814 ], [ 6.97579, 51.14814 ], [ 6.97742, 51.14658 ], [ 6.97818, 51.14681 ], [ 6.98055, 51.14547 ], [ 6.98097, 51.14479 ], [ 6.98358, 51.14525 ], [ 6.9859, 51.14626 ], [ 6.98786, 51.14516 ], [ 6.99135, 51.14534 ], [ 6.99441, 51.14467 ], [ 6.9965, 51.13992 ], [ 6.99834, 51.13385 ], [ 6.99772, 51.13205 ], [ 6.99558, 51.13027 ], [ 6.99403, 51.12747 ], [ 6.99346, 51.12578 ], [ 6.99486, 51.12486 ], [ 6.99626, 51.1249 ], [ 6.99638, 51.12321 ], [ 6.99829, 51.11969 ], [ 6.99978, 51.1202 ], [ 7.00055, 51.12157 ], [ 7.0021, 51.12242 ], [ 7.00338, 51.12221 ], [ 7.00345, 51.12298 ], [ 7.01253, 51.12396 ], [ 7.02138, 51.12896 ], [ 7.02558, 51.13018 ], [ 7.03071, 51.13037 ], [ 7.03508, 51.13186 ], [ 7.04085, 51.13189 ], [ 7.04325, 51.13224 ], [ 7.0444, 51.13205 ], [ 7.05272, 51.12652 ], [ 7.05556, 51.12522 ], [ 7.05805, 51.12471 ], [ 7.0594, 51.12492 ], [ 7.06025, 51.12612 ], [ 7.0624, 51.12739 ], [ 7.07195, 51.12607 ], [ 7.07456, 51.12613 ], [ 7.07599, 51.12661 ], [ 7.07738, 51.12785 ], [ 7.07674, 51.13029 ], [ 7.07466, 51.13322 ], [ 7.0746, 51.13421 ], [ 7.0751, 51.13538 ], [ 7.07611, 51.13619 ], [ 7.07907, 51.13668 ], [ 7.0828, 51.13822 ], [ 7.08439, 51.13749 ], [ 7.08675, 51.13548 ], [ 7.09485, 51.13345 ], [ 7.09602, 51.13352 ], [ 7.09675, 51.13396 ], [ 7.09611, 51.1377 ], [ 7.09671, 51.13842 ], [ 7.09938, 51.13832 ], [ 7.10251, 51.13694 ], [ 7.1053, 51.13693 ], [ 7.10848, 51.13794 ], [ 7.10989, 51.13762 ], [ 7.11061, 51.13723 ], [ 7.11095, 51.13658 ], [ 7.11101, 51.13461 ], [ 7.11135, 51.13384 ], [ 7.11372, 51.13336 ], [ 7.11672, 51.13337 ], [ 7.11688, 51.13245 ], [ 7.11748, 51.1324 ], [ 7.11578, 51.13043 ], [ 7.11855, 51.12987 ], [ 7.1179, 51.12812 ], [ 7.11806, 51.12705 ], [ 7.11694, 51.12604 ], [ 7.1184, 51.12518 ], [ 7.11799, 51.1246 ], [ 7.11865, 51.1242 ], [ 7.11958, 51.1248 ], [ 7.11967, 51.12425 ], [ 7.1193, 51.12404 ], [ 7.11957, 51.12313 ], [ 7.11897, 51.12254 ], [ 7.12007, 51.12255 ], [ 7.12217, 51.12164 ], [ 7.12612, 51.12171 ], [ 7.1266, 51.12203 ], [ 7.12792, 51.12163 ], [ 7.12847, 51.12177 ], [ 7.12925, 51.12106 ], [ 7.12859, 51.12079 ], [ 7.12997, 51.11978 ], [ 7.12936, 51.11928 ], [ 7.12967, 51.11933 ], [ 7.1304, 51.11794 ], [ 7.13301, 51.11808 ], [ 7.13354, 51.11843 ], [ 7.13361, 51.11711 ], [ 7.1359, 51.11687 ], [ 7.13682, 51.11841 ], [ 7.14033, 51.11934 ], [ 7.14038, 51.11873 ], [ 7.1409, 51.11825 ], [ 7.14476, 51.11911 ], [ 7.14503, 51.11853 ], [ 7.14619, 51.11786 ], [ 7.14602, 51.11688 ], [ 7.14451, 51.11637 ], [ 7.14475, 51.11564 ], [ 7.14417, 51.11527 ], [ 7.14482, 51.11485 ], [ 7.14581, 51.11562 ], [ 7.14816, 51.11517 ], [ 7.14723, 51.11435 ], [ 7.14826, 51.1142 ], [ 7.15139, 51.11693 ], [ 7.15424, 51.11846 ], [ 7.15443, 51.11906 ], [ 7.1555, 51.1191 ], [ 7.15653, 51.11995 ], [ 7.17325, 51.1242 ], [ 7.17204, 51.12532 ], [ 7.17171, 51.12509 ], [ 7.17168, 51.12521 ], [ 7.17235, 51.1256 ], [ 7.17186, 51.12623 ], [ 7.17208, 51.12673 ], [ 7.17404, 51.1276 ], [ 7.17386, 51.12824 ], [ 7.1719, 51.12809 ], [ 7.16974, 51.12643 ], [ 7.1683, 51.12847 ], [ 7.16834, 51.12892 ], [ 7.16582, 51.12817 ], [ 7.16272, 51.12933 ], [ 7.16508, 51.13009 ], [ 7.1653, 51.13137 ], [ 7.16593, 51.13181 ], [ 7.16468, 51.13103 ], [ 7.15979, 51.13326 ], [ 7.16089, 51.13461 ], [ 7.16324, 51.13582 ], [ 7.1635, 51.13631 ], [ 7.16386, 51.13622 ], [ 7.16663, 51.13773 ], [ 7.16899, 51.13854 ], [ 7.16902, 51.13912 ], [ 7.17016, 51.13887 ], [ 7.1698, 51.13907 ], [ 7.16964, 51.13972 ], [ 7.16758, 51.14067 ], [ 7.1671, 51.14206 ], [ 7.16744, 51.14484 ], [ 7.1652, 51.14568 ], [ 7.16265, 51.14496 ], [ 7.16008, 51.14472 ], [ 7.16062, 51.14632 ], [ 7.16312, 51.14668 ], [ 7.16242, 51.14851 ], [ 7.16364, 51.14929 ], [ 7.16374, 51.14963 ], [ 7.16342, 51.14983 ], [ 7.1643, 51.15011 ], [ 7.16384, 51.15063 ], [ 7.16468, 51.15163 ], [ 7.16398, 51.15224 ], [ 7.16559, 51.15358 ], [ 7.16505, 51.15379 ], [ 7.16402, 51.15515 ], [ 7.16238, 51.15553 ], [ 7.16117, 51.15493 ], [ 7.16021, 51.15518 ], [ 7.16066, 51.1555 ], [ 7.1594, 51.15565 ], [ 7.15904, 51.15451 ], [ 7.15913, 51.15402 ], [ 7.15955, 51.15389 ], [ 7.15705, 51.15256 ], [ 7.15548, 51.1512 ], [ 7.15473, 51.15113 ], [ 7.15428, 51.14784 ], [ 7.15254, 51.1476 ], [ 7.15218, 51.14727 ], [ 7.15233, 51.147 ], [ 7.15052, 51.14575 ], [ 7.14984, 51.14587 ], [ 7.14968, 51.14552 ], [ 7.14763, 51.1447 ], [ 7.14734, 51.1442 ], [ 7.14756, 51.14242 ], [ 7.14667, 51.14246 ], [ 7.14669, 51.14285 ], [ 7.14584, 51.1429 ], [ 7.14599, 51.14229 ], [ 7.14549, 51.14245 ], [ 7.14484, 51.14294 ], [ 7.14466, 51.14365 ], [ 7.14418, 51.14285 ], [ 7.14346, 51.14294 ], [ 7.14221, 51.14349 ], [ 7.14278, 51.14414 ], [ 7.1419, 51.14468 ], [ 7.14084, 51.14456 ], [ 7.13895, 51.14496 ], [ 7.13883, 51.1455 ], [ 7.1391, 51.14708 ], [ 7.13952, 51.14729 ], [ 7.13934, 51.14751 ], [ 7.13839, 51.14744 ], [ 7.13656, 51.14861 ], [ 7.13449, 51.14922 ], [ 7.13555, 51.15065 ], [ 7.13519, 51.15407 ], [ 7.1361, 51.15652 ], [ 7.13563, 51.15692 ], [ 7.13207, 51.15745 ], [ 7.13106, 51.1579 ], [ 7.13105, 51.15819 ], [ 7.13289, 51.15996 ], [ 7.13806, 51.16255 ], [ 7.13866, 51.16351 ], [ 7.13861, 51.16425 ], [ 7.13614, 51.16567 ], [ 7.13336, 51.16633 ], [ 7.13215, 51.16985 ], [ 7.12837, 51.17425 ], [ 7.12776, 51.1746 ], [ 7.12335, 51.17542 ], [ 7.12176, 51.17651 ], [ 7.12149, 51.17714 ], [ 7.12166, 51.17761 ], [ 7.12535, 51.18038 ], [ 7.12577, 51.18123 ], [ 7.12568, 51.18261 ], [ 7.11367, 51.18406 ], [ 7.11329, 51.18635 ], [ 7.11394, 51.18749 ], [ 7.11114, 51.18992 ], [ 7.10656, 51.19571 ], [ 7.10651, 51.19643 ], [ 7.10789, 51.20183 ], [ 7.10768, 51.20306 ], [ 7.10714, 51.20372 ], [ 7.10368, 51.20606 ], [ 7.1045, 51.20756 ], [ 7.10748, 51.21038 ], [ 7.10767, 51.21161 ], [ 7.10715, 51.21236 ], [ 7.1053, 51.21372 ], [ 7.10492, 51.21454 ], [ 7.10353, 51.21475 ], [ 7.10229, 51.21623 ], [ 7.10119, 51.21647 ], [ 7.10036, 51.21629 ], [ 7.09755, 51.21735 ], [ 7.09607, 51.21727 ], [ 7.09514, 51.21757 ], [ 7.09304, 51.21912 ], [ 7.09244, 51.22024 ], [ 7.09187, 51.22038 ], [ 7.0847, 51.21975 ], [ 7.08249, 51.22021 ], [ 7.08075, 51.21925 ], [ 7.0769, 51.21813 ], [ 7.0756, 51.2183 ], [ 7.06582, 51.21734 ], [ 7.06017, 51.21413 ], [ 7.05767, 51.21016 ], [ 7.0561, 51.21058 ], [ 7.05233, 51.21055 ], [ 7.04691, 51.20839 ], [ 7.04452, 51.20693 ], [ 7.0446, 51.20589 ], [ 7.04403, 51.20579 ], [ 7.04387, 51.20608 ], [ 7.04265, 51.20535 ] ] ] } },
{ "type": "Feature", "properties": { "stadt": "Oldenburg" }, "geometry": { "type": "Polygon", "coordinates": [ [ [ 8.29428, 53.19116 ], [ 8.28944, 53.18942 ], [ 8.27745, 53.1889 ], [ 8.27541, 53.19143 ], [ 8.27354, 53.19114 ], [ 8.26904, 53.19151 ], [ 8.26604, 53.19247 ], [ 8.25491, 53.19333 ], [ 8.2526, 53.19388 ], [ 8.25158, 53.19454 ], [ 8.24947, 53.19501 ], [ 8.24801, 53.19499 ], [ 8.2462, 53.19592 ], [ 8.24697, 53.19737 ], [ 8.24726, 53.19918 ], [ 8.24401, 53.19972 ], [ 8.24398, 53.20043 ], [ 8.23938, 53.19994 ], [ 8.23779, 53.19916 ], [ 8.23555, 53.19863 ], [ 8.23504, 53.1989 ], [ 8.22691, 53.19812 ], [ 8.22727, 53.19904 ], [ 8.22182, 53.20164 ], [ 8.21903, 53.20228 ], [ 8.21736, 53.20167 ], [ 8.21329, 53.20259 ], [ 8.2096, 53.20288 ], [ 8.20542, 53.20224 ], [ 8.20339, 53.20476 ], [ 8.20171, 53.20361 ], [ 8.20148, 53.20118 ], [ 8.20173, 53.2006 ], [ 8.19992, 53.20107 ], [ 8.19958, 53.20065 ], [ 8.19909, 53.20063 ], [ 8.19729, 53.19658 ], [ 8.19386, 53.19223 ], [ 8.19263, 53.1901 ], [ 8.18995, 53.1912 ], [ 8.17868, 53.1829 ], [ 8.17661, 53.18341 ], [ 8.17493, 53.18209 ], [ 8.17434, 53.18351 ], [ 8.17224, 53.18244 ], [ 8.17055, 53.18354 ], [ 8.16567, 53.17954 ], [ 8.16149, 53.17687 ], [ 8.15922, 53.17402 ], [ 8.16315, 53.17192 ], [ 8.16414, 53.1722 ], [ 8.16559, 53.16973 ], [ 8.16747, 53.17025 ], [ 8.16837, 53.16954 ], [ 8.1667, 53.1693 ], [ 8.16604, 53.16899 ], [ 8.16496, 53.16776 ], [ 8.16396, 53.16754 ], [ 8.16513, 53.1662 ], [ 8.16448, 53.16531 ], [ 8.16264, 53.16496 ], [ 8.16148, 53.1643 ], [ 8.15788, 53.16572 ], [ 8.15795, 53.16502 ], [ 8.15763, 53.16455 ], [ 8.15509, 53.16278 ], [ 8.15469, 53.16193 ], [ 8.15564, 53.16068 ], [ 8.15586, 53.15937 ], [ 8.15558, 53.15813 ], [ 8.15598, 53.15702 ], [ 8.15511, 53.15591 ], [ 8.15516, 53.15549 ], [ 8.15693, 53.15381 ], [ 8.15658, 53.15311 ], [ 8.15488, 53.1522 ], [ 8.15575, 53.15145 ], [ 8.15445, 53.15111 ], [ 8.15393, 53.15007 ], [ 8.15279, 53.14987 ], [ 8.14512, 53.14967 ], [ 8.14568, 53.14756 ], [ 8.14465, 53.1451 ], [ 8.14616, 53.14049 ], [ 8.14573, 53.13472 ], [ 8.14408, 53.13233 ], [ 8.13532, 53.12744 ], [ 8.13438, 53.12701 ], [ 8.13167, 53.12707 ], [ 8.12967, 53.11458 ], [ 8.13022, 53.10884 ], [ 8.12921, 53.10793 ], [ 8.13023, 53.10795 ], [ 8.13026, 53.10771 ], [ 8.17475, 53.10913 ], [ 8.18628, 53.11179 ], [ 8.19192, 53.11221 ], [ 8.19569, 53.11307 ], [ 8.19888, 53.11293 ], [ 8.20097, 53.11409 ], [ 8.2018, 53.11307 ], [ 8.20414, 53.11266 ], [ 8.20482, 53.11212 ], [ 8.2031, 53.10931 ], [ 8.20268, 53.1038 ], [ 8.20308, 53.1019 ], [ 8.19764, 53.09844 ], [ 8.19501, 53.09595 ], [ 8.19498, 53.09565 ], [ 8.19618, 53.09482 ], [ 8.196, 53.09428 ], [ 8.19457, 53.09407 ], [ 8.19462, 53.09299 ], [ 8.19411, 53.09199 ], [ 8.19505, 53.0921 ], [ 8.19578, 53.09169 ], [ 8.19904, 53.0918 ], [ 8.19942, 53.09147 ], [ 8.19898, 53.09089 ], [ 8.20167, 53.09089 ], [ 8.20368, 53.08994 ], [ 8.2043, 53.09009 ], [ 8.20473, 53.08938 ], [ 8.20616, 53.08872 ], [ 8.20632, 53.08755 ], [ 8.20757, 53.0868 ], [ 8.21428, 53.08718 ], [ 8.21555, 53.0854 ], [ 8.22031, 53.08618 ], [ 8.22411, 53.08327 ], [ 8.22733, 53.08412 ], [ 8.23279, 53.08686 ], [ 8.23649, 53.08649 ], [ 8.25889, 53.09283 ], [ 8.26308, 53.09359 ], [ 8.27174, 53.09645 ], [ 8.27683, 53.09671 ], [ 8.28007, 53.09729 ], [ 8.27847, 53.10323 ], [ 8.27783, 53.10458 ], [ 8.27889, 53.10552 ], [ 8.28326, 53.11416 ], [ 8.28474, 53.11606 ], [ 8.28439, 53.11704 ], [ 8.28471, 53.1177 ], [ 8.28455, 53.11808 ], [ 8.28607, 53.11769 ], [ 8.28629, 53.12115 ], [ 8.28565, 53.12139 ], [ 8.28792, 53.12801 ], [ 8.28807, 53.12975 ], [ 8.28846, 53.1305 ], [ 8.28943, 53.13198 ], [ 8.29064, 53.13304 ], [ 8.29461, 53.13574 ], [ 8.29697, 53.13859 ], [ 8.30063, 53.1398 ], [ 8.29912, 53.14166 ], [ 8.29958, 53.1432 ], [ 8.29915, 53.14466 ], [ 8.29966, 53.14548 ], [ 8.30094, 53.14607 ], [ 8.30302, 53.14623 ], [ 8.30461, 53.14681 ], [ 8.30653, 53.15007 ], [ 8.30631, 53.15004 ], [ 8.30844, 53.15068 ], [ 8.31224, 53.15278 ], [ 8.31064, 53.15385 ], [ 8.30935, 53.15347 ], [ 8.30796, 53.15575 ], [ 8.30706, 53.15574 ], [ 8.30547, 53.15786 ], [ 8.3051, 53.15785 ], [ 8.30458, 53.16057 ], [ 8.302, 53.16077 ], [ 8.30174, 53.16173 ], [ 8.30208, 53.16325 ], [ 8.30072, 53.16502 ], [ 8.29979, 53.16562 ], [ 8.29958, 53.16623 ], [ 8.2966, 53.16665 ], [ 8.29683, 53.16773 ], [ 8.30202, 53.16715 ], [ 8.30249, 53.16726 ], [ 8.30251, 53.16763 ], [ 8.29596, 53.16839 ], [ 8.2966, 53.16989 ], [ 8.29883, 53.16894 ], [ 8.29976, 53.16926 ], [ 8.29885, 53.17058 ], [ 8.29694, 53.17125 ], [ 8.29618, 53.17207 ], [ 8.29227, 53.18044 ], [ 8.30228, 53.18492 ], [ 8.30388, 53.18899 ], [ 8.30173, 53.18925 ], [ 8.3003, 53.19007 ], [ 8.30027, 53.19152 ], [ 8.29793, 53.19188 ], [ 8.29641, 53.19183 ], [ 8.29626, 53.19151 ], [ 8.29672, 53.19118 ], [ 8.29645, 53.19094 ], [ 8.29428, 53.19116 ] ] ] } },
{ "type": "Feature", "properties": { "stadt": "Ludwigshafen am Rhein" }, "geometry": { "type": "Polygon", "coordinates": [ [ [ 8.45695, 49.48039 ], [ 8.45155, 49.48501 ], [ 8.44598, 49.48904 ], [ 8.4443, 49.49065 ], [ 8.44288, 49.49279 ], [ 8.44179, 49.49524 ], [ 8.44064, 49.49961 ], [ 8.43597, 49.51083 ], [ 8.43566, 49.51266 ], [ 8.42385, 49.5403 ], [ 8.42291, 49.54185 ], [ 8.42106, 49.54123 ], [ 8.41802, 49.54334 ], [ 8.41663, 49.54311 ], [ 8.41513, 49.54365 ], [ 8.41065, 49.5441 ], [ 8.40638, 49.54366 ], [ 8.4059, 49.54536 ], [ 8.39951, 49.54573 ], [ 8.39976, 49.54633 ], [ 8.39413, 49.54806 ], [ 8.3912, 49.54541 ], [ 8.38995, 49.54597 ], [ 8.38852, 49.54467 ], [ 8.38473, 49.5446 ], [ 8.38444, 49.54098 ], [ 8.38263, 49.54098 ], [ 8.3823, 49.53756 ], [ 8.37993, 49.53755 ], [ 8.37996, 49.53671 ], [ 8.37934, 49.53657 ], [ 8.37964, 49.53616 ], [ 8.37857, 49.53399 ], [ 8.37678, 49.53276 ], [ 8.37764, 49.53048 ], [ 8.37645, 49.52783 ], [ 8.37649, 49.52636 ], [ 8.37556, 49.52185 ], [ 8.38239, 49.51995 ], [ 8.37335, 49.51177 ], [ 8.36908, 49.50732 ], [ 8.3685, 49.50552 ], [ 8.36828, 49.50281 ], [ 8.36851, 49.50115 ], [ 8.36934, 49.49951 ], [ 8.35666, 49.49618 ], [ 8.35687, 49.49458 ], [ 8.35237, 49.49369 ], [ 8.35263, 49.49236 ], [ 8.35, 49.4918 ], [ 8.35023, 49.49119 ], [ 8.3458, 49.49017 ], [ 8.34613, 49.48928 ], [ 8.31187, 49.4847 ], [ 8.31179, 49.48356 ], [ 8.30875, 49.48318 ], [ 8.30895, 49.48262 ], [ 8.30104, 49.48221 ], [ 8.3012, 49.48169 ], [ 8.2993, 49.48152 ], [ 8.29904, 49.48064 ], [ 8.29841, 49.47999 ], [ 8.29882, 49.47861 ], [ 8.29822, 49.47663 ], [ 8.30059, 49.47222 ], [ 8.30561, 49.47298 ], [ 8.30922, 49.46489 ], [ 8.31169, 49.46037 ], [ 8.31444, 49.46124 ], [ 8.31518, 49.46095 ], [ 8.31607, 49.45989 ], [ 8.31619, 49.45891 ], [ 8.31895, 49.45906 ], [ 8.32138, 49.45985 ], [ 8.32103, 49.46035 ], [ 8.3236, 49.46068 ], [ 8.32391, 49.46144 ], [ 8.33359, 49.46416 ], [ 8.34605, 49.46702 ], [ 8.34699, 49.46714 ], [ 8.34721, 49.46681 ], [ 8.35527, 49.46888 ], [ 8.35559, 49.46974 ], [ 8.35612, 49.46986 ], [ 8.35577, 49.4708 ], [ 8.35998, 49.47134 ], [ 8.361, 49.46396 ], [ 8.36177, 49.46356 ], [ 8.36207, 49.46128 ], [ 8.36298, 49.45884 ], [ 8.36212, 49.45612 ], [ 8.36242, 49.45581 ], [ 8.36524, 49.45719 ], [ 8.37069, 49.45184 ], [ 8.37752, 49.44333 ], [ 8.37572, 49.4425 ], [ 8.38109, 49.43941 ], [ 8.38071, 49.43897 ], [ 8.3891, 49.43585 ], [ 8.38491, 49.43414 ], [ 8.3874, 49.43071 ], [ 8.39385, 49.43146 ], [ 8.39435, 49.4282 ], [ 8.3992, 49.42855 ], [ 8.39943, 49.42726 ], [ 8.40219, 49.42761 ], [ 8.40229, 49.4289 ], [ 8.40276, 49.42954 ], [ 8.40389, 49.43012 ], [ 8.40647, 49.43061 ], [ 8.41149, 49.4267 ], [ 8.41467, 49.42928 ], [ 8.41879, 49.4309 ], [ 8.42084, 49.43332 ], [ 8.42371, 49.43368 ], [ 8.42552, 49.43335 ], [ 8.42542, 49.43272 ], [ 8.42417, 49.43181 ], [ 8.42626, 49.43183 ], [ 8.43082, 49.43388 ], [ 8.43275, 49.43423 ], [ 8.43637, 49.43577 ], [ 8.44634, 49.43889 ], [ 8.44817, 49.4372 ], [ 8.45173, 49.43871 ], [ 8.45454, 49.43656 ], [ 8.45889, 49.43587 ], [ 8.46, 49.43652 ], [ 8.46437, 49.43767 ], [ 8.46999, 49.43807 ], [ 8.47065, 49.43883 ], [ 8.47638, 49.4403 ], [ 8.47667, 49.44064 ], [ 8.47694, 49.44096 ], [ 8.47251, 49.44131 ], [ 8.47251, 49.4435 ], [ 8.4616, 49.44326 ], [ 8.4554, 49.4438 ], [ 8.45172, 49.44458 ], [ 8.4491, 49.44552 ], [ 8.44565, 49.44735 ], [ 8.44373, 49.44901 ], [ 8.44223, 49.45108 ], [ 8.44158, 49.45303 ], [ 8.44177, 49.45531 ], [ 8.4428, 49.45743 ], [ 8.44481, 49.45948 ], [ 8.44689, 49.46077 ], [ 8.44921, 49.46167 ], [ 8.45972, 49.46444 ], [ 8.46202, 49.46592 ], [ 8.46337, 49.46761 ], [ 8.46397, 49.4699 ], [ 8.46326, 49.47226 ], [ 8.46, 49.47716 ], [ 8.45695, 49.48039 ] ] ] } },
{ "type": "Feature", "properties": { "stadt": "Leverkusen" }, "geometry": { "type": "Polygon", "coordinates": [ [ [ 7.09573, 51.02937 ], [ 7.09816, 51.03076 ], [ 7.09768, 51.03156 ], [ 7.09675, 51.03216 ], [ 7.09404, 51.03292 ], [ 7.09322, 51.03428 ], [ 7.09273, 51.03413 ], [ 7.0924, 51.03457 ], [ 7.09532, 51.03596 ], [ 7.09842, 51.03815 ], [ 7.10071, 51.04059 ], [ 7.09735, 51.04252 ], [ 7.09887, 51.04326 ], [ 7.09842, 51.04381 ], [ 7.09826, 51.04483 ], [ 7.09855, 51.04602 ], [ 7.0993, 51.04637 ], [ 7.10036, 51.04636 ], [ 7.10047, 51.0467 ], [ 7.10128, 51.04667 ], [ 7.10138, 51.04769 ], [ 7.10169, 51.04767 ], [ 7.10196, 51.04817 ], [ 7.10206, 51.04907 ], [ 7.1006, 51.04945 ], [ 7.09957, 51.04935 ], [ 7.09733, 51.05027 ], [ 7.09845, 51.05049 ], [ 7.10071, 51.05198 ], [ 7.10277, 51.05249 ], [ 7.10434, 51.05356 ], [ 7.10621, 51.05403 ], [ 7.10718, 51.05478 ], [ 7.10829, 51.05498 ], [ 7.1079, 51.05564 ], [ 7.10887, 51.05589 ], [ 7.10863, 51.05622 ], [ 7.11065, 51.05643 ], [ 7.11109, 51.05623 ], [ 7.11286, 51.05732 ], [ 7.11405, 51.05741 ], [ 7.11608, 51.05815 ], [ 7.11473, 51.05856 ], [ 7.1133, 51.06079 ], [ 7.11194, 51.06091 ], [ 7.11173, 51.06133 ], [ 7.11436, 51.06357 ], [ 7.1088, 51.06451 ], [ 7.10564, 51.06673 ], [ 7.10206, 51.06783 ], [ 7.09981, 51.06816 ], [ 7.09995, 51.0676 ], [ 7.10103, 51.06688 ], [ 7.10103, 51.0656 ], [ 7.0962, 51.06544 ], [ 7.09489, 51.0648 ], [ 7.09369, 51.06601 ], [ 7.09104, 51.06727 ], [ 7.08904, 51.066 ], [ 7.08746, 51.06695 ], [ 7.0869, 51.06649 ], [ 7.08042, 51.06753 ], [ 7.07977, 51.06732 ], [ 7.08017, 51.06685 ], [ 7.07902, 51.06644 ], [ 7.07819, 51.06669 ], [ 7.0775, 51.06635 ], [ 7.07672, 51.06681 ], [ 7.07497, 51.06685 ], [ 7.07466, 51.0672 ], [ 7.07491, 51.06744 ], [ 7.07395, 51.06851 ], [ 7.07399, 51.0689 ], [ 7.07234, 51.06984 ], [ 7.07056, 51.06882 ], [ 7.06939, 51.0686 ], [ 7.06908, 51.06899 ], [ 7.0684, 51.06874 ], [ 7.06769, 51.07017 ], [ 7.06469, 51.07309 ], [ 7.06427, 51.07329 ], [ 7.06323, 51.07284 ], [ 7.06282, 51.07338 ], [ 7.05981, 51.07461 ], [ 7.05927, 51.07549 ], [ 7.05938, 51.07607 ], [ 7.05756, 51.07754 ], [ 7.05925, 51.07854 ], [ 7.06103, 51.07911 ], [ 7.0635, 51.08097 ], [ 7.063, 51.08159 ], [ 7.06449, 51.082 ], [ 7.06436, 51.08258 ], [ 7.06476, 51.08315 ], [ 7.06465, 51.08353 ], [ 7.06405, 51.08349 ], [ 7.06433, 51.08379 ], [ 7.06471, 51.08377 ], [ 7.06511, 51.08424 ], [ 7.0659, 51.0841 ], [ 7.06627, 51.08479 ], [ 7.06726, 51.08466 ], [ 7.06713, 51.08511 ], [ 7.06767, 51.08519 ], [ 7.06749, 51.08549 ], [ 7.06816, 51.0856 ], [ 7.06795, 51.08632 ], [ 7.06936, 51.08662 ], [ 7.06911, 51.0869 ], [ 7.07009, 51.08714 ], [ 7.06997, 51.08734 ], [ 7.07092, 51.08745 ], [ 7.0708, 51.0879 ], [ 7.07031, 51.08781 ], [ 7.07012, 51.08814 ], [ 7.0713, 51.08829 ], [ 7.07133, 51.08919 ], [ 7.07234, 51.08929 ], [ 7.07224, 51.08981 ], [ 7.07284, 51.08977 ], [ 7.07268, 51.09505 ], [ 7.07387, 51.0966 ], [ 7.07463, 51.09671 ], [ 7.07445, 51.09697 ], [ 7.07341, 51.0969 ], [ 7.07209, 51.09627 ], [ 7.06661, 51.09599 ], [ 7.06547, 51.0966 ], [ 7.06337, 51.09629 ], [ 7.06148, 51.09683 ], [ 7.0562, 51.09567 ], [ 7.05463, 51.09598 ], [ 7.05314, 51.09556 ], [ 7.05002, 51.09589 ], [ 7.04898, 51.09546 ], [ 7.04587, 51.09603 ], [ 7.04419, 51.09719 ], [ 7.04363, 51.09704 ], [ 7.04248, 51.09578 ], [ 7.04106, 51.09552 ], [ 7.04094, 51.09589 ], [ 7.04025, 51.09624 ], [ 7.03866, 51.09652 ], [ 7.03893, 51.0948 ], [ 7.03757, 51.09453 ], [ 7.03651, 51.09476 ], [ 7.03493, 51.09438 ], [ 7.03338, 51.09336 ], [ 7.03117, 51.09345 ], [ 7.03117, 51.09288 ], [ 7.03048, 51.09231 ], [ 7.0303, 51.09162 ], [ 7.03122, 51.09141 ], [ 7.0308, 51.09068 ], [ 7.03139, 51.09025 ], [ 7.03082, 51.08933 ], [ 7.02743, 51.08942 ], [ 7.0268, 51.08819 ], [ 7.02705, 51.08804 ], [ 7.02434, 51.0868 ], [ 7.02301, 51.0866 ], [ 7.02284, 51.08576 ], [ 7.02105, 51.08525 ], [ 7.01755, 51.08347 ], [ 7.01356, 51.08197 ], [ 7.00995, 51.08094 ], [ 7.00934, 51.08123 ], [ 7.00967, 51.0819 ], [ 7.00893, 51.08216 ], [ 7.00711, 51.08452 ], [ 7.00418, 51.08496 ], [ 7.00253, 51.08405 ], [ 6.99821, 51.0866 ], [ 6.9889, 51.09129 ], [ 6.98902, 51.08833 ], [ 6.98832, 51.07395 ], [ 6.98338, 51.07146 ], [ 6.97661, 51.06864 ], [ 6.97446, 51.06736 ], [ 6.9734, 51.06866 ], [ 6.97432, 51.06909 ], [ 6.97182, 51.06804 ], [ 6.96918, 51.07062 ], [ 6.96479, 51.06876 ], [ 6.96268, 51.07085 ], [ 6.96012, 51.07018 ], [ 6.95923, 51.07254 ], [ 6.95846, 51.07202 ], [ 6.95672, 51.07231 ], [ 6.95769, 51.07075 ], [ 6.95166, 51.07208 ], [ 6.95123, 51.06997 ], [ 6.95096, 51.06995 ], [ 6.94823, 51.0705 ], [ 6.94854, 51.07234 ], [ 6.94541, 51.07094 ], [ 6.94354, 51.07204 ], [ 6.94241, 51.07154 ], [ 6.9385, 51.07568 ], [ 6.93572, 51.07809 ], [ 6.93541, 51.07789 ], [ 6.93419, 51.07899 ], [ 6.93344, 51.07843 ], [ 6.93015, 51.08058 ], [ 6.929, 51.07925 ], [ 6.92549, 51.08173 ], [ 6.92346, 51.08063 ], [ 6.92184, 51.08202 ], [ 6.9209, 51.08096 ], [ 6.91933, 51.08152 ], [ 6.91389, 51.07598 ], [ 6.9039, 51.06791 ], [ 6.90215, 51.06877 ], [ 6.90188, 51.06864 ], [ 6.90204, 51.06844 ], [ 6.89783, 51.06473 ], [ 6.95951, 51.0346 ], [ 6.96539, 51.03112 ], [ 6.97037, 51.02697 ], [ 6.97299, 51.02359 ], [ 6.9738, 51.02125 ], [ 6.9739, 51.01891 ], [ 6.97326, 51.01649 ], [ 6.97187, 51.01417 ], [ 6.97555, 51.01301 ], [ 6.97552, 51.01112 ], [ 6.97934, 51.01175 ], [ 6.97948, 51.01148 ], [ 6.98182, 51.01235 ], [ 6.98199, 51.012 ], [ 6.98517, 51.01177 ], [ 6.98507, 51.01147 ], [ 6.98651, 51.01219 ], [ 6.98821, 51.0124 ], [ 6.99019, 51.01198 ], [ 6.99267, 51.01219 ], [ 6.99636, 51.0118 ], [ 6.99571, 51.01399 ], [ 6.99706, 51.01409 ], [ 6.99661, 51.01595 ], [ 6.9955, 51.01604 ], [ 6.99536, 51.01642 ], [ 7.00291, 51.01903 ], [ 7.0027, 51.01947 ], [ 7.00715, 51.02064 ], [ 7.00852, 51.02063 ], [ 7.00926, 51.02261 ], [ 7.01378, 51.02233 ], [ 7.01305, 51.0218 ], [ 7.01178, 51.02192 ], [ 7.012, 51.02046 ], [ 7.01267, 51.01988 ], [ 7.01421, 51.01957 ], [ 7.01548, 51.01741 ], [ 7.01976, 51.01785 ], [ 7.02168, 51.016 ], [ 7.02548, 51.01772 ], [ 7.03643, 51.01828 ], [ 7.03864, 51.01978 ], [ 7.04141, 51.02112 ], [ 7.04288, 51.01986 ], [ 7.04306, 51.0193 ], [ 7.05055, 51.01917 ], [ 7.05512, 51.01868 ], [ 7.05771, 51.01897 ], [ 7.05865, 51.01773 ], [ 7.06105, 51.01884 ], [ 7.06282, 51.01906 ], [ 7.0674, 51.01871 ], [ 7.06838, 51.01835 ], [ 7.0717, 51.02092 ], [ 7.07343, 51.02129 ], [ 7.07399, 51.02196 ], [ 7.07598, 51.02202 ], [ 7.07731, 51.02528 ], [ 7.0789, 51.02664 ], [ 7.07878, 51.02693 ], [ 7.08128, 51.02605 ], [ 7.08333, 51.02624 ], [ 7.08519, 51.02684 ], [ 7.08801, 51.02556 ], [ 7.09088, 51.02581 ], [ 7.09371, 51.02712 ], [ 7.09609, 51.02904 ], [ 7.09573, 51.02937 ] ] ] } },
{ "type": "Feature", "properties": { "stadt": "Darmstadt" }, "geometry": { "type": "Polygon", "coordinates": [ [ [ 8.5636, 49.83064 ], [ 8.56429, 49.82981 ], [ 8.5661, 49.8296 ], [ 8.56557, 49.8307 ], [ 8.56891, 49.83189 ], [ 8.57617, 49.83391 ], [ 8.58272, 49.83464 ], [ 8.58265, 49.83499 ], [ 8.58409, 49.83519 ], [ 8.58404, 49.83549 ], [ 8.58977, 49.83582 ], [ 8.59038, 49.83603 ], [ 8.59008, 49.83711 ], [ 8.59514, 49.83755 ], [ 8.59507, 49.83783 ], [ 8.59676, 49.83796 ], [ 8.59684, 49.83764 ], [ 8.598, 49.83768 ], [ 8.59823, 49.83666 ], [ 8.60301, 49.837 ], [ 8.61127, 49.8348 ], [ 8.62084, 49.81641 ], [ 8.62172, 49.81441 ], [ 8.62074, 49.81419 ], [ 8.62184, 49.81259 ], [ 8.62205, 49.8109 ], [ 8.62412, 49.81166 ], [ 8.63004, 49.80762 ], [ 8.62779, 49.8047 ], [ 8.63986, 49.80293 ], [ 8.63916, 49.80206 ], [ 8.64003, 49.80183 ], [ 8.63983, 49.80153 ], [ 8.64383, 49.80064 ], [ 8.64603, 49.79961 ], [ 8.64701, 49.79846 ], [ 8.64799, 49.7959 ], [ 8.65038, 49.79567 ], [ 8.65087, 49.79678 ], [ 8.65262, 49.7963 ], [ 8.65322, 49.79717 ], [ 8.65449, 49.79691 ], [ 8.65477, 49.79748 ], [ 8.65611, 49.79735 ], [ 8.6562, 49.7977 ], [ 8.65674, 49.79761 ], [ 8.65802, 49.79892 ], [ 8.65763, 49.79901 ], [ 8.65875, 49.80138 ], [ 8.65993, 49.80241 ], [ 8.66211, 49.80322 ], [ 8.66348, 49.80453 ], [ 8.66947, 49.80695 ], [ 8.67142, 49.80572 ], [ 8.67478, 49.80498 ], [ 8.67649, 49.80547 ], [ 8.67715, 49.80711 ], [ 8.67814, 49.80698 ], [ 8.67797, 49.80717 ], [ 8.67332, 49.80964 ], [ 8.67322, 49.81079 ], [ 8.67078, 49.81137 ], [ 8.66892, 49.81347 ], [ 8.66915, 49.81386 ], [ 8.6704, 49.81441 ], [ 8.67278, 49.81406 ], [ 8.67358, 49.8151 ], [ 8.67751, 49.81844 ], [ 8.6798, 49.81921 ], [ 8.67924, 49.82039 ], [ 8.6796, 49.82125 ], [ 8.67646, 49.82082 ], [ 8.67346, 49.8217 ], [ 8.67213, 49.82251 ], [ 8.67202, 49.82481 ], [ 8.6745, 49.82636 ], [ 8.67421, 49.8273 ], [ 8.6731, 49.82747 ], [ 8.67221, 49.82992 ], [ 8.6737, 49.83075 ], [ 8.67249, 49.8342 ], [ 8.67364, 49.83573 ], [ 8.69066, 49.84503 ], [ 8.69175, 49.84444 ], [ 8.69624, 49.84772 ], [ 8.70181, 49.84973 ], [ 8.70549, 49.8515 ], [ 8.7062, 49.85229 ], [ 8.7062, 49.85337 ], [ 8.70676, 49.85426 ], [ 8.71195, 49.85744 ], [ 8.71233, 49.85845 ], [ 8.71305, 49.85905 ], [ 8.71567, 49.86025 ], [ 8.71704, 49.86139 ], [ 8.72398, 49.86292 ], [ 8.72701, 49.86323 ], [ 8.73019, 49.86426 ], [ 8.7306, 49.86532 ], [ 8.73091, 49.86543 ], [ 8.73103, 49.86824 ], [ 8.72787, 49.86941 ], [ 8.72699, 49.87007 ], [ 8.72754, 49.8715 ], [ 8.72857, 49.87238 ], [ 8.72883, 49.87475 ], [ 8.72587, 49.87716 ], [ 8.72729, 49.87885 ], [ 8.72658, 49.87958 ], [ 8.7267, 49.88059 ], [ 8.72568, 49.8823 ], [ 8.72628, 49.88339 ], [ 8.72799, 49.88436 ], [ 8.73144, 49.88753 ], [ 8.73296, 49.88831 ], [ 8.73574, 49.88891 ], [ 8.73832, 49.89039 ], [ 8.73946, 49.89056 ], [ 8.73926, 49.8913 ], [ 8.74039, 49.89278 ], [ 8.74048, 49.89472 ], [ 8.74096, 49.89601 ], [ 8.74543, 49.89904 ], [ 8.74923, 49.90065 ], [ 8.74944, 49.90116 ], [ 8.74976, 49.90406 ], [ 8.7486, 49.90622 ], [ 8.74703, 49.90761 ], [ 8.74758, 49.90875 ], [ 8.74726, 49.90953 ], [ 8.74788, 49.91049 ], [ 8.74757, 49.91105 ], [ 8.74679, 49.91183 ], [ 8.74575, 49.91205 ], [ 8.74516, 49.91294 ], [ 8.74413, 49.91336 ], [ 8.7443, 49.91363 ], [ 8.74394, 49.91414 ], [ 8.74276, 49.91446 ], [ 8.74244, 49.91498 ], [ 8.74095, 49.91549 ], [ 8.74066, 49.91589 ], [ 8.74052, 49.91566 ], [ 8.73917, 49.91664 ], [ 8.73914, 49.91741 ], [ 8.73758, 49.91859 ], [ 8.7377, 49.91897 ], [ 8.73848, 49.91924 ], [ 8.74113, 49.91959 ], [ 8.74174, 49.9228 ], [ 8.7413, 49.92303 ], [ 8.7412, 49.92545 ], [ 8.74234, 49.92545 ], [ 8.74183, 49.9275 ], [ 8.74084, 49.92872 ], [ 8.73772, 49.93071 ], [ 8.73443, 49.9322 ], [ 8.73132, 49.93306 ], [ 8.73373, 49.93836 ], [ 8.73326, 49.94054 ], [ 8.73245, 49.94208 ], [ 8.73496, 49.94233 ], [ 8.73545, 49.94337 ], [ 8.73497, 49.94655 ], [ 8.73403, 49.94807 ], [ 8.73438, 49.94828 ], [ 8.73422, 49.9502 ], [ 8.73252, 49.95152 ], [ 8.73169, 49.95273 ], [ 8.72979, 49.95278 ], [ 8.7292, 49.95318 ], [ 8.72627, 49.9538 ], [ 8.72362, 49.95306 ], [ 8.72339, 49.95252 ], [ 8.72261, 49.95243 ], [ 8.72291, 49.9521 ], [ 8.72219, 49.95162 ], [ 8.72146, 49.9524 ], [ 8.71813, 49.95248 ], [ 8.71508, 49.95091 ], [ 8.71144, 49.95124 ], [ 8.70763, 49.95004 ], [ 8.70682, 49.95028 ], [ 8.70609, 49.94971 ], [ 8.70439, 49.95028 ], [ 8.70202, 49.94998 ], [ 8.70122, 49.95043 ], [ 8.70069, 49.95003 ], [ 8.69959, 49.94993 ], [ 8.69942, 49.94919 ], [ 8.69738, 49.94958 ], [ 8.69511, 49.94929 ], [ 8.69416, 49.94904 ], [ 8.69326, 49.94829 ], [ 8.69206, 49.94817 ], [ 8.69012, 49.94829 ], [ 8.68904, 49.94881 ], [ 8.68756, 49.94832 ], [ 8.68534, 49.94853 ], [ 8.6846, 49.94975 ], [ 8.6839, 49.94998 ], [ 8.68298, 49.94979 ], [ 8.67713, 49.95087 ], [ 8.67718, 49.95118 ], [ 8.67245, 49.95182 ], [ 8.66815, 49.94633 ], [ 8.65502, 49.94403 ], [ 8.65502, 49.94437 ], [ 8.65375, 49.94459 ], [ 8.65135, 49.94437 ], [ 8.65143, 49.94524 ], [ 8.65035, 49.9454 ], [ 8.64605, 49.94415 ], [ 8.64534, 49.94419 ], [ 8.64515, 49.94457 ], [ 8.64123, 49.94407 ], [ 8.64055, 49.94354 ], [ 8.63325, 49.94453 ], [ 8.63297, 49.94384 ], [ 8.63133, 49.94353 ], [ 8.62913, 49.94418 ], [ 8.6288, 49.94231 ], [ 8.62707, 49.94213 ], [ 8.62723, 49.93877 ], [ 8.63116, 49.93927 ], [ 8.63162, 49.93716 ], [ 8.63196, 49.93713 ], [ 8.63181, 49.93613 ], [ 8.63096, 49.935 ], [ 8.62943, 49.934 ], [ 8.62901, 49.93257 ], [ 8.62386, 49.93245 ], [ 8.62367, 49.93053 ], [ 8.62418, 49.93052 ], [ 8.62406, 49.92807 ], [ 8.62446, 49.92751 ], [ 8.62413, 49.92624 ], [ 8.62727, 49.92529 ], [ 8.62625, 49.9232 ], [ 8.62509, 49.91811 ], [ 8.62546, 49.91669 ], [ 8.6189, 49.91577 ], [ 8.61897, 49.91258 ], [ 8.62251, 49.91331 ], [ 8.62238, 49.91396 ], [ 8.62417, 49.91437 ], [ 8.62454, 49.91368 ], [ 8.62508, 49.91379 ], [ 8.6254, 49.91207 ], [ 8.62605, 49.91125 ], [ 8.6306, 49.91012 ], [ 8.62962, 49.90788 ], [ 8.62807, 49.90645 ], [ 8.62818, 49.90592 ], [ 8.62719, 49.90328 ], [ 8.62723, 49.90248 ], [ 8.6314, 49.90113 ], [ 8.6325, 49.89958 ], [ 8.63471, 49.89863 ], [ 8.63497, 49.89812 ], [ 8.63296, 49.89609 ], [ 8.63057, 49.89523 ], [ 8.62514, 49.89392 ], [ 8.6238, 49.89471 ], [ 8.62345, 49.89325 ], [ 8.62238, 49.89215 ], [ 8.61687, 49.88993 ], [ 8.61944, 49.8883 ], [ 8.61683, 49.88796 ], [ 8.61709, 49.88704 ], [ 8.60966, 49.88591 ], [ 8.6061, 49.8846 ], [ 8.60467, 49.88284 ], [ 8.60264, 49.88285 ], [ 8.6008, 49.87128 ], [ 8.59918, 49.86597 ], [ 8.59904, 49.86553 ], [ 8.59714, 49.86523 ], [ 8.5975, 49.86498 ], [ 8.59768, 49.86353 ], [ 8.59837, 49.86292 ], [ 8.59803, 49.86051 ], [ 8.59459, 49.86026 ], [ 8.59233, 49.85984 ], [ 8.59194, 49.85947 ], [ 8.59104, 49.85956 ], [ 8.59098, 49.85758 ], [ 8.5915, 49.85683 ], [ 8.58978, 49.85597 ], [ 8.58909, 49.85644 ], [ 8.58863, 49.8562 ], [ 8.58515, 49.85693 ], [ 8.58256, 49.85657 ], [ 8.58283, 49.85577 ], [ 8.58231, 49.8557 ], [ 8.58267, 49.85454 ], [ 8.58169, 49.85441 ], [ 8.58179, 49.85407 ], [ 8.57254, 49.85256 ], [ 8.57281, 49.85175 ], [ 8.57325, 49.8518 ], [ 8.57413, 49.84907 ], [ 8.56323, 49.84786 ], [ 8.56274, 49.84824 ], [ 8.55816, 49.8481 ], [ 8.56322, 49.83405 ], [ 8.5636, 49.83064 ] ] ] } },
{ "type": "Feature", "properties": { "stadt": "Neuss" }, "geometry": { "type": "Polygon", "coordinates": [ [ [ 6.64925, 51.1373 ], [ 6.65378, 51.13506 ], [ 6.65508, 51.13629 ], [ 6.65635, 51.13676 ], [ 6.65767, 51.13779 ], [ 6.65765, 51.13877 ], [ 6.65568, 51.13925 ], [ 6.65549, 51.14027 ], [ 6.656, 51.14097 ], [ 6.65683, 51.14141 ], [ 6.65885, 51.14161 ], [ 6.65962, 51.14206 ], [ 6.66029, 51.1428 ], [ 6.66044, 51.14366 ], [ 6.66131, 51.14406 ], [ 6.66186, 51.14527 ], [ 6.66241, 51.14575 ], [ 6.66293, 51.14437 ], [ 6.66246, 51.1438 ], [ 6.66332, 51.14334 ], [ 6.66454, 51.13946 ], [ 6.66781, 51.13133 ], [ 6.67121, 51.13103 ], [ 6.67209, 51.13147 ], [ 6.67338, 51.13288 ], [ 6.67677, 51.1316 ], [ 6.67753, 51.13274 ], [ 6.68061, 51.13442 ], [ 6.68265, 51.13326 ], [ 6.68553, 51.13553 ], [ 6.69557, 51.13249 ], [ 6.70961, 51.13247 ], [ 6.71161, 51.12727 ], [ 6.71113, 51.12533 ], [ 6.71124, 51.12446 ], [ 6.71192, 51.12312 ], [ 6.71422, 51.12061 ], [ 6.71539, 51.11676 ], [ 6.71972, 51.11686 ], [ 6.72321, 51.11725 ], [ 6.72527, 51.11785 ], [ 6.72456, 51.117 ], [ 6.7301, 51.11729 ], [ 6.75433, 51.12521 ], [ 6.75516, 51.1244 ], [ 6.75752, 51.12526 ], [ 6.75691, 51.12578 ], [ 6.75977, 51.12683 ], [ 6.76124, 51.12566 ], [ 6.76152, 51.12574 ], [ 6.76553, 51.12848 ], [ 6.7718, 51.13143 ], [ 6.7618, 51.13883 ], [ 6.76855, 51.14298 ], [ 6.7667, 51.14399 ], [ 6.76926, 51.14548 ], [ 6.77505, 51.14669 ], [ 6.77698, 51.14565 ], [ 6.77896, 51.147 ], [ 6.78025, 51.14618 ], [ 6.78982, 51.14561 ], [ 6.79279, 51.14308 ], [ 6.79599, 51.14428 ], [ 6.79773, 51.14532 ], [ 6.79566, 51.14683 ], [ 6.79412, 51.14866 ], [ 6.79317, 51.15082 ], [ 6.79276, 51.15349 ], [ 6.79296, 51.1554 ], [ 6.79371, 51.15787 ], [ 6.79671, 51.1634 ], [ 6.79786, 51.16649 ], [ 6.79836, 51.17024 ], [ 6.7979, 51.174 ], [ 6.79721, 51.17609 ], [ 6.79621, 51.17785 ], [ 6.79306, 51.18107 ], [ 6.78831, 51.18374 ], [ 6.78296, 51.18529 ], [ 6.77906, 51.18564 ], [ 6.77506, 51.18539 ], [ 6.76099, 51.18209 ], [ 6.7508, 51.18088 ], [ 6.74631, 51.18106 ], [ 6.74217, 51.18175 ], [ 6.73851, 51.18282 ], [ 6.7353, 51.18439 ], [ 6.73211, 51.18712 ], [ 6.73053, 51.19007 ], [ 6.7303, 51.19267 ], [ 6.73181, 51.20034 ], [ 6.73149, 51.20521 ], [ 6.72997, 51.20949 ], [ 6.72256, 51.22144 ], [ 6.72242, 51.22384 ], [ 6.72355, 51.22594 ], [ 6.72119, 51.22685 ], [ 6.71783, 51.22403 ], [ 6.71622, 51.22504 ], [ 6.71264, 51.22563 ], [ 6.71154, 51.22546 ], [ 6.71113, 51.22497 ], [ 6.70787, 51.22531 ], [ 6.70785, 51.22461 ], [ 6.69328, 51.22497 ], [ 6.69348, 51.22584 ], [ 6.69315, 51.22653 ], [ 6.69256, 51.2265 ], [ 6.69116, 51.2289 ], [ 6.68881, 51.22949 ], [ 6.69503, 51.23301 ], [ 6.69483, 51.23323 ], [ 6.69858, 51.23462 ], [ 6.69895, 51.23505 ], [ 6.69213, 51.23561 ], [ 6.68452, 51.23517 ], [ 6.68023, 51.23455 ], [ 6.66583, 51.23158 ], [ 6.65847, 51.23077 ], [ 6.65098, 51.23082 ], [ 6.64107, 51.23161 ], [ 6.63979, 51.23107 ], [ 6.63909, 51.23001 ], [ 6.63917, 51.226 ], [ 6.64031, 51.22222 ], [ 6.64235, 51.21852 ], [ 6.64297, 51.21812 ], [ 6.64422, 51.21811 ], [ 6.64489, 51.21759 ], [ 6.64497, 51.21633 ], [ 6.64539, 51.21596 ], [ 6.64325, 51.21612 ], [ 6.64447, 51.21451 ], [ 6.64259, 51.21198 ], [ 6.64447, 51.21137 ], [ 6.64508, 51.20979 ], [ 6.64063, 51.20967 ], [ 6.64076, 51.20752 ], [ 6.63399, 51.20733 ], [ 6.63438, 51.2073 ], [ 6.63452, 51.20437 ], [ 6.63413, 51.20436 ], [ 6.63443, 51.19808 ], [ 6.63268, 51.19803 ], [ 6.63259, 51.19762 ], [ 6.63264, 51.19739 ], [ 6.63361, 51.19747 ], [ 6.6332, 51.19496 ], [ 6.63444, 51.19386 ], [ 6.63418, 51.1932 ], [ 6.63195, 51.19268 ], [ 6.63196, 51.19181 ], [ 6.62885, 51.19075 ], [ 6.62912, 51.18981 ], [ 6.63103, 51.18692 ], [ 6.63476, 51.18451 ], [ 6.63644, 51.18599 ], [ 6.63943, 51.18529 ], [ 6.63576, 51.18374 ], [ 6.62921, 51.18176 ], [ 6.62141, 51.18042 ], [ 6.62651, 51.16924 ], [ 6.62409, 51.16896 ], [ 6.62578, 51.16869 ], [ 6.62448, 51.16859 ], [ 6.6268, 51.16824 ], [ 6.62671, 51.1649 ], [ 6.62259, 51.16484 ], [ 6.62248, 51.15983 ], [ 6.61502, 51.15986 ], [ 6.61482, 51.15105 ], [ 6.62325, 51.15086 ], [ 6.62687, 51.15372 ], [ 6.63813, 51.14779 ], [ 6.63457, 51.14561 ], [ 6.64057, 51.14167 ], [ 6.64879, 51.1382 ], [ 6.64925, 51.1373 ] ] ] } },
{ "type": "Feature", "properties": { "stadt": "Herne" }, "geometry": { "type": "Polygon", "coordinates": [ [ [ 7.19618, 51.55672 ], [ 7.17969, 51.55269 ], [ 7.17988, 51.55248 ], [ 7.17862, 51.55237 ], [ 7.17779, 51.5527 ], [ 7.17526, 51.55118 ], [ 7.17417, 51.55148 ], [ 7.17365, 51.5512 ], [ 7.17273, 51.55171 ], [ 7.17178, 51.55118 ], [ 7.1698, 51.55112 ], [ 7.16946, 51.55125 ], [ 7.16969, 51.55149 ], [ 7.16936, 51.55185 ], [ 7.16785, 51.55228 ], [ 7.16805, 51.55158 ], [ 7.16681, 51.55112 ], [ 7.16643, 51.5514 ], [ 7.16623, 51.55081 ], [ 7.16409, 51.55091 ], [ 7.1636, 51.55024 ], [ 7.16317, 51.55043 ], [ 7.16267, 51.55004 ], [ 7.16037, 51.55014 ], [ 7.16, 51.55088 ], [ 7.15451, 51.55087 ], [ 7.15217, 51.55126 ], [ 7.15129, 51.55099 ], [ 7.14374, 51.55243 ], [ 7.14278, 51.55187 ], [ 7.14176, 51.55215 ], [ 7.1397, 51.55202 ], [ 7.13729, 51.55284 ], [ 7.13676, 51.55248 ], [ 7.13568, 51.55286 ], [ 7.13429, 51.55254 ], [ 7.13375, 51.55294 ], [ 7.13212, 51.55218 ], [ 7.13119, 51.55248 ], [ 7.13058, 51.55213 ], [ 7.12946, 51.55235 ], [ 7.12945, 51.55175 ], [ 7.12777, 51.5521 ], [ 7.1266, 51.55182 ], [ 7.12552, 51.55218 ], [ 7.12506, 51.55191 ], [ 7.12426, 51.55201 ], [ 7.1249, 51.55006 ], [ 7.12449, 51.54787 ], [ 7.12364, 51.54688 ], [ 7.12484, 51.54658 ], [ 7.12821, 51.54279 ], [ 7.12926, 51.54248 ], [ 7.12997, 51.54092 ], [ 7.12702, 51.54033 ], [ 7.12908, 51.53773 ], [ 7.12854, 51.53756 ], [ 7.13094, 51.53453 ], [ 7.1377, 51.52415 ], [ 7.13862, 51.52199 ], [ 7.13885, 51.52059 ], [ 7.13827, 51.51691 ], [ 7.14409, 51.51351 ], [ 7.13743, 51.50852 ], [ 7.13956, 51.50555 ], [ 7.14048, 51.50592 ], [ 7.14101, 51.50551 ], [ 7.14185, 51.506 ], [ 7.14332, 51.50495 ], [ 7.14488, 51.50547 ], [ 7.1452, 51.50473 ], [ 7.14976, 51.50537 ], [ 7.15024, 51.50526 ], [ 7.15151, 51.5036 ], [ 7.15234, 51.50308 ], [ 7.15259, 51.50437 ], [ 7.1533, 51.50493 ], [ 7.15359, 51.50601 ], [ 7.15613, 51.50624 ], [ 7.15586, 51.50653 ], [ 7.15876, 51.50713 ], [ 7.1604, 51.50634 ], [ 7.16077, 51.50877 ], [ 7.1662, 51.50509 ], [ 7.16893, 51.50432 ], [ 7.1736, 51.50496 ], [ 7.18195, 51.50721 ], [ 7.1858, 51.50737 ], [ 7.18545, 51.50894 ], [ 7.18638, 51.50899 ], [ 7.18649, 51.50861 ], [ 7.18759, 51.50874 ], [ 7.19007, 51.50957 ], [ 7.18995, 51.51146 ], [ 7.19059, 51.51408 ], [ 7.19083, 51.51694 ], [ 7.19727, 51.51816 ], [ 7.19718, 51.51837 ], [ 7.19795, 51.51874 ], [ 7.19766, 51.51883 ], [ 7.19729, 51.51993 ], [ 7.19915, 51.52041 ], [ 7.19901, 51.5207 ], [ 7.20233, 51.52183 ], [ 7.20351, 51.52185 ], [ 7.20393, 51.52133 ], [ 7.20617, 51.52172 ], [ 7.20556, 51.51828 ], [ 7.206, 51.51791 ], [ 7.21345, 51.51924 ], [ 7.21893, 51.5208 ], [ 7.22013, 51.51926 ], [ 7.22182, 51.51955 ], [ 7.22178, 51.51868 ], [ 7.22435, 51.51941 ], [ 7.2254, 51.51863 ], [ 7.2267, 51.51882 ], [ 7.22766, 51.51727 ], [ 7.22977, 51.5184 ], [ 7.23037, 51.5177 ], [ 7.23277, 51.51801 ], [ 7.23417, 51.51962 ], [ 7.2364, 51.51902 ], [ 7.23721, 51.51849 ], [ 7.23719, 51.51803 ], [ 7.23782, 51.51814 ], [ 7.23774, 51.51858 ], [ 7.23839, 51.51861 ], [ 7.23876, 51.51939 ], [ 7.23923, 51.51964 ], [ 7.23865, 51.5201 ], [ 7.23809, 51.52007 ], [ 7.238, 51.52044 ], [ 7.24087, 51.52122 ], [ 7.24388, 51.52107 ], [ 7.24776, 51.52159 ], [ 7.24863, 51.52296 ], [ 7.24828, 51.52357 ], [ 7.24978, 51.52429 ], [ 7.25044, 51.5232 ], [ 7.25168, 51.52288 ], [ 7.25264, 51.52196 ], [ 7.25219, 51.52103 ], [ 7.25234, 51.52 ], [ 7.25545, 51.52002 ], [ 7.25529, 51.52139 ], [ 7.25477, 51.52139 ], [ 7.25481, 51.52287 ], [ 7.25515, 51.52347 ], [ 7.2548, 51.52395 ], [ 7.25527, 51.52522 ], [ 7.25478, 51.52535 ], [ 7.25563, 51.52585 ], [ 7.2566, 51.52741 ], [ 7.2576, 51.52717 ], [ 7.25733, 51.52693 ], [ 7.26048, 51.52601 ], [ 7.26059, 51.52623 ], [ 7.26695, 51.52567 ], [ 7.27427, 51.52416 ], [ 7.27847, 51.52485 ], [ 7.28278, 51.52452 ], [ 7.28516, 51.52496 ], [ 7.28545, 51.52648 ], [ 7.2885, 51.52652 ], [ 7.28863, 51.52763 ], [ 7.29038, 51.5284 ], [ 7.2908, 51.52983 ], [ 7.2948, 51.53137 ], [ 7.29418, 51.53223 ], [ 7.294, 51.53323 ], [ 7.29306, 51.53408 ], [ 7.29351, 51.5344 ], [ 7.29434, 51.53439 ], [ 7.29541, 51.5351 ], [ 7.29555, 51.5371 ], [ 7.2965, 51.53849 ], [ 7.29593, 51.53995 ], [ 7.29616, 51.54021 ], [ 7.29597, 51.54052 ], [ 7.29643, 51.54064 ], [ 7.2964, 51.54171 ], [ 7.29447, 51.54261 ], [ 7.29298, 51.54224 ], [ 7.29222, 51.54252 ], [ 7.29206, 51.5431 ], [ 7.29284, 51.54348 ], [ 7.29286, 51.54381 ], [ 7.29253, 51.54385 ], [ 7.29229, 51.54447 ], [ 7.29094, 51.54412 ], [ 7.29036, 51.54567 ], [ 7.29073, 51.5459 ], [ 7.28837, 51.54549 ], [ 7.28849, 51.54585 ], [ 7.28616, 51.54548 ], [ 7.28541, 51.54583 ], [ 7.28536, 51.54739 ], [ 7.28588, 51.54946 ], [ 7.28488, 51.55178 ], [ 7.28471, 51.55325 ], [ 7.28324, 51.55297 ], [ 7.28257, 51.556 ], [ 7.27394, 51.55557 ], [ 7.27365, 51.55662 ], [ 7.27124, 51.55775 ], [ 7.27273, 51.55917 ], [ 7.27191, 51.55998 ], [ 7.27143, 51.55953 ], [ 7.2693, 51.55964 ], [ 7.26924, 51.55998 ], [ 7.26639, 51.55993 ], [ 7.26502, 51.56128 ], [ 7.26364, 51.56036 ], [ 7.26274, 51.56021 ], [ 7.2634, 51.56269 ], [ 7.2649, 51.56392 ], [ 7.26455, 51.56546 ], [ 7.26501, 51.56575 ], [ 7.2652, 51.56638 ], [ 7.26607, 51.56669 ], [ 7.26419, 51.56858 ], [ 7.25418, 51.5648 ], [ 7.25392, 51.56507 ], [ 7.24966, 51.56479 ], [ 7.2497, 51.56589 ], [ 7.24823, 51.56615 ], [ 7.2477, 51.56962 ], [ 7.24719, 51.56924 ], [ 7.24539, 51.56959 ], [ 7.24498, 51.57049 ], [ 7.24308, 51.56987 ], [ 7.24313, 51.57084 ], [ 7.24279, 51.57096 ], [ 7.24309, 51.57144 ], [ 7.24249, 51.57175 ], [ 7.24327, 51.57212 ], [ 7.24319, 51.57282 ], [ 7.24265, 51.57335 ], [ 7.23893, 51.57239 ], [ 7.23587, 51.57118 ], [ 7.22942, 51.56629 ], [ 7.22658, 51.56478 ], [ 7.2213, 51.56304 ], [ 7.21538, 51.56192 ], [ 7.21583, 51.56084 ], [ 7.20949, 51.55924 ], [ 7.20914, 51.55947 ], [ 7.20714, 51.55939 ], [ 7.20634, 51.56023 ], [ 7.19618, 51.55672 ] ] ] } },
{ "type": "Feature", "properties": { "stadt": "Heidelberg" }, "geometry": { "type": "Polygon", "coordinates": [ [ [ 8.62438, 49.38067 ], [ 8.60976, 49.37785 ], [ 8.60688, 49.37675 ], [ 8.60681, 49.37616 ], [ 8.60748, 49.37429 ], [ 8.6058, 49.3701 ], [ 8.60517, 49.37027 ], [ 8.601, 49.3662 ], [ 8.6106, 49.36418 ], [ 8.62209, 49.35959 ], [ 8.62447, 49.35906 ], [ 8.62021, 49.35407 ], [ 8.62524, 49.35203 ], [ 8.63076, 49.35207 ], [ 8.63079, 49.35273 ], [ 8.63323, 49.35284 ], [ 8.63337, 49.35549 ], [ 8.6345, 49.35769 ], [ 8.63666, 49.36036 ], [ 8.63744, 49.36319 ], [ 8.64021, 49.36998 ], [ 8.64223, 49.369 ], [ 8.64558, 49.37105 ], [ 8.65066, 49.36765 ], [ 8.64991, 49.36621 ], [ 8.65673, 49.36232 ], [ 8.65555, 49.36007 ], [ 8.65693, 49.36011 ], [ 8.65452, 49.35616 ], [ 8.65336, 49.35626 ], [ 8.65141, 49.35345 ], [ 8.65167, 49.35339 ], [ 8.6551, 49.35328 ], [ 8.65541, 49.35368 ], [ 8.65586, 49.35356 ], [ 8.65724, 49.35519 ], [ 8.66066, 49.35483 ], [ 8.66059, 49.35387 ], [ 8.66319, 49.35441 ], [ 8.66357, 49.35359 ], [ 8.66502, 49.35376 ], [ 8.66421, 49.35747 ], [ 8.66878, 49.35814 ], [ 8.67167, 49.35783 ], [ 8.67235, 49.36159 ], [ 8.67572, 49.36077 ], [ 8.67587, 49.3602 ], [ 8.68213, 49.36034 ], [ 8.68206, 49.3599 ], [ 8.68706, 49.35983 ], [ 8.68724, 49.35886 ], [ 8.69016, 49.35895 ], [ 8.69154, 49.35878 ], [ 8.6914, 49.35846 ], [ 8.69287, 49.35838 ], [ 8.69413, 49.35834 ], [ 8.69428, 49.35861 ], [ 8.6946, 49.35854 ], [ 8.69438, 49.35819 ], [ 8.69653, 49.35769 ], [ 8.69706, 49.35793 ], [ 8.7008, 49.35611 ], [ 8.704, 49.35561 ], [ 8.70962, 49.35658 ], [ 8.71086, 49.35508 ], [ 8.71179, 49.35562 ], [ 8.71437, 49.35583 ], [ 8.71629, 49.35639 ], [ 8.71909, 49.35643 ], [ 8.71973, 49.35732 ], [ 8.72405, 49.35751 ], [ 8.72468, 49.35785 ], [ 8.72595, 49.35952 ], [ 8.72601, 49.36022 ], [ 8.72711, 49.36199 ], [ 8.72772, 49.36551 ], [ 8.72867, 49.3667 ], [ 8.7304, 49.36793 ], [ 8.72626, 49.36946 ], [ 8.72536, 49.37007 ], [ 8.72558, 49.37022 ], [ 8.72501, 49.37121 ], [ 8.72448, 49.37375 ], [ 8.7274, 49.37555 ], [ 8.73015, 49.37318 ], [ 8.73051, 49.37331 ], [ 8.73233, 49.37222 ], [ 8.73572, 49.37296 ], [ 8.73842, 49.37449 ], [ 8.74073, 49.37444 ], [ 8.74296, 49.37311 ], [ 8.74414, 49.3728 ], [ 8.74951, 49.37387 ], [ 8.75049, 49.37544 ], [ 8.75472, 49.37771 ], [ 8.75895, 49.37786 ], [ 8.763, 49.3785 ], [ 8.76626, 49.37854 ], [ 8.76901, 49.3791 ], [ 8.76662, 49.38158 ], [ 8.76594, 49.38278 ], [ 8.76315, 49.38531 ], [ 8.76276, 49.38603 ], [ 8.76321, 49.388 ], [ 8.76822, 49.38685 ], [ 8.76994, 49.38726 ], [ 8.7738, 49.38938 ], [ 8.77342, 49.3899 ], [ 8.77391, 49.39081 ], [ 8.7759, 49.39258 ], [ 8.77532, 49.39317 ], [ 8.77649, 49.39416 ], [ 8.77529, 49.39516 ], [ 8.77526, 49.39653 ], [ 8.77846, 49.40214 ], [ 8.78163, 49.40156 ], [ 8.78577, 49.40142 ], [ 8.79029, 49.40276 ], [ 8.79346, 49.40514 ], [ 8.79399, 49.4072 ], [ 8.79276, 49.41179 ], [ 8.79024, 49.41481 ], [ 8.78946, 49.4173 ], [ 8.78933, 49.41901 ], [ 8.78965, 49.42011 ], [ 8.79132, 49.42321 ], [ 8.79022, 49.42552 ], [ 8.78912, 49.43027 ], [ 8.78675, 49.43262 ], [ 8.77777, 49.43296 ], [ 8.77349, 49.43535 ], [ 8.77008, 49.43579 ], [ 8.76623, 49.43734 ], [ 8.76646, 49.44345 ], [ 8.76488, 49.44604 ], [ 8.76176, 49.44821 ], [ 8.76172, 49.45076 ], [ 8.76606, 49.45282 ], [ 8.76771, 49.4541 ], [ 8.76329, 49.45647 ], [ 8.75755, 49.4567 ], [ 8.7547, 49.45964 ], [ 8.75399, 49.45969 ], [ 8.75063, 49.45883 ], [ 8.74535, 49.45953 ], [ 8.74162, 49.45762 ], [ 8.74184, 49.45648 ], [ 8.7451, 49.45608 ], [ 8.74605, 49.45564 ], [ 8.74591, 49.45469 ], [ 8.74624, 49.45323 ], [ 8.74456, 49.45043 ], [ 8.74575, 49.44867 ], [ 8.7457, 49.44689 ], [ 8.73921, 49.44639 ], [ 8.73921, 49.44694 ], [ 8.73843, 49.44802 ], [ 8.73685, 49.44924 ], [ 8.73275, 49.44857 ], [ 8.72544, 49.44821 ], [ 8.72208, 49.44919 ], [ 8.72102, 49.45024 ], [ 8.71783, 49.45204 ], [ 8.71517, 49.45242 ], [ 8.71308, 49.45141 ], [ 8.71262, 49.45064 ], [ 8.7107, 49.44901 ], [ 8.70952, 49.44772 ], [ 8.70933, 49.4462 ], [ 8.70753, 49.44589 ], [ 8.70223, 49.44582 ], [ 8.69217, 49.44402 ], [ 8.6905, 49.44324 ], [ 8.6868, 49.44305 ], [ 8.68268, 49.44397 ], [ 8.67911, 49.44302 ], [ 8.67919, 49.4427 ], [ 8.67478, 49.44197 ], [ 8.67157, 49.44083 ], [ 8.66991, 49.44147 ], [ 8.66626, 49.44077 ], [ 8.6654, 49.44028 ], [ 8.66324, 49.43995 ], [ 8.66305, 49.43963 ], [ 8.65631, 49.43861 ], [ 8.65531, 49.43994 ], [ 8.64905, 49.43787 ], [ 8.64655, 49.43663 ], [ 8.64315, 49.43931 ], [ 8.6393, 49.44098 ], [ 8.63498, 49.44213 ], [ 8.62878, 49.44318 ], [ 8.62803, 49.44153 ], [ 8.62293, 49.43631 ], [ 8.61615, 49.42841 ], [ 8.60981, 49.42422 ], [ 8.59995, 49.428 ], [ 8.59834, 49.42837 ], [ 8.5984, 49.42812 ], [ 8.59301, 49.43015 ], [ 8.59056, 49.42739 ], [ 8.57983, 49.4262 ], [ 8.57318, 49.4236 ], [ 8.57363, 49.42077 ], [ 8.57322, 49.4169 ], [ 8.57343, 49.41576 ], [ 8.57491, 49.41266 ], [ 8.58426, 49.41041 ], [ 8.58489, 49.41104 ], [ 8.60354, 49.4091 ], [ 8.60879, 49.40704 ], [ 8.61146, 49.40547 ], [ 8.61244, 49.4062 ], [ 8.62285, 49.409 ], [ 8.62907, 49.41249 ], [ 8.63275, 49.41503 ], [ 8.63302, 49.41493 ], [ 8.63659, 49.40557 ], [ 8.6383, 49.39272 ], [ 8.64343, 49.39338 ], [ 8.6475, 49.38854 ], [ 8.63967, 49.38643 ], [ 8.63866, 49.38641 ], [ 8.6348, 49.3873 ], [ 8.63361, 49.38716 ], [ 8.6334, 49.3859 ], [ 8.62885, 49.38471 ], [ 8.62424, 49.38199 ], [ 8.62379, 49.38167 ], [ 8.62438, 49.38067 ] ] ] } },
{ "type": "Feature", "properties": { "stadt": "Paderborn" }, "geometry": { "type": "Polygon", "coordinates": [ [ [ 8.89906, 51.7338 ], [ 8.90059, 51.73412 ], [ 8.8993, 51.73545 ], [ 8.89877, 51.73653 ], [ 8.90008, 51.73685 ], [ 8.89822, 51.73807 ], [ 8.89524, 51.73917 ], [ 8.89359, 51.74032 ], [ 8.89261, 51.74195 ], [ 8.89173, 51.74261 ], [ 8.88372, 51.74566 ], [ 8.88417, 51.74569 ], [ 8.88425, 51.7476 ], [ 8.88505, 51.74828 ], [ 8.88741, 51.7485 ], [ 8.89069, 51.74968 ], [ 8.89088, 51.75027 ], [ 8.89047, 51.75049 ], [ 8.89207, 51.7517 ], [ 8.89259, 51.7511 ], [ 8.8944, 51.75192 ], [ 8.89252, 51.75303 ], [ 8.89153, 51.75412 ], [ 8.89504, 51.75482 ], [ 8.8945, 51.75662 ], [ 8.89335, 51.7565 ], [ 8.89184, 51.75828 ], [ 8.89304, 51.76245 ], [ 8.89511, 51.7633 ], [ 8.89588, 51.76427 ], [ 8.89226, 51.76422 ], [ 8.88164, 51.7585 ], [ 8.87408, 51.75656 ], [ 8.86327, 51.75766 ], [ 8.8567, 51.75514 ], [ 8.84821, 51.75521 ], [ 8.84642, 51.75551 ], [ 8.8424, 51.75538 ], [ 8.84308, 51.75221 ], [ 8.83713, 51.7518 ], [ 8.83514, 51.75131 ], [ 8.83215, 51.75583 ], [ 8.83084, 51.75469 ], [ 8.83, 51.75525 ], [ 8.83003, 51.75576 ], [ 8.82752, 51.7571 ], [ 8.82259, 51.75765 ], [ 8.81351, 51.75753 ], [ 8.81387, 51.76027 ], [ 8.80861, 51.76141 ], [ 8.80589, 51.76271 ], [ 8.80422, 51.76463 ], [ 8.80273, 51.76776 ], [ 8.80149, 51.76955 ], [ 8.79993, 51.76911 ], [ 8.79807, 51.76981 ], [ 8.79838, 51.77035 ], [ 8.79143, 51.77324 ], [ 8.77385, 51.76951 ], [ 8.7751, 51.77246 ], [ 8.77309, 51.77236 ], [ 8.77128, 51.7714 ], [ 8.75897, 51.78978 ], [ 8.75799, 51.78975 ], [ 8.75652, 51.79038 ], [ 8.75318, 51.78693 ], [ 8.75209, 51.79245 ], [ 8.74142, 51.79166 ], [ 8.73969, 51.80084 ], [ 8.70132, 51.79777 ], [ 8.70056, 51.79985 ], [ 8.69955, 51.79958 ], [ 8.69856, 51.79922 ], [ 8.69923, 51.79734 ], [ 8.69753, 51.7968 ], [ 8.69322, 51.79633 ], [ 8.6934, 51.79583 ], [ 8.69062, 51.79524 ], [ 8.68999, 51.79545 ], [ 8.67826, 51.79261 ], [ 8.68101, 51.79044 ], [ 8.66681, 51.78652 ], [ 8.64242, 51.77656 ], [ 8.63663, 51.77198 ], [ 8.64187, 51.77017 ], [ 8.64068, 51.76775 ], [ 8.64095, 51.76711 ], [ 8.64027, 51.76562 ], [ 8.64211, 51.76562 ], [ 8.64074, 51.76508 ], [ 8.64068, 51.76415 ], [ 8.63898, 51.76301 ], [ 8.63791, 51.76172 ], [ 8.63686, 51.76156 ], [ 8.63629, 51.75811 ], [ 8.63725, 51.75536 ], [ 8.63708, 51.75506 ], [ 8.64052, 51.75541 ], [ 8.64105, 51.75395 ], [ 8.64347, 51.75418 ], [ 8.64392, 51.75289 ], [ 8.64136, 51.75239 ], [ 8.64109, 51.75193 ], [ 8.64148, 51.75064 ], [ 8.63939, 51.7497 ], [ 8.64065, 51.74752 ], [ 8.6409, 51.74295 ], [ 8.64036, 51.74293 ], [ 8.63972, 51.74227 ], [ 8.63962, 51.74099 ], [ 8.64023, 51.73929 ], [ 8.64161, 51.73801 ], [ 8.64271, 51.73534 ], [ 8.64403, 51.73552 ], [ 8.64444, 51.73441 ], [ 8.64265, 51.73431 ], [ 8.64283, 51.73364 ], [ 8.64104, 51.73353 ], [ 8.64183, 51.72884 ], [ 8.64249, 51.72885 ], [ 8.64246, 51.72678 ], [ 8.64501, 51.72495 ], [ 8.64904, 51.71897 ], [ 8.6579, 51.71351 ], [ 8.65902, 51.71035 ], [ 8.65896, 51.70946 ], [ 8.66112, 51.7096 ], [ 8.65626, 51.70438 ], [ 8.66418, 51.70158 ], [ 8.66626, 51.70384 ], [ 8.66991, 51.69925 ], [ 8.66323, 51.69652 ], [ 8.66355, 51.69593 ], [ 8.66503, 51.69509 ], [ 8.66599, 51.69094 ], [ 8.66032, 51.6891 ], [ 8.66101, 51.68822 ], [ 8.66077, 51.68578 ], [ 8.65587, 51.68387 ], [ 8.65667, 51.68095 ], [ 8.65772, 51.68142 ], [ 8.65906, 51.68102 ], [ 8.66043, 51.67846 ], [ 8.65751, 51.67728 ], [ 8.6601, 51.67602 ], [ 8.66259, 51.67406 ], [ 8.66202, 51.66999 ], [ 8.65904, 51.67053 ], [ 8.65807, 51.66984 ], [ 8.6582, 51.66658 ], [ 8.65759, 51.66515 ], [ 8.65431, 51.6645 ], [ 8.65443, 51.66421 ], [ 8.65345, 51.66399 ], [ 8.65354, 51.66357 ], [ 8.64868, 51.66258 ], [ 8.65101, 51.65797 ], [ 8.6491, 51.65722 ], [ 8.6512, 51.65537 ], [ 8.65338, 51.65423 ], [ 8.65476, 51.65554 ], [ 8.66251, 51.65846 ], [ 8.66709, 51.6589 ], [ 8.66886, 51.65877 ], [ 8.66835, 51.65953 ], [ 8.67191, 51.65923 ], [ 8.67165, 51.65947 ], [ 8.67204, 51.65989 ], [ 8.66975, 51.66065 ], [ 8.6723, 51.66138 ], [ 8.67219, 51.66177 ], [ 8.67509, 51.66271 ], [ 8.67714, 51.66469 ], [ 8.67701, 51.66548 ], [ 8.67786, 51.66707 ], [ 8.67922, 51.66773 ], [ 8.67884, 51.66803 ], [ 8.68276, 51.66816 ], [ 8.68395, 51.66903 ], [ 8.68506, 51.66911 ], [ 8.68516, 51.66871 ], [ 8.68955, 51.66819 ], [ 8.69265, 51.66953 ], [ 8.69485, 51.66973 ], [ 8.69509, 51.67033 ], [ 8.69569, 51.67033 ], [ 8.69537, 51.67125 ], [ 8.69754, 51.67123 ], [ 8.69785, 51.67332 ], [ 8.69829, 51.67355 ], [ 8.69821, 51.67383 ], [ 8.70152, 51.67487 ], [ 8.70127, 51.67587 ], [ 8.7032, 51.67557 ], [ 8.70353, 51.67643 ], [ 8.70832, 51.67525 ], [ 8.70943, 51.67578 ], [ 8.71016, 51.678 ], [ 8.71058, 51.67826 ], [ 8.70957, 51.67845 ], [ 8.70987, 51.67898 ], [ 8.71186, 51.67961 ], [ 8.71231, 51.67861 ], [ 8.71309, 51.6787 ], [ 8.71325, 51.68123 ], [ 8.71576, 51.68236 ], [ 8.73184, 51.68291 ], [ 8.73087, 51.68043 ], [ 8.73447, 51.68083 ], [ 8.73934, 51.68086 ], [ 8.74041, 51.68166 ], [ 8.74099, 51.68274 ], [ 8.74455, 51.68236 ], [ 8.74409, 51.68153 ], [ 8.74564, 51.68149 ], [ 8.74583, 51.68226 ], [ 8.74815, 51.68154 ], [ 8.75112, 51.68115 ], [ 8.75181, 51.68062 ], [ 8.75612, 51.68008 ], [ 8.77094, 51.67937 ], [ 8.77593, 51.6832 ], [ 8.78369, 51.68391 ], [ 8.78439, 51.68343 ], [ 8.78606, 51.68324 ], [ 8.78888, 51.68231 ], [ 8.78936, 51.68195 ], [ 8.78944, 51.68052 ], [ 8.79092, 51.67958 ], [ 8.79159, 51.68086 ], [ 8.79258, 51.68075 ], [ 8.79264, 51.68109 ], [ 8.7967, 51.68088 ], [ 8.79734, 51.68323 ], [ 8.80022, 51.68454 ], [ 8.80156, 51.68826 ], [ 8.80138, 51.6888 ], [ 8.80232, 51.69253 ], [ 8.80632, 51.69112 ], [ 8.8073, 51.69492 ], [ 8.81012, 51.69514 ], [ 8.81138, 51.69557 ], [ 8.81115, 51.69567 ], [ 8.81274, 51.69545 ], [ 8.81383, 51.69391 ], [ 8.81866, 51.6905 ], [ 8.82268, 51.69065 ], [ 8.82965, 51.68249 ], [ 8.83443, 51.68052 ], [ 8.83565, 51.68037 ], [ 8.83539, 51.67995 ], [ 8.84387, 51.67798 ], [ 8.8468, 51.67662 ], [ 8.84628, 51.67622 ], [ 8.85078, 51.67543 ], [ 8.85249, 51.67599 ], [ 8.85442, 51.67617 ], [ 8.85546, 51.67487 ], [ 8.85623, 51.67506 ], [ 8.85695, 51.67425 ], [ 8.85951, 51.67484 ], [ 8.86055, 51.67321 ], [ 8.86224, 51.67364 ], [ 8.86143, 51.67568 ], [ 8.86479, 51.67662 ], [ 8.86471, 51.67688 ], [ 8.86827, 51.67711 ], [ 8.86776, 51.67893 ], [ 8.87185, 51.67793 ], [ 8.87751, 51.67826 ], [ 8.87638, 51.67954 ], [ 8.87847, 51.68318 ], [ 8.88048, 51.68314 ], [ 8.88606, 51.68542 ], [ 8.88834, 51.68796 ], [ 8.89112, 51.69028 ], [ 8.88763, 51.69128 ], [ 8.88454, 51.69172 ], [ 8.88221, 51.69125 ], [ 8.8805, 51.69233 ], [ 8.88022, 51.69212 ], [ 8.87904, 51.69259 ], [ 8.87702, 51.69382 ], [ 8.8761, 51.69731 ], [ 8.87712, 51.70217 ], [ 8.88304, 51.70941 ], [ 8.88118, 51.71009 ], [ 8.88137, 51.71027 ], [ 8.87869, 51.71488 ], [ 8.87539, 51.71441 ], [ 8.87451, 51.71594 ], [ 8.87462, 51.7176 ], [ 8.8747, 51.71786 ], [ 8.87647, 51.71791 ], [ 8.87516, 51.72134 ], [ 8.89036, 51.72435 ], [ 8.8893, 51.72626 ], [ 8.89291, 51.72693 ], [ 8.89607, 51.72847 ], [ 8.89459, 51.73127 ], [ 8.89489, 51.73138 ], [ 8.89467, 51.73159 ], [ 8.89528, 51.73183 ], [ 8.89509, 51.73209 ], [ 8.89538, 51.73236 ], [ 8.89608, 51.7321 ], [ 8.89888, 51.73342 ], [ 8.89906, 51.7338 ] ] ] } },
{ "type": "Feature", "properties": { "stadt": "Regensburg" }, "geometry": { "type": "Polygon", "coordinates": [ [ [ 12.18692, 48.99693 ], [ 12.18748, 48.99984 ], [ 12.18683, 48.99994 ], [ 12.18684, 49.00291 ], [ 12.18638, 49.00296 ], [ 12.18641, 49.00339 ], [ 12.18667, 49.00337 ], [ 12.18664, 49.00497 ], [ 12.19125, 49.00474 ], [ 12.19142, 49.00697 ], [ 12.19087, 49.00693 ], [ 12.19081, 49.00739 ], [ 12.19161, 49.0078 ], [ 12.19045, 49.00891 ], [ 12.18811, 49.00825 ], [ 12.18604, 49.00807 ], [ 12.18255, 49.0086 ], [ 12.17947, 49.01006 ], [ 12.17533, 49.01322 ], [ 12.17103, 49.01564 ], [ 12.16772, 49.01652 ], [ 12.16518, 49.01773 ], [ 12.15851, 49.01924 ], [ 12.15985, 49.01953 ], [ 12.1597, 49.02035 ], [ 12.16051, 49.02033 ], [ 12.16107, 49.02366 ], [ 12.15982, 49.02395 ], [ 12.15999, 49.02621 ], [ 12.16067, 49.02634 ], [ 12.16045, 49.0271 ], [ 12.16178, 49.0273 ], [ 12.16168, 49.02895 ], [ 12.16631, 49.03002 ], [ 12.16624, 49.0303 ], [ 12.16772, 49.03093 ], [ 12.16804, 49.03172 ], [ 12.16679, 49.03328 ], [ 12.16358, 49.03427 ], [ 12.16289, 49.03495 ], [ 12.16395, 49.03544 ], [ 12.16337, 49.03627 ], [ 12.16433, 49.03649 ], [ 12.16327, 49.03797 ], [ 12.16411, 49.04004 ], [ 12.16588, 49.04029 ], [ 12.1654, 49.04495 ], [ 12.16438, 49.04857 ], [ 12.16267, 49.04834 ], [ 12.15896, 49.04872 ], [ 12.15328, 49.048 ], [ 12.15157, 49.04664 ], [ 12.14984, 49.04654 ], [ 12.14953, 49.04657 ], [ 12.14968, 49.04728 ], [ 12.14864, 49.04737 ], [ 12.14848, 49.04664 ], [ 12.14798, 49.04684 ], [ 12.14824, 49.04824 ], [ 12.1469, 49.04821 ], [ 12.14602, 49.04669 ], [ 12.14565, 49.04681 ], [ 12.1461, 49.04775 ], [ 12.14584, 49.04852 ], [ 12.14591, 49.05043 ], [ 12.14428, 49.05018 ], [ 12.14458, 49.05067 ], [ 12.14256, 49.05132 ], [ 12.14085, 49.04972 ], [ 12.13771, 49.04952 ], [ 12.1406, 49.05332 ], [ 12.13825, 49.05436 ], [ 12.13394, 49.05534 ], [ 12.13353, 49.05581 ], [ 12.13446, 49.05721 ], [ 12.13393, 49.05735 ], [ 12.13446, 49.05824 ], [ 12.13659, 49.05984 ], [ 12.13555, 49.06046 ], [ 12.13957, 49.06569 ], [ 12.14032, 49.06733 ], [ 12.14022, 49.06841 ], [ 12.13967, 49.06961 ], [ 12.13843, 49.07098 ], [ 12.13271, 49.07612 ], [ 12.13238, 49.0756 ], [ 12.13268, 49.07544 ], [ 12.13233, 49.07536 ], [ 12.13195, 49.07642 ], [ 12.13164, 49.07621 ], [ 12.1319, 49.07609 ], [ 12.13199, 49.07509 ], [ 12.13035, 49.07571 ], [ 12.12929, 49.07405 ], [ 12.1301, 49.07409 ], [ 12.13357, 49.0727 ], [ 12.1335, 49.07098 ], [ 12.13136, 49.07164 ], [ 12.13247, 49.06875 ], [ 12.12883, 49.06685 ], [ 12.12668, 49.06632 ], [ 12.12404, 49.06619 ], [ 12.11968, 49.0683 ], [ 12.11895, 49.06751 ], [ 12.1152, 49.068 ], [ 12.11418, 49.06621 ], [ 12.11513, 49.06604 ], [ 12.11455, 49.06492 ], [ 12.1104, 49.0656 ], [ 12.11036, 49.06508 ], [ 12.10917, 49.06515 ], [ 12.10886, 49.0658 ], [ 12.10636, 49.06526 ], [ 12.10656, 49.06497 ], [ 12.10454, 49.06414 ], [ 12.10263, 49.06405 ], [ 12.10222, 49.06358 ], [ 12.09873, 49.06398 ], [ 12.0983, 49.06357 ], [ 12.09958, 49.06335 ], [ 12.09941, 49.0631 ], [ 12.09731, 49.06341 ], [ 12.09716, 49.06252 ], [ 12.09475, 49.06272 ], [ 12.09428, 49.06361 ], [ 12.09417, 49.06212 ], [ 12.09555, 49.05717 ], [ 12.09536, 49.05624 ], [ 12.09441, 49.05498 ], [ 12.09519, 49.05276 ], [ 12.09433, 49.04946 ], [ 12.09631, 49.04684 ], [ 12.09793, 49.04627 ], [ 12.09812, 49.04558 ], [ 12.09901, 49.04526 ], [ 12.09923, 49.04321 ], [ 12.09881, 49.04254 ], [ 12.09748, 49.04213 ], [ 12.09426, 49.04206 ], [ 12.09417, 49.04101 ], [ 12.09448, 49.04054 ], [ 12.09386, 49.04041 ], [ 12.09407, 49.0401 ], [ 12.08903, 49.03789 ], [ 12.08865, 49.03745 ], [ 12.08987, 49.03564 ], [ 12.08429, 49.03524 ], [ 12.08429, 49.03489 ], [ 12.08233, 49.03482 ], [ 12.08251, 49.03408 ], [ 12.08298, 49.0341 ], [ 12.08308, 49.03377 ], [ 12.08154, 49.03368 ], [ 12.08157, 49.03204 ], [ 12.07867, 49.03249 ], [ 12.07537, 49.03236 ], [ 12.07126, 49.03367 ], [ 12.06146, 49.03503 ], [ 12.06113, 49.03627 ], [ 12.0581, 49.0371 ], [ 12.05681, 49.03832 ], [ 12.05622, 49.03938 ], [ 12.0526, 49.03977 ], [ 12.05259, 49.03999 ], [ 12.0541, 49.04005 ], [ 12.05424, 49.04068 ], [ 12.05504, 49.04086 ], [ 12.05504, 49.0414 ], [ 12.05432, 49.04258 ], [ 12.05411, 49.04444 ], [ 12.0536, 49.04557 ], [ 12.05353, 49.04859 ], [ 12.05194, 49.05072 ], [ 12.04665, 49.049 ], [ 12.04794, 49.04725 ], [ 12.04336, 49.0433 ], [ 12.04122, 49.04097 ], [ 12.04047, 49.04209 ], [ 12.03906, 49.04174 ], [ 12.03856, 49.04236 ], [ 12.0356, 49.04143 ], [ 12.037, 49.03842 ], [ 12.03686, 49.03612 ], [ 12.03717, 49.03526 ], [ 12.03613, 49.03591 ], [ 12.03627, 49.03829 ], [ 12.03558, 49.03647 ], [ 12.03569, 49.03597 ], [ 12.03643, 49.03528 ], [ 12.03557, 49.03476 ], [ 12.0337, 49.03455 ], [ 12.03311, 49.0351 ], [ 12.03149, 49.03483 ], [ 12.03283, 49.03217 ], [ 12.03383, 49.03112 ], [ 12.0404, 49.0267 ], [ 12.0416, 49.02711 ], [ 12.04347, 49.02679 ], [ 12.04345, 49.02578 ], [ 12.04275, 49.02533 ], [ 12.04519, 49.02398 ], [ 12.03967, 49.02065 ], [ 12.0303, 49.01352 ], [ 12.02908, 49.01121 ], [ 12.02931, 49.00999 ], [ 12.03011, 49.0085 ], [ 12.0355, 49.00358 ], [ 12.04178, 48.99913 ], [ 12.04214, 48.99921 ], [ 12.04143, 48.99983 ], [ 12.04647, 49.00148 ], [ 12.05134, 49.00179 ], [ 12.05541, 49.00094 ], [ 12.06133, 48.99745 ], [ 12.0624, 48.99745 ], [ 12.06315, 48.99793 ], [ 12.06383, 48.99776 ], [ 12.06359, 48.99564 ], [ 12.06496, 48.99432 ], [ 12.06521, 48.99209 ], [ 12.06649, 48.99127 ], [ 12.0692, 48.9908 ], [ 12.06858, 48.98933 ], [ 12.06745, 48.98828 ], [ 12.0679, 48.98804 ], [ 12.06578, 48.98594 ], [ 12.06768, 48.98573 ], [ 12.06579, 48.98562 ], [ 12.06599, 48.9843 ], [ 12.06575, 48.98364 ], [ 12.06706, 48.98358 ], [ 12.06712, 48.98228 ], [ 12.07081, 48.98237 ], [ 12.07117, 48.98119 ], [ 12.07243, 48.98105 ], [ 12.07376, 48.97658 ], [ 12.07481, 48.97418 ], [ 12.07456, 48.97386 ], [ 12.0733, 48.97418 ], [ 12.07102, 48.97406 ], [ 12.0706, 48.97272 ], [ 12.06977, 48.97148 ], [ 12.07467, 48.9693 ], [ 12.07644, 48.96914 ], [ 12.07938, 48.96943 ], [ 12.07947, 48.97216 ], [ 12.08139, 48.97213 ], [ 12.08143, 48.97253 ], [ 12.08205, 48.973 ], [ 12.08386, 48.97301 ], [ 12.08684, 48.97056 ], [ 12.09199, 48.9713 ], [ 12.09448, 48.97219 ], [ 12.0948, 48.97478 ], [ 12.10262, 48.97586 ], [ 12.10287, 48.9753 ], [ 12.10404, 48.97558 ], [ 12.10407, 48.97601 ], [ 12.10575, 48.97626 ], [ 12.1056, 48.9744 ], [ 12.10641, 48.97455 ], [ 12.10657, 48.97418 ], [ 12.09691, 48.9724 ], [ 12.0974, 48.97191 ], [ 12.09804, 48.97181 ], [ 12.09816, 48.97122 ], [ 12.09929, 48.96995 ], [ 12.09904, 48.96878 ], [ 12.09968, 48.96675 ], [ 12.10165, 48.96696 ], [ 12.10206, 48.96758 ], [ 12.10209, 48.96711 ], [ 12.10235, 48.96704 ], [ 12.10769, 48.96733 ], [ 12.10773, 48.96771 ], [ 12.10565, 48.96768 ], [ 12.10552, 48.9694 ], [ 12.10751, 48.96967 ], [ 12.10781, 48.97114 ], [ 12.11327, 48.97131 ], [ 12.1121, 48.97312 ], [ 12.11206, 48.97378 ], [ 12.11424, 48.97509 ], [ 12.11876, 48.97588 ], [ 12.12058, 48.97156 ], [ 12.12365, 48.97255 ], [ 12.12406, 48.97112 ], [ 12.12495, 48.9703 ], [ 12.12527, 48.96913 ], [ 12.12674, 48.96695 ], [ 12.13205, 48.96732 ], [ 12.13277, 48.96959 ], [ 12.13462, 48.96938 ], [ 12.13594, 48.97046 ], [ 12.13872, 48.97123 ], [ 12.13878, 48.97293 ], [ 12.14416, 48.9729 ], [ 12.14388, 48.97348 ], [ 12.14548, 48.97362 ], [ 12.14898, 48.97549 ], [ 12.14989, 48.97657 ], [ 12.15198, 48.97793 ], [ 12.15335, 48.97673 ], [ 12.15779, 48.97854 ], [ 12.16232, 48.97408 ], [ 12.1634, 48.97377 ], [ 12.16471, 48.97276 ], [ 12.16569, 48.97245 ], [ 12.16583, 48.97272 ], [ 12.17583, 48.97225 ], [ 12.19022, 48.98997 ], [ 12.18525, 48.99212 ], [ 12.18657, 48.99372 ], [ 12.18598, 48.99386 ], [ 12.18706, 48.99647 ], [ 12.18662, 48.99684 ], [ 12.18692, 48.99693 ] ] ] } },
{ "type": "Feature", "properties": { "stadt": "Offenbach am Main" }, "geometry": { "type": "Polygon", "coordinates": [ [ [ 8.81735, 50.12923 ], [ 8.81839, 50.13338 ], [ 8.80933, 50.13415 ], [ 8.8004, 50.13443 ], [ 8.78632, 50.13721 ], [ 8.78172, 50.1374 ], [ 8.77735, 50.13691 ], [ 8.77364, 50.13575 ], [ 8.77065, 50.13377 ], [ 8.7693, 50.13198 ], [ 8.76893, 50.12969 ], [ 8.76972, 50.12722 ], [ 8.77071, 50.12585 ], [ 8.77486, 50.12133 ], [ 8.77901, 50.11815 ], [ 8.78075, 50.11514 ], [ 8.78095, 50.11314 ], [ 8.78059, 50.11207 ], [ 8.77981, 50.11106 ], [ 8.77826, 50.11002 ], [ 8.77491, 50.10855 ], [ 8.77264, 50.10798 ], [ 8.77034, 50.10784 ], [ 8.76766, 50.10814 ], [ 8.76212, 50.10984 ], [ 8.75587, 50.11424 ], [ 8.75433, 50.11498 ], [ 8.75228, 50.11543 ], [ 8.74846, 50.11565 ], [ 8.7441, 50.11519 ], [ 8.74129, 50.11431 ], [ 8.73615, 50.11156 ], [ 8.72552, 50.10849 ], [ 8.72748, 50.10664 ], [ 8.7303, 50.1054 ], [ 8.73207, 50.10512 ], [ 8.73799, 50.10533 ], [ 8.73806, 50.10469 ], [ 8.74172, 50.10429 ], [ 8.74236, 50.10299 ], [ 8.74452, 50.10193 ], [ 8.74472, 50.10127 ], [ 8.74555, 50.10037 ], [ 8.74815, 50.09913 ], [ 8.74955, 50.09775 ], [ 8.75021, 50.09649 ], [ 8.74943, 50.09567 ], [ 8.74881, 50.0942 ], [ 8.74686, 50.0941 ], [ 8.74202, 50.09223 ], [ 8.74109, 50.09083 ], [ 8.73679, 50.08695 ], [ 8.73554, 50.0862 ], [ 8.73434, 50.08447 ], [ 8.73338, 50.08376 ], [ 8.73202, 50.08196 ], [ 8.73156, 50.08065 ], [ 8.73333, 50.07974 ], [ 8.73438, 50.07802 ], [ 8.73411, 50.07699 ], [ 8.73433, 50.07589 ], [ 8.72614, 50.07303 ], [ 8.72601, 50.07214 ], [ 8.73049, 50.0705 ], [ 8.72822, 50.06863 ], [ 8.72722, 50.06665 ], [ 8.726, 50.06627 ], [ 8.7243, 50.0652 ], [ 8.72245, 50.06505 ], [ 8.72249, 50.06429 ], [ 8.72375, 50.06392 ], [ 8.72462, 50.06324 ], [ 8.72504, 50.06233 ], [ 8.72496, 50.06173 ], [ 8.72816, 50.06196 ], [ 8.72955, 50.06137 ], [ 8.73571, 50.06237 ], [ 8.73779, 50.06226 ], [ 8.73898, 50.06187 ], [ 8.73745, 50.06274 ], [ 8.74132, 50.06329 ], [ 8.74318, 50.06281 ], [ 8.7456, 50.06377 ], [ 8.74829, 50.06411 ], [ 8.752, 50.06164 ], [ 8.7537, 50.06127 ], [ 8.75505, 50.06047 ], [ 8.7586, 50.05926 ], [ 8.7602, 50.05917 ], [ 8.76093, 50.05868 ], [ 8.76156, 50.05623 ], [ 8.74892, 50.0539 ], [ 8.75557, 50.04747 ], [ 8.76355, 50.04682 ], [ 8.7683, 50.04837 ], [ 8.76712, 50.04948 ], [ 8.77416, 50.04995 ], [ 8.77812, 50.05201 ], [ 8.77717, 50.05589 ], [ 8.77738, 50.05889 ], [ 8.78189, 50.05894 ], [ 8.78122, 50.06127 ], [ 8.78206, 50.06269 ], [ 8.78646, 50.06179 ], [ 8.78976, 50.06291 ], [ 8.78925, 50.06773 ], [ 8.81431, 50.06817 ], [ 8.82417, 50.06785 ], [ 8.82503, 50.06831 ], [ 8.82551, 50.0701 ], [ 8.82712, 50.07012 ], [ 8.82732, 50.06951 ], [ 8.83562, 50.07064 ], [ 8.83544, 50.07117 ], [ 8.83679, 50.07135 ], [ 8.84273, 50.08528 ], [ 8.83934, 50.08624 ], [ 8.82701, 50.08829 ], [ 8.8218, 50.09025 ], [ 8.82272, 50.09095 ], [ 8.81892, 50.09643 ], [ 8.82032, 50.09701 ], [ 8.82143, 50.09888 ], [ 8.82262, 50.09984 ], [ 8.82183, 50.10079 ], [ 8.82208, 50.10107 ], [ 8.81874, 50.10275 ], [ 8.81703, 50.10535 ], [ 8.81385, 50.10652 ], [ 8.81518, 50.10866 ], [ 8.81435, 50.11074 ], [ 8.81476, 50.11448 ], [ 8.81095, 50.11711 ], [ 8.80882, 50.11968 ], [ 8.80742, 50.11962 ], [ 8.80769, 50.12088 ], [ 8.80861, 50.12181 ], [ 8.81009, 50.12252 ], [ 8.81602, 50.12263 ], [ 8.81838, 50.12311 ], [ 8.81786, 50.12642 ], [ 8.81835, 50.12667 ], [ 8.81735, 50.12923 ] ] ] } },
{ "type": "Feature", "properties": { "stadt": "Göttingen" }, "geometry": { "type": "Polygon", "coordinates": [ [ [ 9.87106, 51.56226 ], [ 9.87094, 51.56102 ], [ 9.87024, 51.56094 ], [ 9.87033, 51.56044 ], [ 9.86701, 51.56051 ], [ 9.86708, 51.56204 ], [ 9.86668, 51.56201 ], [ 9.86649, 51.56358 ], [ 9.8635, 51.56354 ], [ 9.86351, 51.56271 ], [ 9.86203, 51.56268 ], [ 9.86148, 51.56139 ], [ 9.86082, 51.56133 ], [ 9.86051, 51.56336 ], [ 9.85954, 51.56505 ], [ 9.85972, 51.566 ], [ 9.85919, 51.5665 ], [ 9.85871, 51.56647 ], [ 9.85586, 51.56889 ], [ 9.85027, 51.57246 ], [ 9.85104, 51.57327 ], [ 9.84738, 51.57509 ], [ 9.84754, 51.57536 ], [ 9.84703, 51.57562 ], [ 9.84397, 51.57597 ], [ 9.84383, 51.57549 ], [ 9.84313, 51.57556 ], [ 9.8429, 51.57486 ], [ 9.8379, 51.57442 ], [ 9.83914, 51.57215 ], [ 9.83316, 51.5711 ], [ 9.83174, 51.57571 ], [ 9.83, 51.5748 ], [ 9.82893, 51.57386 ], [ 9.82564, 51.57291 ], [ 9.82633, 51.57026 ], [ 9.82683, 51.56967 ], [ 9.82611, 51.5682 ], [ 9.8198, 51.56744 ], [ 9.8147, 51.56594 ], [ 9.81418, 51.56423 ], [ 9.81132, 51.56294 ], [ 9.81488, 51.56099 ], [ 9.81757, 51.56005 ], [ 9.81933, 51.55886 ], [ 9.81843, 51.55842 ], [ 9.81881, 51.55821 ], [ 9.81807, 51.55797 ], [ 9.81878, 51.55647 ], [ 9.81727, 51.55615 ], [ 9.81774, 51.55542 ], [ 9.81555, 51.55393 ], [ 9.81397, 51.55341 ], [ 9.81081, 51.55097 ], [ 9.8112, 51.55067 ], [ 9.80816, 51.5497 ], [ 9.80715, 51.54873 ], [ 9.80566, 51.54849 ], [ 9.80585, 51.54804 ], [ 9.80661, 51.54769 ], [ 9.80683, 51.54711 ], [ 9.80887, 51.5456 ], [ 9.80484, 51.54454 ], [ 9.80533, 51.54407 ], [ 9.80446, 51.54393 ], [ 9.80492, 51.54272 ], [ 9.80385, 51.54249 ], [ 9.80421, 51.54112 ], [ 9.80286, 51.54105 ], [ 9.8029, 51.54011 ], [ 9.8013, 51.54003 ], [ 9.80029, 51.53901 ], [ 9.80014, 51.53505 ], [ 9.80037, 51.53509 ], [ 9.80075, 51.5344 ], [ 9.80209, 51.53407 ], [ 9.80295, 51.53282 ], [ 9.80329, 51.53062 ], [ 9.80412, 51.53041 ], [ 9.80481, 51.52968 ], [ 9.80808, 51.52843 ], [ 9.80786, 51.52757 ], [ 9.80823, 51.5274 ], [ 9.80876, 51.52721 ], [ 9.8095, 51.52775 ], [ 9.8103, 51.52772 ], [ 9.80938, 51.52655 ], [ 9.80889, 51.52501 ], [ 9.80799, 51.52447 ], [ 9.80998, 51.52234 ], [ 9.8117, 51.52191 ], [ 9.81384, 51.5198 ], [ 9.81539, 51.51888 ], [ 9.81882, 51.51745 ], [ 9.82248, 51.5167 ], [ 9.82271, 51.51616 ], [ 9.83309, 51.51549 ], [ 9.83545, 51.51559 ], [ 9.83934, 51.51518 ], [ 9.84145, 51.51453 ], [ 9.84224, 51.51532 ], [ 9.84349, 51.51526 ], [ 9.84681, 51.51305 ], [ 9.84959, 51.51301 ], [ 9.85121, 51.511 ], [ 9.85322, 51.51112 ], [ 9.85321, 51.51038 ], [ 9.85601, 51.51093 ], [ 9.85841, 51.51222 ], [ 9.85849, 51.512 ], [ 9.86458, 51.51329 ], [ 9.86891, 51.51334 ], [ 9.86814, 51.51516 ], [ 9.8714, 51.51561 ], [ 9.87501, 51.51545 ], [ 9.87511, 51.51671 ], [ 9.87837, 51.5166 ], [ 9.87839, 51.51736 ], [ 9.8809, 51.51779 ], [ 9.88123, 51.51634 ], [ 9.88325, 51.51719 ], [ 9.89248, 51.51894 ], [ 9.89813, 51.51957 ], [ 9.90135, 51.52037 ], [ 9.90569, 51.52002 ], [ 9.90642, 51.51832 ], [ 9.91244, 51.5183 ], [ 9.91225, 51.51774 ], [ 9.91539, 51.51714 ], [ 9.91786, 51.51608 ], [ 9.91704, 51.51559 ], [ 9.91732, 51.51498 ], [ 9.91584, 51.51246 ], [ 9.91589, 51.51158 ], [ 9.9223, 51.51194 ], [ 9.92215, 51.51108 ], [ 9.92279, 51.5111 ], [ 9.92282, 51.5104 ], [ 9.92217, 51.50902 ], [ 9.92059, 51.50802 ], [ 9.92001, 51.50564 ], [ 9.92416, 51.50508 ], [ 9.92338, 51.50237 ], [ 9.92966, 51.50156 ], [ 9.92917, 51.49958 ], [ 9.93175, 51.49925 ], [ 9.93102, 51.49827 ], [ 9.93489, 51.49848 ], [ 9.93453, 51.49522 ], [ 9.93394, 51.49533 ], [ 9.93411, 51.49489 ], [ 9.93783, 51.49247 ], [ 9.93862, 51.49162 ], [ 9.93857, 51.49131 ], [ 9.94024, 51.4909 ], [ 9.93986, 51.48898 ], [ 9.93859, 51.48867 ], [ 9.94084, 51.4871 ], [ 9.94243, 51.48456 ], [ 9.94233, 51.48388 ], [ 9.94758, 51.48302 ], [ 9.9528, 51.48414 ], [ 9.95454, 51.48396 ], [ 9.9555, 51.48525 ], [ 9.95595, 51.48783 ], [ 9.95694, 51.4889 ], [ 9.96118, 51.49093 ], [ 9.96559, 51.4918 ], [ 9.9651, 51.49224 ], [ 9.9667, 51.49355 ], [ 9.96768, 51.4949 ], [ 9.97068, 51.49663 ], [ 9.97188, 51.49548 ], [ 9.97401, 51.4964 ], [ 9.97394, 51.49761 ], [ 9.97483, 51.50012 ], [ 9.9764, 51.50174 ], [ 9.97741, 51.50369 ], [ 9.97969, 51.5049 ], [ 9.98103, 51.50772 ], [ 9.98179, 51.50789 ], [ 9.98419, 51.50746 ], [ 9.98737, 51.50993 ], [ 9.98797, 51.5109 ], [ 9.98812, 51.51204 ], [ 9.99021, 51.51248 ], [ 9.99023, 51.51124 ], [ 9.9917, 51.50961 ], [ 9.99359, 51.51011 ], [ 9.99896, 51.51057 ], [ 9.99975, 51.51099 ], [ 9.99967, 51.51264 ], [ 10.00012, 51.51345 ], [ 10.00099, 51.51401 ], [ 10.00119, 51.51463 ], [ 10.00351, 51.5161 ], [ 10.00389, 51.51746 ], [ 10.00487, 51.51843 ], [ 10.00321, 51.51978 ], [ 10.00242, 51.52115 ], [ 10.0048, 51.52136 ], [ 10.00603, 51.52013 ], [ 10.0081, 51.51982 ], [ 10.01222, 51.52059 ], [ 10.01484, 51.52023 ], [ 10.01996, 51.52076 ], [ 10.02085, 51.52127 ], [ 10.01817, 51.52196 ], [ 10.01788, 51.52273 ], [ 10.01962, 51.52759 ], [ 10.02074, 51.52903 ], [ 10.02272, 51.53008 ], [ 10.02542, 51.53002 ], [ 10.02906, 51.53051 ], [ 10.03565, 51.52995 ], [ 10.03868, 51.53133 ], [ 10.04604, 51.53015 ], [ 10.05109, 51.5306 ], [ 10.05109, 51.53137 ], [ 10.05146, 51.53169 ], [ 10.05135, 51.53215 ], [ 10.05223, 51.5341 ], [ 10.05361, 51.53504 ], [ 10.05272, 51.53578 ], [ 10.05278, 51.53661 ], [ 10.05172, 51.53706 ], [ 10.05006, 51.53921 ], [ 10.04864, 51.54335 ], [ 10.04876, 51.54464 ], [ 10.04479, 51.54678 ], [ 10.04412, 51.54838 ], [ 10.04154, 51.55043 ], [ 10.04161, 51.5531 ], [ 10.04087, 51.55453 ], [ 10.04158, 51.55654 ], [ 10.04149, 51.55729 ], [ 10.04074, 51.5583 ], [ 10.03886, 51.5592 ], [ 10.03195, 51.56071 ], [ 10.02862, 51.56094 ], [ 10.02556, 51.56073 ], [ 10.02103, 51.56184 ], [ 10.02212, 51.56555 ], [ 10.02369, 51.56603 ], [ 10.02592, 51.56765 ], [ 10.02891, 51.56921 ], [ 10.03056, 51.57156 ], [ 10.0309, 51.57354 ], [ 10.03192, 51.57431 ], [ 10.03458, 51.57538 ], [ 10.03436, 51.5765 ], [ 10.03491, 51.57756 ], [ 10.03424, 51.57859 ], [ 10.0331, 51.57878 ], [ 10.0319, 51.57981 ], [ 10.02798, 51.58101 ], [ 10.02771, 51.58214 ], [ 10.02657, 51.58258 ], [ 10.02149, 51.58374 ], [ 10.02073, 51.58362 ], [ 10.02019, 51.58426 ], [ 10.01881, 51.58489 ], [ 10.01891, 51.58543 ], [ 10.01538, 51.58768 ], [ 10.01315, 51.58827 ], [ 10.01124, 51.59 ], [ 10.00883, 51.59054 ], [ 10.00303, 51.59077 ], [ 10.00175, 51.59009 ], [ 9.99957, 51.58968 ], [ 9.99935, 51.58926 ], [ 9.99872, 51.58903 ], [ 9.99499, 51.58957 ], [ 9.99386, 51.59008 ], [ 9.99068, 51.58894 ], [ 9.98721, 51.5886 ], [ 9.98454, 51.59005 ], [ 9.97153, 51.58608 ], [ 9.96908, 51.58571 ], [ 9.96814, 51.58714 ], [ 9.96776, 51.58854 ], [ 9.96644, 51.5882 ], [ 9.96667, 51.58727 ], [ 9.9661, 51.58698 ], [ 9.96634, 51.58651 ], [ 9.96417, 51.58588 ], [ 9.96499, 51.58493 ], [ 9.95916, 51.58502 ], [ 9.95956, 51.58387 ], [ 9.95899, 51.58341 ], [ 9.95966, 51.58261 ], [ 9.95816, 51.58041 ], [ 9.95491, 51.57985 ], [ 9.95256, 51.57872 ], [ 9.9499, 51.57886 ], [ 9.94766, 51.5771 ], [ 9.94328, 51.577 ], [ 9.94055, 51.57738 ], [ 9.94088, 51.57947 ], [ 9.93288, 51.58013 ], [ 9.93313, 51.58045 ], [ 9.92941, 51.58073 ], [ 9.92716, 51.58134 ], [ 9.92787, 51.57652 ], [ 9.92333, 51.57607 ], [ 9.92304, 51.57447 ], [ 9.91916, 51.57425 ], [ 9.91859, 51.57128 ], [ 9.91471, 51.57233 ], [ 9.90967, 51.57274 ], [ 9.9125, 51.57493 ], [ 9.91309, 51.57591 ], [ 9.90968, 51.57618 ], [ 9.90534, 51.57306 ], [ 9.90401, 51.57303 ], [ 9.90182, 51.5717 ], [ 9.89814, 51.5703 ], [ 9.89177, 51.56934 ], [ 9.89194, 51.57096 ], [ 9.88228, 51.5694 ], [ 9.88241, 51.56884 ], [ 9.87983, 51.56896 ], [ 9.87834, 51.5648 ], [ 9.87358, 51.56479 ], [ 9.87031, 51.56404 ], [ 9.87016, 51.56226 ], [ 9.87106, 51.56226 ] ] ] } },
{ "type": "Feature", "properties": { "stadt": "Fürth" }, "geometry": { "type": "Polygon", "coordinates": [ [ [ 10.9743, 49.54031 ], [ 10.97193, 49.53536 ], [ 10.97144, 49.53541 ], [ 10.97109, 49.53486 ], [ 10.9705, 49.53497 ], [ 10.96974, 49.53347 ], [ 10.96731, 49.53364 ], [ 10.96696, 49.53323 ], [ 10.96501, 49.53325 ], [ 10.96522, 49.53349 ], [ 10.95959, 49.5337 ], [ 10.95957, 49.53271 ], [ 10.95794, 49.53314 ], [ 10.95223, 49.53331 ], [ 10.95202, 49.53284 ], [ 10.94469, 49.53479 ], [ 10.94453, 49.53459 ], [ 10.94106, 49.53594 ], [ 10.93865, 49.53569 ], [ 10.9387, 49.53512 ], [ 10.93399, 49.53458 ], [ 10.93418, 49.53334 ], [ 10.93307, 49.53321 ], [ 10.93351, 49.53039 ], [ 10.93272, 49.53036 ], [ 10.93153, 49.52955 ], [ 10.93096, 49.52852 ], [ 10.93092, 49.52766 ], [ 10.92919, 49.5277 ], [ 10.9291, 49.52665 ], [ 10.93492, 49.52677 ], [ 10.93464, 49.52341 ], [ 10.92888, 49.52332 ], [ 10.92871, 49.52082 ], [ 10.93299, 49.52077 ], [ 10.93155, 49.51559 ], [ 10.93283, 49.51494 ], [ 10.93258, 49.51277 ], [ 10.93366, 49.5096 ], [ 10.93339, 49.50954 ], [ 10.93402, 49.50728 ], [ 10.93387, 49.50685 ], [ 10.93253, 49.50686 ], [ 10.93249, 49.5063 ], [ 10.93308, 49.50627 ], [ 10.93261, 49.50611 ], [ 10.93109, 49.50634 ], [ 10.93053, 49.50693 ], [ 10.92961, 49.50694 ], [ 10.92867, 49.50614 ], [ 10.92644, 49.5059 ], [ 10.92597, 49.50644 ], [ 10.92458, 49.50654 ], [ 10.92445, 49.50712 ], [ 10.92387, 49.50667 ], [ 10.92332, 49.50666 ], [ 10.92305, 49.50715 ], [ 10.92157, 49.50761 ], [ 10.92154, 49.50806 ], [ 10.9211, 49.5079 ], [ 10.92045, 49.50819 ], [ 10.92049, 49.5088 ], [ 10.91879, 49.50881 ], [ 10.91779, 49.50839 ], [ 10.91795, 49.50818 ], [ 10.9176, 49.50781 ], [ 10.91551, 49.50755 ], [ 10.91569, 49.50708 ], [ 10.91513, 49.50724 ], [ 10.91126, 49.50619 ], [ 10.90817, 49.50632 ], [ 10.9078, 49.50576 ], [ 10.90666, 49.50584 ], [ 10.90621, 49.50271 ], [ 10.90434, 49.49951 ], [ 10.90324, 49.49897 ], [ 10.9019, 49.50012 ], [ 10.90116, 49.49986 ], [ 10.90233, 49.49877 ], [ 10.90022, 49.49704 ], [ 10.90025, 49.49561 ], [ 10.89624, 49.49575 ], [ 10.89328, 49.49634 ], [ 10.89316, 49.49537 ], [ 10.89357, 49.4941 ], [ 10.89404, 49.49413 ], [ 10.89396, 49.49316 ], [ 10.896, 49.49383 ], [ 10.89598, 49.49202 ], [ 10.89716, 49.49121 ], [ 10.89708, 49.49088 ], [ 10.89808, 49.49077 ], [ 10.89929, 49.49014 ], [ 10.89922, 49.48895 ], [ 10.90083, 49.48829 ], [ 10.90198, 49.48831 ], [ 10.90207, 49.4853 ], [ 10.90108, 49.48498 ], [ 10.90252, 49.48493 ], [ 10.90256, 49.48471 ], [ 10.90093, 49.48463 ], [ 10.90045, 49.48427 ], [ 10.9015, 49.48242 ], [ 10.90181, 49.48069 ], [ 10.90235, 49.48011 ], [ 10.90371, 49.47658 ], [ 10.90707, 49.47686 ], [ 10.90685, 49.47657 ], [ 10.90747, 49.47558 ], [ 10.91218, 49.47349 ], [ 10.91159, 49.47335 ], [ 10.91165, 49.47276 ], [ 10.9125, 49.47113 ], [ 10.91132, 49.47025 ], [ 10.9106, 49.4689 ], [ 10.90947, 49.46817 ], [ 10.90856, 49.46799 ], [ 10.90724, 49.46702 ], [ 10.90804, 49.46659 ], [ 10.90808, 49.46541 ], [ 10.91082, 49.46366 ], [ 10.91122, 49.4627 ], [ 10.91388, 49.46263 ], [ 10.91815, 49.46374 ], [ 10.91877, 49.46335 ], [ 10.92363, 49.4624 ], [ 10.92647, 49.46098 ], [ 10.92918, 49.46012 ], [ 10.92944, 49.45974 ], [ 10.933, 49.45855 ], [ 10.94187, 49.45902 ], [ 10.94669, 49.45964 ], [ 10.94686, 49.45817 ], [ 10.95359, 49.45804 ], [ 10.95419, 49.45758 ], [ 10.95731, 49.45795 ], [ 10.95724, 49.45846 ], [ 10.95859, 49.45859 ], [ 10.95916, 49.45774 ], [ 10.9615, 49.45825 ], [ 10.96317, 49.45826 ], [ 10.96359, 49.45782 ], [ 10.96529, 49.45745 ], [ 10.96605, 49.45694 ], [ 10.97133, 49.45656 ], [ 10.97219, 49.45403 ], [ 10.97081, 49.45295 ], [ 10.97066, 49.45262 ], [ 10.97095, 49.45247 ], [ 10.97051, 49.45203 ], [ 10.97509, 49.4513 ], [ 10.97594, 49.45143 ], [ 10.97616, 49.45317 ], [ 10.98038, 49.45322 ], [ 10.98043, 49.45261 ], [ 10.98148, 49.45303 ], [ 10.9806, 49.45143 ], [ 10.98205, 49.4507 ], [ 10.98167, 49.4497 ], [ 10.9825, 49.44812 ], [ 10.98298, 49.44806 ], [ 10.98492, 49.44908 ], [ 10.98548, 49.449 ], [ 10.98544, 49.44819 ], [ 10.98593, 49.44714 ], [ 10.98466, 49.44581 ], [ 10.98461, 49.44518 ], [ 10.98596, 49.44484 ], [ 10.98699, 49.44397 ], [ 10.98668, 49.44146 ], [ 10.98767, 49.44022 ], [ 10.98929, 49.43909 ], [ 10.98979, 49.43737 ], [ 10.99127, 49.43599 ], [ 10.9939, 49.43751 ], [ 10.99376, 49.43777 ], [ 10.99786, 49.43833 ], [ 10.99656, 49.4403 ], [ 10.99658, 49.44187 ], [ 10.99931, 49.44212 ], [ 10.99741, 49.4465 ], [ 10.99459, 49.44872 ], [ 10.99595, 49.44985 ], [ 10.99843, 49.44842 ], [ 10.9999, 49.44874 ], [ 11.00898, 49.45454 ], [ 11.00949, 49.45672 ], [ 11.00921, 49.45704 ], [ 11.00982, 49.45718 ], [ 11.01018, 49.45772 ], [ 11.0107, 49.45966 ], [ 11.01081, 49.4626 ], [ 11.01132, 49.46428 ], [ 11.01106, 49.46439 ], [ 11.01253, 49.46577 ], [ 11.01494, 49.46465 ], [ 11.01551, 49.46705 ], [ 11.01522, 49.46738 ], [ 11.01571, 49.46785 ], [ 11.01577, 49.46883 ], [ 11.01683, 49.46947 ], [ 11.017, 49.47084 ], [ 11.01579, 49.47268 ], [ 11.01666, 49.4731 ], [ 11.01743, 49.47258 ], [ 11.0183, 49.47295 ], [ 11.02106, 49.47158 ], [ 11.02206, 49.47229 ], [ 11.02291, 49.47178 ], [ 11.02461, 49.47142 ], [ 11.0258, 49.47285 ], [ 11.02668, 49.47577 ], [ 11.02625, 49.47597 ], [ 11.02644, 49.47713 ], [ 11.02598, 49.48124 ], [ 11.02314, 49.48106 ], [ 11.02316, 49.48464 ], [ 11.02056, 49.48445 ], [ 11.02043, 49.48744 ], [ 11.01824, 49.48716 ], [ 11.01602, 49.49048 ], [ 11.01705, 49.49208 ], [ 11.01418, 49.49257 ], [ 11.01588, 49.49464 ], [ 11.02093, 49.49816 ], [ 11.02354, 49.4987 ], [ 11.02381, 49.50297 ], [ 11.02334, 49.50297 ], [ 11.0233, 49.50494 ], [ 11.02509, 49.50504 ], [ 11.02499, 49.50739 ], [ 11.02822, 49.50713 ], [ 11.02866, 49.50874 ], [ 11.02607, 49.50946 ], [ 11.02617, 49.51004 ], [ 11.0252, 49.51001 ], [ 11.02482, 49.50863 ], [ 11.02157, 49.5087 ], [ 11.02145, 49.50922 ], [ 11.01716, 49.50927 ], [ 11.01677, 49.50742 ], [ 11.01401, 49.50755 ], [ 11.01406, 49.50826 ], [ 11.00961, 49.50836 ], [ 11.00931, 49.50929 ], [ 11.00741, 49.50931 ], [ 11.00747, 49.51006 ], [ 11.00592, 49.51019 ], [ 11.00624, 49.51111 ], [ 11.00601, 49.51232 ], [ 10.99987, 49.51345 ], [ 10.99952, 49.51357 ], [ 10.99941, 49.51458 ], [ 10.99875, 49.51478 ], [ 10.99819, 49.51629 ], [ 10.99934, 49.51654 ], [ 10.99879, 49.52065 ], [ 11.00242, 49.52129 ], [ 11.00295, 49.52233 ], [ 11.00401, 49.52263 ], [ 11.00274, 49.52306 ], [ 11.00225, 49.52389 ], [ 10.99612, 49.52499 ], [ 10.99602, 49.52547 ], [ 10.9951, 49.52591 ], [ 10.99542, 49.52618 ], [ 10.99413, 49.52649 ], [ 10.99449, 49.52697 ], [ 10.9932, 49.52723 ], [ 10.99274, 49.52688 ], [ 10.99313, 49.53158 ], [ 10.99415, 49.53328 ], [ 10.99379, 49.5333 ], [ 10.99383, 49.53466 ], [ 10.99295, 49.53601 ], [ 10.99078, 49.53587 ], [ 10.98564, 49.53772 ], [ 10.98391, 49.53778 ], [ 10.98404, 49.53834 ], [ 10.98092, 49.53912 ], [ 10.9798, 49.54001 ], [ 10.97638, 49.54015 ], [ 10.97536, 49.54125 ], [ 10.9743, 49.54031 ] ] ] } },
{ "type": "Feature", "properties": { "stadt": "Heilbronn" }, "geometry": { "type": "Polygon", "coordinates": [ [ [ 9.2494, 49.16269 ], [ 9.24968, 49.16462 ], [ 9.24751, 49.16496 ], [ 9.24002, 49.16385 ], [ 9.23829, 49.16409 ], [ 9.23663, 49.16733 ], [ 9.23722, 49.16754 ], [ 9.23682, 49.16913 ], [ 9.23547, 49.16968 ], [ 9.23572, 49.17023 ], [ 9.23469, 49.17032 ], [ 9.2339, 49.16961 ], [ 9.22818, 49.17015 ], [ 9.22511, 49.17091 ], [ 9.22449, 49.17087 ], [ 9.22447, 49.17033 ], [ 9.22134, 49.17007 ], [ 9.2211, 49.17077 ], [ 9.22036, 49.17097 ], [ 9.22022, 49.17172 ], [ 9.21953, 49.17167 ], [ 9.21845, 49.17733 ], [ 9.21886, 49.17855 ], [ 9.21843, 49.18091 ], [ 9.21861, 49.18188 ], [ 9.21702, 49.18266 ], [ 9.21709, 49.18325 ], [ 9.21653, 49.18335 ], [ 9.21678, 49.18362 ], [ 9.21658, 49.18429 ], [ 9.2147, 49.18554 ], [ 9.21289, 49.18784 ], [ 9.21187, 49.18776 ], [ 9.20828, 49.18618 ], [ 9.20795, 49.18684 ], [ 9.20547, 49.18702 ], [ 9.20215, 49.18609 ], [ 9.18538, 49.18895 ], [ 9.18616, 49.19152 ], [ 9.18138, 49.19109 ], [ 9.17612, 49.19126 ], [ 9.17586, 49.19279 ], [ 9.16957, 49.19253 ], [ 9.16915, 49.19193 ], [ 9.16719, 49.19191 ], [ 9.16471, 49.19113 ], [ 9.16336, 49.20345 ], [ 9.16202, 49.20338 ], [ 9.1606, 49.20383 ], [ 9.15974, 49.20526 ], [ 9.15982, 49.20652 ], [ 9.15168, 49.20806 ], [ 9.14851, 49.20851 ], [ 9.13643, 49.20811 ], [ 9.12719, 49.20913 ], [ 9.11854, 49.20859 ], [ 9.11434, 49.20992 ], [ 9.1148, 49.20962 ], [ 9.11492, 49.20902 ], [ 9.11429, 49.20926 ], [ 9.11251, 49.2079 ], [ 9.11098, 49.20739 ], [ 9.11021, 49.20619 ], [ 9.10875, 49.2051 ], [ 9.10809, 49.20163 ], [ 9.10903, 49.1975 ], [ 9.10546, 49.19581 ], [ 9.10396, 49.19611 ], [ 9.09786, 49.19613 ], [ 9.09122, 49.19759 ], [ 9.09016, 49.19736 ], [ 9.09016, 49.19678 ], [ 9.08616, 49.19708 ], [ 9.08611, 49.19873 ], [ 9.08327, 49.19884 ], [ 9.08323, 49.1974 ], [ 9.07863, 49.1977 ], [ 9.07075, 49.19743 ], [ 9.06848, 49.19796 ], [ 9.06719, 49.19868 ], [ 9.06256, 49.19889 ], [ 9.05971, 49.19859 ], [ 9.05669, 49.19717 ], [ 9.05117, 49.19753 ], [ 9.04459, 49.19727 ], [ 9.04444, 49.19706 ], [ 9.04614, 49.19582 ], [ 9.05614, 49.19498 ], [ 9.05577, 49.1932 ], [ 9.06023, 49.19098 ], [ 9.06241, 49.18945 ], [ 9.06688, 49.1884 ], [ 9.06841, 49.18766 ], [ 9.06979, 49.18628 ], [ 9.07135, 49.18548 ], [ 9.07228, 49.18532 ], [ 9.07459, 49.18576 ], [ 9.07576, 49.18351 ], [ 9.07984, 49.18392 ], [ 9.08045, 49.18169 ], [ 9.07957, 49.18139 ], [ 9.07935, 49.18032 ], [ 9.07959, 49.17895 ], [ 9.08221, 49.17919 ], [ 9.08261, 49.17893 ], [ 9.08529, 49.17692 ], [ 9.08748, 49.17363 ], [ 9.08892, 49.17297 ], [ 9.08993, 49.17321 ], [ 9.09023, 49.17157 ], [ 9.09075, 49.17162 ], [ 9.09125, 49.17033 ], [ 9.09538, 49.17058 ], [ 9.09922, 49.17121 ], [ 9.09931, 49.16934 ], [ 9.10604, 49.16934 ], [ 9.10868, 49.16892 ], [ 9.11292, 49.16882 ], [ 9.11556, 49.1692 ], [ 9.12085, 49.17095 ], [ 9.12884, 49.17068 ], [ 9.12913, 49.17095 ], [ 9.13003, 49.16811 ], [ 9.12973, 49.16617 ], [ 9.13154, 49.16629 ], [ 9.13146, 49.16404 ], [ 9.13312, 49.16416 ], [ 9.1342, 49.16103 ], [ 9.1344, 49.15995 ], [ 9.13348, 49.15986 ], [ 9.13354, 49.1572 ], [ 9.13758, 49.15659 ], [ 9.13798, 49.15587 ], [ 9.13994, 49.15649 ], [ 9.14058, 49.15537 ], [ 9.14062, 49.1542 ], [ 9.14624, 49.15453 ], [ 9.14623, 49.1525 ], [ 9.14575, 49.15242 ], [ 9.14566, 49.15154 ], [ 9.15058, 49.15102 ], [ 9.15243, 49.15048 ], [ 9.15307, 49.15103 ], [ 9.1551, 49.15033 ], [ 9.15531, 49.15092 ], [ 9.15636, 49.15073 ], [ 9.15681, 49.15032 ], [ 9.15898, 49.15011 ], [ 9.15895, 49.14981 ], [ 9.16087, 49.14963 ], [ 9.1605, 49.14847 ], [ 9.15953, 49.14845 ], [ 9.1584, 49.14664 ], [ 9.15854, 49.14636 ], [ 9.16061, 49.14644 ], [ 9.16062, 49.14526 ], [ 9.15915, 49.14512 ], [ 9.1582, 49.14197 ], [ 9.15613, 49.14196 ], [ 9.15605, 49.14038 ], [ 9.15453, 49.14055 ], [ 9.15284, 49.14027 ], [ 9.15137, 49.13762 ], [ 9.14893, 49.1379 ], [ 9.1491, 49.13607 ], [ 9.14413, 49.13251 ], [ 9.14055, 49.13127 ], [ 9.14065, 49.13021 ], [ 9.13985, 49.13015 ], [ 9.13997, 49.12935 ], [ 9.133, 49.12909 ], [ 9.13308, 49.12652 ], [ 9.13021, 49.12648 ], [ 9.13065, 49.12508 ], [ 9.13541, 49.12106 ], [ 9.13638, 49.12101 ], [ 9.13631, 49.11994 ], [ 9.13735, 49.11968 ], [ 9.13728, 49.11923 ], [ 9.13762, 49.11902 ], [ 9.13915, 49.11898 ], [ 9.1391, 49.11812 ], [ 9.13985, 49.11807 ], [ 9.13975, 49.11681 ], [ 9.14155, 49.11715 ], [ 9.14257, 49.11533 ], [ 9.14392, 49.11555 ], [ 9.14604, 49.11316 ], [ 9.14849, 49.11192 ], [ 9.1503, 49.11134 ], [ 9.15092, 49.11207 ], [ 9.15111, 49.11138 ], [ 9.14933, 49.11013 ], [ 9.14869, 49.1085 ], [ 9.14967, 49.10845 ], [ 9.14925, 49.10556 ], [ 9.15051, 49.10149 ], [ 9.15216, 49.09948 ], [ 9.15474, 49.09801 ], [ 9.15742, 49.09509 ], [ 9.16134, 49.09289 ], [ 9.16382, 49.09514 ], [ 9.1687, 49.09336 ], [ 9.17091, 49.09472 ], [ 9.17075, 49.09498 ], [ 9.17184, 49.09532 ], [ 9.1724, 49.09538 ], [ 9.17373, 49.09425 ], [ 9.17625, 49.0944 ], [ 9.17652, 49.09662 ], [ 9.17572, 49.09923 ], [ 9.17832, 49.09862 ], [ 9.17975, 49.09999 ], [ 9.17926, 49.10079 ], [ 9.17826, 49.1007 ], [ 9.17587, 49.10213 ], [ 9.1755, 49.10277 ], [ 9.17584, 49.10316 ], [ 9.17557, 49.10368 ], [ 9.17602, 49.10404 ], [ 9.17576, 49.10447 ], [ 9.17762, 49.105 ], [ 9.1788, 49.10479 ], [ 9.17879, 49.10457 ], [ 9.18075, 49.10458 ], [ 9.18072, 49.10413 ], [ 9.18563, 49.10423 ], [ 9.1857, 49.10345 ], [ 9.18901, 49.10357 ], [ 9.18955, 49.10532 ], [ 9.19133, 49.10495 ], [ 9.19155, 49.10582 ], [ 9.19316, 49.10552 ], [ 9.19376, 49.10798 ], [ 9.19677, 49.10683 ], [ 9.19865, 49.10897 ], [ 9.20027, 49.11021 ], [ 9.19993, 49.11041 ], [ 9.20202, 49.11245 ], [ 9.20357, 49.11286 ], [ 9.21386, 49.1122 ], [ 9.21408, 49.1114 ], [ 9.21538, 49.1113 ], [ 9.21522, 49.11002 ], [ 9.21557, 49.10798 ], [ 9.21743, 49.10796 ], [ 9.21725, 49.10751 ], [ 9.22022, 49.10766 ], [ 9.22171, 49.10805 ], [ 9.22337, 49.10755 ], [ 9.22376, 49.10809 ], [ 9.22618, 49.10677 ], [ 9.22606, 49.10608 ], [ 9.23275, 49.10587 ], [ 9.23462, 49.10542 ], [ 9.2348, 49.10573 ], [ 9.24048, 49.10461 ], [ 9.2428, 49.10501 ], [ 9.243, 49.1044 ], [ 9.2461, 49.10501 ], [ 9.2461, 49.10432 ], [ 9.24983, 49.1043 ], [ 9.25166, 49.10384 ], [ 9.25361, 49.10378 ], [ 9.25562, 49.10455 ], [ 9.25776, 49.10449 ], [ 9.25343, 49.10637 ], [ 9.25412, 49.10643 ], [ 9.25419, 49.10672 ], [ 9.25297, 49.10722 ], [ 9.25278, 49.10805 ], [ 9.2549, 49.10886 ], [ 9.25866, 49.10942 ], [ 9.26003, 49.10939 ], [ 9.2616, 49.10891 ], [ 9.26378, 49.10906 ], [ 9.26539, 49.1084 ], [ 9.26629, 49.10876 ], [ 9.26767, 49.10873 ], [ 9.26819, 49.11111 ], [ 9.2766, 49.11283 ], [ 9.27844, 49.11254 ], [ 9.28074, 49.11369 ], [ 9.28142, 49.11361 ], [ 9.28304, 49.11445 ], [ 9.28591, 49.11511 ], [ 9.29065, 49.11419 ], [ 9.29148, 49.11372 ], [ 9.29228, 49.11272 ], [ 9.29495, 49.1125 ], [ 9.30208, 49.11488 ], [ 9.30192, 49.11617 ], [ 9.30104, 49.1172 ], [ 9.29831, 49.118 ], [ 9.29783, 49.11962 ], [ 9.29424, 49.11955 ], [ 9.29111, 49.11877 ], [ 9.28972, 49.11893 ], [ 9.28449, 49.12064 ], [ 9.27823, 49.12003 ], [ 9.27678, 49.12066 ], [ 9.27475, 49.12095 ], [ 9.27421, 49.12188 ], [ 9.27477, 49.12304 ], [ 9.27661, 49.12487 ], [ 9.27773, 49.12555 ], [ 9.27723, 49.12776 ], [ 9.2773, 49.12895 ], [ 9.2777, 49.13049 ], [ 9.27952, 49.13275 ], [ 9.27854, 49.13346 ], [ 9.27833, 49.13439 ], [ 9.27765, 49.13507 ], [ 9.27534, 49.13593 ], [ 9.27642, 49.1369 ], [ 9.27688, 49.13823 ], [ 9.27538, 49.13876 ], [ 9.2743, 49.13986 ], [ 9.27097, 49.14075 ], [ 9.2724, 49.14377 ], [ 9.27241, 49.14445 ], [ 9.26954, 49.14567 ], [ 9.26669, 49.14566 ], [ 9.2631, 49.14639 ], [ 9.26082, 49.14871 ], [ 9.25708, 49.14862 ], [ 9.2559, 49.14935 ], [ 9.25482, 49.15145 ], [ 9.25426, 49.15411 ], [ 9.25995, 49.15566 ], [ 9.26251, 49.15599 ], [ 9.26237, 49.15651 ], [ 9.26195, 49.15714 ], [ 9.26062, 49.15709 ], [ 9.26059, 49.15764 ], [ 9.26095, 49.15769 ], [ 9.26067, 49.15905 ], [ 9.25948, 49.15922 ], [ 9.25944, 49.16012 ], [ 9.25825, 49.16015 ], [ 9.25792, 49.16168 ], [ 9.25766, 49.16169 ], [ 9.25717, 49.16311 ], [ 9.25575, 49.16327 ], [ 9.25417, 49.16286 ], [ 9.2497, 49.16256 ], [ 9.2494, 49.16269 ] ] ] } },
{ "type": "Feature", "properties": { "stadt": "Ingolstadt" }, "geometry": { "type": "Polygon", "coordinates": [ [ [ 11.49527, 48.77477 ], [ 11.49394, 48.77588 ], [ 11.49458, 48.77662 ], [ 11.49644, 48.77777 ], [ 11.49667, 48.77941 ], [ 11.49624, 48.78063 ], [ 11.49881, 48.7825 ], [ 11.49926, 48.78446 ], [ 11.4965, 48.78429 ], [ 11.4967, 48.78493 ], [ 11.49647, 48.78571 ], [ 11.49528, 48.78636 ], [ 11.49344, 48.7882 ], [ 11.48672, 48.78824 ], [ 11.48303, 48.78914 ], [ 11.48416, 48.78956 ], [ 11.48388, 48.78986 ], [ 11.48148, 48.78896 ], [ 11.47886, 48.79152 ], [ 11.47419, 48.78967 ], [ 11.47146, 48.79257 ], [ 11.46853, 48.79179 ], [ 11.46828, 48.79421 ], [ 11.4657, 48.79388 ], [ 11.46372, 48.79412 ], [ 11.45995, 48.79288 ], [ 11.45999, 48.79404 ], [ 11.45841, 48.79413 ], [ 11.45809, 48.79306 ], [ 11.45757, 48.79286 ], [ 11.45685, 48.7943 ], [ 11.45428, 48.7948 ], [ 11.45275, 48.79486 ], [ 11.45045, 48.79392 ], [ 11.45013, 48.79616 ], [ 11.4511, 48.79627 ], [ 11.45127, 48.79683 ], [ 11.45087, 48.79759 ], [ 11.44877, 48.79811 ], [ 11.44893, 48.79918 ], [ 11.4486, 48.7995 ], [ 11.44617, 48.80047 ], [ 11.44406, 48.8007 ], [ 11.44072, 48.80242 ], [ 11.43575, 48.80256 ], [ 11.43962, 48.80292 ], [ 11.4335, 48.80467 ], [ 11.43382, 48.80518 ], [ 11.43242, 48.80554 ], [ 11.43147, 48.80629 ], [ 11.43106, 48.806 ], [ 11.43068, 48.80613 ], [ 11.4302, 48.80561 ], [ 11.42783, 48.8061 ], [ 11.42759, 48.80636 ], [ 11.42844, 48.80747 ], [ 11.42834, 48.808 ], [ 11.42963, 48.81155 ], [ 11.42574, 48.81233 ], [ 11.42044, 48.81218 ], [ 11.42013, 48.81299 ], [ 11.41833, 48.81316 ], [ 11.41695, 48.81395 ], [ 11.41526, 48.8143 ], [ 11.41283, 48.81599 ], [ 11.41174, 48.81566 ], [ 11.41057, 48.81628 ], [ 11.40639, 48.81717 ], [ 11.40559, 48.81976 ], [ 11.40047, 48.8205 ], [ 11.40068, 48.82217 ], [ 11.39676, 48.82289 ], [ 11.39638, 48.82045 ], [ 11.394, 48.82028 ], [ 11.39375, 48.81823 ], [ 11.39117, 48.81832 ], [ 11.39098, 48.81612 ], [ 11.38974, 48.81616 ], [ 11.38897, 48.81171 ], [ 11.39089, 48.81176 ], [ 11.39277, 48.81141 ], [ 11.39244, 48.80917 ], [ 11.39083, 48.80759 ], [ 11.39153, 48.80701 ], [ 11.391, 48.80643 ], [ 11.39104, 48.80457 ], [ 11.39139, 48.80368 ], [ 11.39068, 48.80171 ], [ 11.38927, 48.80124 ], [ 11.38907, 48.80088 ], [ 11.38367, 48.79903 ], [ 11.38358, 48.79815 ], [ 11.38246, 48.79608 ], [ 11.38282, 48.79572 ], [ 11.38668, 48.79547 ], [ 11.38559, 48.79267 ], [ 11.38505, 48.79265 ], [ 11.38489, 48.79208 ], [ 11.39101, 48.79158 ], [ 11.39032, 48.78913 ], [ 11.38985, 48.78905 ], [ 11.38945, 48.7873 ], [ 11.38768, 48.78509 ], [ 11.38741, 48.7826 ], [ 11.38225, 48.78022 ], [ 11.37763, 48.7793 ], [ 11.37621, 48.77956 ], [ 11.37621, 48.78162 ], [ 11.37381, 48.78174 ], [ 11.37347, 48.7806 ], [ 11.36459, 48.78198 ], [ 11.36342, 48.78121 ], [ 11.35971, 48.7819 ], [ 11.35898, 48.78025 ], [ 11.35771, 48.78023 ], [ 11.35758, 48.77755 ], [ 11.35463, 48.77747 ], [ 11.35445, 48.77876 ], [ 11.35122, 48.7799 ], [ 11.34831, 48.78037 ], [ 11.3487, 48.78168 ], [ 11.34643, 48.78229 ], [ 11.34644, 48.78286 ], [ 11.33865, 48.78535 ], [ 11.33666, 48.78254 ], [ 11.32745, 48.78568 ], [ 11.32702, 48.78539 ], [ 11.32228, 48.78598 ], [ 11.32038, 48.7827 ], [ 11.31963, 48.78235 ], [ 11.30485, 48.7818 ], [ 11.3017, 48.7843 ], [ 11.29233, 48.78503 ], [ 11.28693, 48.78688 ], [ 11.28246, 48.78798 ], [ 11.27967, 48.7883 ], [ 11.27636, 48.79006 ], [ 11.27181, 48.79052 ], [ 11.27131, 48.78894 ], [ 11.26185, 48.78988 ], [ 11.2615, 48.78952 ], [ 11.26187, 48.78768 ], [ 11.26176, 48.78487 ], [ 11.26248, 48.78123 ], [ 11.25982, 48.78166 ], [ 11.25963, 48.78019 ], [ 11.25612, 48.7804 ], [ 11.25591, 48.77946 ], [ 11.25649, 48.77935 ], [ 11.25639, 48.77771 ], [ 11.26003, 48.77741 ], [ 11.26017, 48.77678 ], [ 11.26328, 48.77634 ], [ 11.26375, 48.77476 ], [ 11.26309, 48.77361 ], [ 11.26454, 48.77323 ], [ 11.26509, 48.77193 ], [ 11.26472, 48.77177 ], [ 11.26507, 48.77039 ], [ 11.26659, 48.7705 ], [ 11.26671, 48.76977 ], [ 11.26849, 48.76987 ], [ 11.2685, 48.76843 ], [ 11.2697, 48.76486 ], [ 11.27068, 48.76491 ], [ 11.27113, 48.7642 ], [ 11.27157, 48.76426 ], [ 11.2724, 48.76315 ], [ 11.27274, 48.76318 ], [ 11.2738, 48.76155 ], [ 11.27727, 48.76213 ], [ 11.27814, 48.76047 ], [ 11.28068, 48.76068 ], [ 11.28175, 48.75846 ], [ 11.28561, 48.75888 ], [ 11.28621, 48.75618 ], [ 11.28894, 48.75612 ], [ 11.29049, 48.75536 ], [ 11.29194, 48.75416 ], [ 11.29235, 48.75322 ], [ 11.29419, 48.75179 ], [ 11.29637, 48.75228 ], [ 11.29694, 48.75162 ], [ 11.29697, 48.75104 ], [ 11.2959, 48.75074 ], [ 11.29588, 48.75016 ], [ 11.29555, 48.74992 ], [ 11.29952, 48.74982 ], [ 11.30083, 48.75047 ], [ 11.30245, 48.7507 ], [ 11.30474, 48.74982 ], [ 11.30523, 48.74881 ], [ 11.30513, 48.74732 ], [ 11.30454, 48.74608 ], [ 11.30845, 48.74191 ], [ 11.31044, 48.74174 ], [ 11.31032, 48.74084 ], [ 11.31103, 48.74074 ], [ 11.31215, 48.73875 ], [ 11.31247, 48.73717 ], [ 11.31197, 48.73547 ], [ 11.31208, 48.73477 ], [ 11.31435, 48.73138 ], [ 11.31426, 48.73054 ], [ 11.31865, 48.72793 ], [ 11.32099, 48.72713 ], [ 11.3224, 48.72693 ], [ 11.3247, 48.72725 ], [ 11.3241, 48.72598 ], [ 11.32424, 48.72499 ], [ 11.32488, 48.72457 ], [ 11.32464, 48.72368 ], [ 11.32565, 48.72271 ], [ 11.32662, 48.72236 ], [ 11.32696, 48.7218 ], [ 11.32921, 48.7216 ], [ 11.33198, 48.72184 ], [ 11.33418, 48.72323 ], [ 11.33554, 48.72473 ], [ 11.3367, 48.72364 ], [ 11.33906, 48.72479 ], [ 11.34295, 48.72557 ], [ 11.34409, 48.72633 ], [ 11.34579, 48.72854 ], [ 11.34586, 48.72917 ], [ 11.34527, 48.73004 ], [ 11.34596, 48.73026 ], [ 11.3525, 48.7305 ], [ 11.35481, 48.72996 ], [ 11.35413, 48.7286 ], [ 11.35741, 48.72813 ], [ 11.35761, 48.72709 ], [ 11.36001, 48.72785 ], [ 11.36021, 48.72817 ], [ 11.36492, 48.72949 ], [ 11.36571, 48.7304 ], [ 11.36589, 48.7286 ], [ 11.36843, 48.72759 ], [ 11.3663, 48.72704 ], [ 11.36588, 48.72653 ], [ 11.36605, 48.7257 ], [ 11.36846, 48.72352 ], [ 11.36852, 48.72305 ], [ 11.36684, 48.72246 ], [ 11.36512, 48.72292 ], [ 11.36376, 48.72439 ], [ 11.36214, 48.72452 ], [ 11.36081, 48.7237 ], [ 11.35885, 48.7235 ], [ 11.35891, 48.72294 ], [ 11.36, 48.72197 ], [ 11.35956, 48.7211 ], [ 11.3573, 48.72199 ], [ 11.35666, 48.72164 ], [ 11.35691, 48.72066 ], [ 11.35657, 48.72025 ], [ 11.35315, 48.72041 ], [ 11.35293, 48.72002 ], [ 11.35561, 48.7185 ], [ 11.35511, 48.71845 ], [ 11.35506, 48.71809 ], [ 11.35563, 48.71661 ], [ 11.35746, 48.71635 ], [ 11.35717, 48.71488 ], [ 11.35609, 48.71494 ], [ 11.35544, 48.71461 ], [ 11.35749, 48.71391 ], [ 11.35724, 48.71155 ], [ 11.35396, 48.71156 ], [ 11.36303, 48.70673 ], [ 11.36509, 48.70688 ], [ 11.36768, 48.7079 ], [ 11.36841, 48.7072 ], [ 11.36855, 48.70563 ], [ 11.36814, 48.70435 ], [ 11.3686, 48.70277 ], [ 11.37037, 48.70033 ], [ 11.37283, 48.69847 ], [ 11.37387, 48.69829 ], [ 11.37341, 48.69752 ], [ 11.37437, 48.69407 ], [ 11.37695, 48.69006 ], [ 11.37456, 48.68977 ], [ 11.37434, 48.6893 ], [ 11.37675, 48.68883 ], [ 11.37694, 48.68905 ], [ 11.38028, 48.68741 ], [ 11.38096, 48.68692 ], [ 11.38074, 48.68656 ], [ 11.38426, 48.6859 ], [ 11.38409, 48.68567 ], [ 11.3905, 48.68388 ], [ 11.39511, 48.68461 ], [ 11.39427, 48.69169 ], [ 11.39565, 48.69125 ], [ 11.3978, 48.6913 ], [ 11.39831, 48.69404 ], [ 11.40258, 48.69481 ], [ 11.40527, 48.69383 ], [ 11.40643, 48.69391 ], [ 11.40953, 48.69314 ], [ 11.41546, 48.69379 ], [ 11.41975, 48.69436 ], [ 11.41926, 48.69669 ], [ 11.42258, 48.69668 ], [ 11.42224, 48.69823 ], [ 11.42238, 48.69924 ], [ 11.42411, 48.69793 ], [ 11.42536, 48.69826 ], [ 11.42649, 48.69753 ], [ 11.43128, 48.6987 ], [ 11.43296, 48.69856 ], [ 11.43391, 48.70042 ], [ 11.43418, 48.70199 ], [ 11.4323, 48.702 ], [ 11.43219, 48.70337 ], [ 11.43046, 48.70335 ], [ 11.43034, 48.70509 ], [ 11.43382, 48.705 ], [ 11.43396, 48.70525 ], [ 11.43223, 48.70605 ], [ 11.43089, 48.70621 ], [ 11.43038, 48.70798 ], [ 11.43387, 48.70894 ], [ 11.43273, 48.71114 ], [ 11.43618, 48.71208 ], [ 11.43556, 48.71441 ], [ 11.43753, 48.71504 ], [ 11.43752, 48.71541 ], [ 11.4389, 48.71599 ], [ 11.43968, 48.71751 ], [ 11.43946, 48.7177 ], [ 11.4405, 48.71832 ], [ 11.43965, 48.71999 ], [ 11.44087, 48.72126 ], [ 11.44327, 48.72121 ], [ 11.44444, 48.72067 ], [ 11.44647, 48.72091 ], [ 11.44576, 48.72333 ], [ 11.44594, 48.7235 ], [ 11.4482, 48.72394 ], [ 11.44986, 48.72503 ], [ 11.45059, 48.72504 ], [ 11.45149, 48.72435 ], [ 11.45234, 48.72416 ], [ 11.45407, 48.72469 ], [ 11.45471, 48.72517 ], [ 11.45496, 48.72587 ], [ 11.45395, 48.72739 ], [ 11.45408, 48.72792 ], [ 11.48688, 48.72788 ], [ 11.48684, 48.73161 ], [ 11.48732, 48.73159 ], [ 11.48752, 48.73218 ], [ 11.48864, 48.73217 ], [ 11.48879, 48.73345 ], [ 11.48751, 48.73356 ], [ 11.48891, 48.7353 ], [ 11.49124, 48.73557 ], [ 11.4909, 48.7359 ], [ 11.49178, 48.73628 ], [ 11.49067, 48.73777 ], [ 11.48661, 48.74145 ], [ 11.48636, 48.74255 ], [ 11.48804, 48.74334 ], [ 11.48961, 48.74559 ], [ 11.49287, 48.7478 ], [ 11.49906, 48.75301 ], [ 11.48984, 48.76 ], [ 11.49338, 48.76051 ], [ 11.49508, 48.76014 ], [ 11.49646, 48.75941 ], [ 11.49813, 48.75934 ], [ 11.49992, 48.76091 ], [ 11.50013, 48.7607 ], [ 11.50313, 48.76079 ], [ 11.50088, 48.76448 ], [ 11.50265, 48.76584 ], [ 11.50342, 48.76599 ], [ 11.50307, 48.76626 ], [ 11.50333, 48.76705 ], [ 11.50159, 48.76715 ], [ 11.50097, 48.76895 ], [ 11.50011, 48.77015 ], [ 11.49802, 48.77177 ], [ 11.49894, 48.77238 ], [ 11.4994, 48.7736 ], [ 11.49653, 48.77417 ], [ 11.49677, 48.77471 ], [ 11.49527, 48.77477 ] ] ] } },
{ "type": "Feature", "properties": { "stadt": "Würzburg" }, "geometry": { "type": "Polygon", "coordinates": [ [ [ 9.87468, 49.76736 ], [ 9.87473, 49.7661 ], [ 9.87713, 49.76705 ], [ 9.88324, 49.76866 ], [ 9.88627, 49.76901 ], [ 9.89103, 49.76831 ], [ 9.89627, 49.76825 ], [ 9.89639, 49.76767 ], [ 9.89602, 49.76664 ], [ 9.89354, 49.76508 ], [ 9.89218, 49.76349 ], [ 9.89181, 49.76245 ], [ 9.89207, 49.76236 ], [ 9.89076, 49.76127 ], [ 9.8893, 49.75942 ], [ 9.88673, 49.75878 ], [ 9.88484, 49.75745 ], [ 9.88089, 49.75614 ], [ 9.87943, 49.75529 ], [ 9.87846, 49.75393 ], [ 9.87674, 49.75313 ], [ 9.88241, 49.74686 ], [ 9.88542, 49.74612 ], [ 9.88693, 49.74475 ], [ 9.88768, 49.74447 ], [ 9.88964, 49.74508 ], [ 9.89054, 49.74444 ], [ 9.89486, 49.74423 ], [ 9.89742, 49.74463 ], [ 9.89865, 49.7449 ], [ 9.90249, 49.74756 ], [ 9.90475, 49.74621 ], [ 9.91171, 49.7439 ], [ 9.9166, 49.74086 ], [ 9.92262, 49.73862 ], [ 9.9289, 49.73725 ], [ 9.93179, 49.73536 ], [ 9.93387, 49.73516 ], [ 9.934, 49.73218 ], [ 9.93356, 49.73038 ], [ 9.93602, 49.73033 ], [ 9.93674, 49.73002 ], [ 9.93643, 49.72881 ], [ 9.93848, 49.72887 ], [ 9.93789, 49.72862 ], [ 9.93936, 49.72756 ], [ 9.93689, 49.72684 ], [ 9.93949, 49.72419 ], [ 9.93627, 49.72277 ], [ 9.93645, 49.72244 ], [ 9.93859, 49.71989 ], [ 9.94364, 49.72124 ], [ 9.94712, 49.71803 ], [ 9.94755, 49.71618 ], [ 9.94802, 49.71594 ], [ 9.9483, 49.71088 ], [ 9.9526, 49.71158 ], [ 9.95305, 49.71421 ], [ 9.95644, 49.71419 ], [ 9.95834, 49.71382 ], [ 9.95929, 49.71197 ], [ 9.96273, 49.71273 ], [ 9.96298, 49.71068 ], [ 9.97154, 49.71152 ], [ 9.97204, 49.71138 ], [ 9.97213, 49.71097 ], [ 9.98075, 49.71278 ], [ 9.98234, 49.71342 ], [ 9.98212, 49.71538 ], [ 9.98325, 49.71596 ], [ 9.98358, 49.71701 ], [ 9.98408, 49.71727 ], [ 9.9855, 49.7197 ], [ 9.98568, 49.72262 ], [ 9.97886, 49.72273 ], [ 9.97733, 49.72486 ], [ 9.97331, 49.72895 ], [ 9.97304, 49.72938 ], [ 9.97304, 49.73086 ], [ 9.97377, 49.73215 ], [ 9.98012, 49.73253 ], [ 9.98085, 49.73292 ], [ 9.98033, 49.73575 ], [ 9.98166, 49.73644 ], [ 9.98442, 49.73681 ], [ 9.98469, 49.73884 ], [ 9.98426, 49.73965 ], [ 9.98426, 49.74088 ], [ 9.98468, 49.74291 ], [ 9.98539, 49.74445 ], [ 9.98455, 49.74665 ], [ 9.9846, 49.74783 ], [ 9.98216, 49.75123 ], [ 9.97868, 49.75437 ], [ 9.97713, 49.75769 ], [ 9.97373, 49.76075 ], [ 9.96907, 49.76216 ], [ 9.96127, 49.76316 ], [ 9.9562, 49.76418 ], [ 9.95424, 49.765 ], [ 9.95437, 49.76589 ], [ 9.95317, 49.76688 ], [ 9.95406, 49.76793 ], [ 9.95964, 49.76639 ], [ 9.96003, 49.76698 ], [ 9.96021, 49.76828 ], [ 9.96179, 49.77016 ], [ 9.96348, 49.77119 ], [ 9.96379, 49.77231 ], [ 9.96579, 49.77215 ], [ 9.9688, 49.77287 ], [ 9.97038, 49.77203 ], [ 9.97367, 49.77359 ], [ 9.97486, 49.77298 ], [ 9.97516, 49.77237 ], [ 9.98022, 49.77155 ], [ 9.97947, 49.775 ], [ 9.97796, 49.7749 ], [ 9.97648, 49.77758 ], [ 9.9761, 49.77979 ], [ 9.97653, 49.78157 ], [ 9.97516, 49.78252 ], [ 9.97672, 49.78254 ], [ 9.97667, 49.7829 ], [ 9.97934, 49.78324 ], [ 9.98126, 49.78413 ], [ 9.9822, 49.78502 ], [ 9.98382, 49.78742 ], [ 9.98576, 49.78834 ], [ 9.9856, 49.79018 ], [ 9.98868, 49.79019 ], [ 9.98871, 49.78987 ], [ 9.99276, 49.78968 ], [ 9.99423, 49.78927 ], [ 9.99323, 49.78874 ], [ 9.99525, 49.78844 ], [ 9.99648, 49.78755 ], [ 10.0, 49.7875 ], [ 10.00285, 49.79195 ], [ 10.00379, 49.79178 ], [ 10.00465, 49.79271 ], [ 10.00931, 49.79583 ], [ 10.0072, 49.80028 ], [ 10.01443, 49.80197 ], [ 10.01312, 49.80418 ], [ 10.00986, 49.80346 ], [ 10.00747, 49.80421 ], [ 10.00947, 49.8074 ], [ 10.00535, 49.80862 ], [ 10.0048, 49.81155 ], [ 10.00425, 49.81155 ], [ 10.00387, 49.81346 ], [ 10.00406, 49.81712 ], [ 10.00297, 49.81839 ], [ 10.00408, 49.81897 ], [ 10.00376, 49.81931 ], [ 10.00101, 49.8182 ], [ 10.00037, 49.81867 ], [ 10.00067, 49.81891 ], [ 9.9995, 49.8198 ], [ 9.99973, 49.81993 ], [ 9.99277, 49.82439 ], [ 9.99075, 49.82339 ], [ 9.98984, 49.82381 ], [ 9.98865, 49.82499 ], [ 9.9883, 49.82561 ], [ 9.98915, 49.82707 ], [ 9.98817, 49.82871 ], [ 9.98795, 49.83016 ], [ 9.98913, 49.83322 ], [ 9.98936, 49.83481 ], [ 9.9889, 49.83637 ], [ 9.98736, 49.83863 ], [ 9.9823, 49.83691 ], [ 9.98091, 49.83796 ], [ 9.98004, 49.83933 ], [ 9.97743, 49.83836 ], [ 9.97512, 49.83919 ], [ 9.97178, 49.83971 ], [ 9.96919, 49.83946 ], [ 9.96925, 49.83976 ], [ 9.95981, 49.8384 ], [ 9.95558, 49.83716 ], [ 9.95002, 49.83658 ], [ 9.94942, 49.83598 ], [ 9.95175, 49.83481 ], [ 9.94676, 49.83329 ], [ 9.9465, 49.83375 ], [ 9.94167, 49.83339 ], [ 9.94176, 49.83406 ], [ 9.93832, 49.83376 ], [ 9.9376, 49.83572 ], [ 9.93373, 49.83527 ], [ 9.93247, 49.83784 ], [ 9.92897, 49.84202 ], [ 9.92739, 49.84169 ], [ 9.92563, 49.84085 ], [ 9.92074, 49.84527 ], [ 9.91979, 49.84546 ], [ 9.91988, 49.84457 ], [ 9.92086, 49.84351 ], [ 9.92076, 49.84296 ], [ 9.91895, 49.84266 ], [ 9.91775, 49.84386 ], [ 9.91339, 49.84512 ], [ 9.90995, 49.84414 ], [ 9.9098, 49.84156 ], [ 9.90925, 49.84016 ], [ 9.90903, 49.83303 ], [ 9.90935, 49.83298 ], [ 9.90908, 49.82902 ], [ 9.90821, 49.82892 ], [ 9.90726, 49.82532 ], [ 9.90528, 49.82546 ], [ 9.90481, 49.82509 ], [ 9.90389, 49.82516 ], [ 9.90368, 49.82445 ], [ 9.90313, 49.82432 ], [ 9.9003, 49.82475 ], [ 9.90057, 49.82577 ], [ 9.8968, 49.82603 ], [ 9.89447, 49.82708 ], [ 9.88601, 49.8246 ], [ 9.888, 49.82234 ], [ 9.88727, 49.82193 ], [ 9.88724, 49.82129 ], [ 9.88244, 49.82018 ], [ 9.88176, 49.82129 ], [ 9.88083, 49.8211 ], [ 9.87993, 49.82222 ], [ 9.8781, 49.8224 ], [ 9.87757, 49.82364 ], [ 9.87232, 49.82204 ], [ 9.87327, 49.81969 ], [ 9.87273, 49.81564 ], [ 9.87519, 49.80828 ], [ 9.87667, 49.80591 ], [ 9.87931, 49.80343 ], [ 9.88348, 49.79839 ], [ 9.88245, 49.79773 ], [ 9.87927, 49.79993 ], [ 9.87797, 49.8002 ], [ 9.87727, 49.79928 ], [ 9.87804, 49.79903 ], [ 9.87736, 49.79823 ], [ 9.87669, 49.79848 ], [ 9.87544, 49.79737 ], [ 9.8744, 49.79696 ], [ 9.87271, 49.79673 ], [ 9.87163, 49.79715 ], [ 9.87243, 49.79464 ], [ 9.875, 49.79509 ], [ 9.87786, 49.7973 ], [ 9.8786, 49.79681 ], [ 9.87852, 49.79641 ], [ 9.88101, 49.79594 ], [ 9.88253, 49.79478 ], [ 9.88241, 49.79451 ], [ 9.8841, 49.79369 ], [ 9.88386, 49.79344 ], [ 9.8879, 49.7915 ], [ 9.8962, 49.7892 ], [ 9.89824, 49.78748 ], [ 9.89799, 49.78719 ], [ 9.8993, 49.78573 ], [ 9.90271, 49.78441 ], [ 9.90918, 49.77945 ], [ 9.91214, 49.77597 ], [ 9.90991, 49.77569 ], [ 9.90855, 49.77655 ], [ 9.90604, 49.77696 ], [ 9.90622, 49.77736 ], [ 9.90305, 49.77732 ], [ 9.90311, 49.77752 ], [ 9.90133, 49.77818 ], [ 9.90022, 49.77914 ], [ 9.8997, 49.78122 ], [ 9.89664, 49.78006 ], [ 9.89397, 49.78013 ], [ 9.89355, 49.77929 ], [ 9.89306, 49.77942 ], [ 9.89275, 49.77893 ], [ 9.89325, 49.77886 ], [ 9.8927, 49.77796 ], [ 9.89354, 49.77775 ], [ 9.89329, 49.77741 ], [ 9.89066, 49.77594 ], [ 9.88545, 49.77469 ], [ 9.88539, 49.77438 ], [ 9.88387, 49.77399 ], [ 9.88033, 49.7734 ], [ 9.87715, 49.77217 ], [ 9.87464, 49.77166 ], [ 9.87443, 49.77151 ], [ 9.87634, 49.77027 ], [ 9.87695, 49.76945 ], [ 9.87661, 49.76857 ], [ 9.87468, 49.76736 ] ] ] } },
{ "type": "Feature", "properties": { "stadt": "Wolfsburg" }, "geometry": { "type": "MultiPolygon", "coordinates": [ [ [ [ 10.6552, 52.41413 ], [ 10.6568, 52.41178 ], [ 10.65676, 52.40889 ], [ 10.6576, 52.4058 ], [ 10.65731, 52.40488 ], [ 10.65832, 52.40477 ], [ 10.65913, 52.40381 ], [ 10.66041, 52.40072 ], [ 10.66104, 52.39685 ], [ 10.66315, 52.39711 ], [ 10.66362, 52.39628 ], [ 10.66211, 52.39573 ], [ 10.66105, 52.39587 ], [ 10.66079, 52.39554 ], [ 10.66119, 52.39455 ], [ 10.67043, 52.39607 ], [ 10.67576, 52.38992 ], [ 10.67001, 52.38603 ], [ 10.6706, 52.37938 ], [ 10.6773, 52.38062 ], [ 10.68857, 52.38009 ], [ 10.68899, 52.37984 ], [ 10.68889, 52.37861 ], [ 10.69148, 52.3787 ], [ 10.69145, 52.37843 ], [ 10.69177, 52.3784 ], [ 10.69144, 52.37796 ], [ 10.69166, 52.37764 ], [ 10.69146, 52.37719 ], [ 10.69176, 52.37701 ], [ 10.69145, 52.37606 ], [ 10.69469, 52.37535 ], [ 10.69626, 52.37451 ], [ 10.69489, 52.37413 ], [ 10.6958, 52.3723 ], [ 10.69684, 52.37242 ], [ 10.69627, 52.37388 ], [ 10.69674, 52.37405 ], [ 10.70054, 52.37222 ], [ 10.71064, 52.37118 ], [ 10.71475, 52.37138 ], [ 10.71541, 52.37198 ], [ 10.71606, 52.37097 ], [ 10.71963, 52.36771 ], [ 10.71902, 52.36652 ], [ 10.72277, 52.367 ], [ 10.72323, 52.36317 ], [ 10.72472, 52.3578 ], [ 10.72649, 52.35425 ], [ 10.72096, 52.35398 ], [ 10.73247, 52.35445 ], [ 10.74207, 52.35597 ], [ 10.74389, 52.35591 ], [ 10.74372, 52.35541 ], [ 10.74606, 52.35497 ], [ 10.74572, 52.35452 ], [ 10.74645, 52.35392 ], [ 10.74789, 52.35383 ], [ 10.75166, 52.35265 ], [ 10.75417, 52.35137 ], [ 10.75646, 52.35113 ], [ 10.75613, 52.35046 ], [ 10.75719, 52.35001 ], [ 10.75709, 52.34928 ], [ 10.75768, 52.34845 ], [ 10.7628, 52.34756 ], [ 10.76934, 52.34502 ], [ 10.77218, 52.34056 ], [ 10.77484, 52.33907 ], [ 10.77683, 52.33903 ], [ 10.78035, 52.33991 ], [ 10.78279, 52.33942 ], [ 10.78335, 52.34007 ], [ 10.7851, 52.33913 ], [ 10.78474, 52.33939 ], [ 10.78742, 52.33972 ], [ 10.79059, 52.33931 ], [ 10.79278, 52.33965 ], [ 10.79702, 52.33868 ], [ 10.79871, 52.33868 ], [ 10.80044, 52.33731 ], [ 10.80041, 52.33887 ], [ 10.8048, 52.34728 ], [ 10.82226, 52.34545 ], [ 10.82401, 52.3442 ], [ 10.81807, 52.3411 ], [ 10.81343, 52.34141 ], [ 10.81476, 52.33518 ], [ 10.80794, 52.33235 ], [ 10.80785, 52.33176 ], [ 10.80674, 52.33184 ], [ 10.80665, 52.33122 ], [ 10.80728, 52.33075 ], [ 10.8069, 52.33008 ], [ 10.80815, 52.32968 ], [ 10.80901, 52.33015 ], [ 10.81039, 52.32906 ], [ 10.81248, 52.32841 ], [ 10.81468, 52.32728 ], [ 10.81498, 52.32802 ], [ 10.8172, 52.32779 ], [ 10.81829, 52.32822 ], [ 10.8232, 52.32846 ], [ 10.82593, 52.32838 ], [ 10.82898, 52.32754 ], [ 10.83113, 52.3275 ], [ 10.83104, 52.32723 ], [ 10.8322, 52.32723 ], [ 10.83213, 52.32661 ], [ 10.8361, 52.32693 ], [ 10.83733, 52.3246 ], [ 10.83955, 52.32146 ], [ 10.84214, 52.32103 ], [ 10.84013, 52.31673 ], [ 10.84636, 52.31596 ], [ 10.84715, 52.31662 ], [ 10.84702, 52.31684 ], [ 10.85141, 52.31758 ], [ 10.84776, 52.3208 ], [ 10.84602, 52.32445 ], [ 10.8489, 52.32478 ], [ 10.85152, 52.32308 ], [ 10.85566, 52.3222 ], [ 10.85726, 52.32322 ], [ 10.85575, 52.32437 ], [ 10.85571, 52.32473 ], [ 10.85676, 52.32527 ], [ 10.85868, 52.3244 ], [ 10.85985, 52.32612 ], [ 10.86044, 52.32961 ], [ 10.8589, 52.33266 ], [ 10.86157, 52.33327 ], [ 10.86778, 52.3317 ], [ 10.87597, 52.33568 ], [ 10.87516, 52.33615 ], [ 10.87439, 52.33755 ], [ 10.87597, 52.33918 ], [ 10.88088, 52.3431 ], [ 10.88329, 52.34179 ], [ 10.88692, 52.34538 ], [ 10.8802, 52.34777 ], [ 10.88059, 52.3493 ], [ 10.87552, 52.35284 ], [ 10.87178, 52.35461 ], [ 10.86951, 52.35501 ], [ 10.86627, 52.35735 ], [ 10.85206, 52.36356 ], [ 10.85126, 52.36469 ], [ 10.85742, 52.36378 ], [ 10.86137, 52.36385 ], [ 10.86189, 52.36488 ], [ 10.86458, 52.36667 ], [ 10.86444, 52.36694 ], [ 10.8654, 52.36808 ], [ 10.86404, 52.36819 ], [ 10.86469, 52.36894 ], [ 10.86732, 52.369 ], [ 10.8682, 52.37068 ], [ 10.87103, 52.37034 ], [ 10.87397, 52.37041 ], [ 10.8757, 52.37193 ], [ 10.8801, 52.37367 ], [ 10.88175, 52.37607 ], [ 10.88085, 52.37596 ], [ 10.87794, 52.37719 ], [ 10.87223, 52.37877 ], [ 10.87197, 52.3804 ], [ 10.86877, 52.3805 ], [ 10.86709, 52.38412 ], [ 10.86782, 52.38537 ], [ 10.86752, 52.38637 ], [ 10.87004, 52.38844 ], [ 10.87315, 52.39002 ], [ 10.87375, 52.39104 ], [ 10.87243, 52.39213 ], [ 10.87357, 52.39384 ], [ 10.87572, 52.3951 ], [ 10.88271, 52.39576 ], [ 10.88478, 52.39819 ], [ 10.89634, 52.39735 ], [ 10.89878, 52.40143 ], [ 10.90002, 52.40514 ], [ 10.90037, 52.40532 ], [ 10.90029, 52.40825 ], [ 10.90473, 52.41066 ], [ 10.90666, 52.41377 ], [ 10.89208, 52.41485 ], [ 10.8867, 52.4138 ], [ 10.8834, 52.4136 ], [ 10.88096, 52.41405 ], [ 10.87784, 52.4151 ], [ 10.87734, 52.41499 ], [ 10.87663, 52.41764 ], [ 10.88113, 52.41747 ], [ 10.89523, 52.41931 ], [ 10.89405, 52.42274 ], [ 10.88976, 52.42171 ], [ 10.88865, 52.42205 ], [ 10.88204, 52.42108 ], [ 10.88118, 52.42373 ], [ 10.88158, 52.42567 ], [ 10.8829, 52.42725 ], [ 10.88186, 52.43069 ], [ 10.8888, 52.43194 ], [ 10.89245, 52.43197 ], [ 10.89321, 52.43264 ], [ 10.88941, 52.43475 ], [ 10.88908, 52.43445 ], [ 10.88087, 52.43467 ], [ 10.8758, 52.43581 ], [ 10.8773, 52.43859 ], [ 10.8829, 52.43884 ], [ 10.88777, 52.44719 ], [ 10.88627, 52.45299 ], [ 10.88895, 52.45328 ], [ 10.89128, 52.45682 ], [ 10.89067, 52.46018 ], [ 10.88957, 52.46234 ], [ 10.88119, 52.46543 ], [ 10.88198, 52.4661 ], [ 10.87964, 52.46714 ], [ 10.88256, 52.46945 ], [ 10.88049, 52.4703 ], [ 10.88095, 52.47071 ], [ 10.87699, 52.47241 ], [ 10.87581, 52.47341 ], [ 10.87619, 52.47379 ], [ 10.87522, 52.47462 ], [ 10.87328, 52.47467 ], [ 10.8732, 52.47444 ], [ 10.8714, 52.47486 ], [ 10.86973, 52.47455 ], [ 10.86857, 52.47506 ], [ 10.86827, 52.47486 ], [ 10.86446, 52.47568 ], [ 10.86456, 52.4759 ], [ 10.86103, 52.47608 ], [ 10.85754, 52.47546 ], [ 10.85787, 52.47437 ], [ 10.85541, 52.47438 ], [ 10.85521, 52.47069 ], [ 10.85289, 52.4706 ], [ 10.85326, 52.47588 ], [ 10.83969, 52.47867 ], [ 10.83738, 52.47887 ], [ 10.83637, 52.47841 ], [ 10.82476, 52.48275 ], [ 10.82235, 52.48334 ], [ 10.82125, 52.48405 ], [ 10.82088, 52.48501 ], [ 10.81899, 52.48731 ], [ 10.81792, 52.48709 ], [ 10.81713, 52.48825 ], [ 10.79568, 52.48332 ], [ 10.78872, 52.48965 ], [ 10.78854, 52.48947 ], [ 10.78517, 52.49424 ], [ 10.78148, 52.49516 ], [ 10.77801, 52.49131 ], [ 10.77251, 52.48664 ], [ 10.75901, 52.47996 ], [ 10.75745, 52.47879 ], [ 10.75583, 52.47652 ], [ 10.75349, 52.47523 ], [ 10.75205, 52.47352 ], [ 10.7514, 52.47228 ], [ 10.75109, 52.47042 ], [ 10.75059, 52.46986 ], [ 10.74648, 52.4689 ], [ 10.74502, 52.468 ], [ 10.74348, 52.4665 ], [ 10.74213, 52.46399 ], [ 10.74158, 52.45924 ], [ 10.7429, 52.45629 ], [ 10.74327, 52.45637 ], [ 10.7462, 52.45451 ], [ 10.74605, 52.45065 ], [ 10.74513, 52.44987 ], [ 10.74109, 52.44972 ], [ 10.74148, 52.44899 ], [ 10.74065, 52.44849 ], [ 10.73929, 52.44888 ], [ 10.73771, 52.44706 ], [ 10.74089, 52.44424 ], [ 10.73824, 52.44294 ], [ 10.73805, 52.44334 ], [ 10.73664, 52.44372 ], [ 10.7363, 52.44326 ], [ 10.7331, 52.44359 ], [ 10.73178, 52.44484 ], [ 10.7313, 52.44461 ], [ 10.73093, 52.44454 ], [ 10.72987, 52.44465 ], [ 10.72978, 52.44472 ], [ 10.72919, 52.44609 ], [ 10.72937, 52.44682 ], [ 10.72913, 52.44799 ], [ 10.72949, 52.44856 ], [ 10.73, 52.44849 ], [ 10.73012, 52.4489 ], [ 10.73052, 52.44859 ], [ 10.73089, 52.44884 ], [ 10.73155, 52.44833 ], [ 10.73258, 52.44892 ], [ 10.73415, 52.44898 ], [ 10.73427, 52.44936 ], [ 10.73606, 52.45003 ], [ 10.72568, 52.45117 ], [ 10.72716, 52.45042 ], [ 10.72716, 52.4498 ], [ 10.7286, 52.44934 ], [ 10.72713, 52.44855 ], [ 10.72454, 52.44865 ], [ 10.72397, 52.44881 ], [ 10.72469, 52.45128 ], [ 10.7009, 52.4541 ], [ 10.70025, 52.45777 ], [ 10.6968, 52.45994 ], [ 10.69583, 52.45984 ], [ 10.69461, 52.46033 ], [ 10.69385, 52.46119 ], [ 10.69176, 52.46243 ], [ 10.69031, 52.46177 ], [ 10.68654, 52.46185 ], [ 10.68536, 52.45922 ], [ 10.67399, 52.46241 ], [ 10.66488, 52.44946 ], [ 10.658, 52.44981 ], [ 10.64715, 52.44413 ], [ 10.651, 52.4398 ], [ 10.65313, 52.43245 ], [ 10.65117, 52.42735 ], [ 10.65209, 52.42623 ], [ 10.65208, 52.4246 ], [ 10.65391, 52.4196 ], [ 10.65301, 52.41946 ], [ 10.65332, 52.41774 ], [ 10.65389, 52.41764 ], [ 10.65431, 52.41617 ], [ 10.65276, 52.41521 ], [ 10.65447, 52.41489 ], [ 10.65424, 52.41447 ], [ 10.6552, 52.41413 ] ], [ [ 10.87375, 52.47344 ], [ 10.87356, 52.47307 ], [ 10.87272, 52.47318 ], [ 10.87286, 52.47355 ], [ 10.87375, 52.47344 ] ], [ [ 10.87267, 52.47357 ], [ 10.87251, 52.47321 ], [ 10.87152, 52.47335 ], [ 10.87164, 52.47363 ], [ 10.87267, 52.47357 ] ] ], [ [ [ 10.73061, 52.44682 ], [ 10.73081, 52.44632 ], [ 10.72949, 52.44558 ], [ 10.72987, 52.44468 ], [ 10.73093, 52.44458 ], [ 10.73174, 52.44487 ], [ 10.73023, 52.44559 ], [ 10.73286, 52.44605 ], [ 10.73319, 52.4465 ], [ 10.73162, 52.44714 ], [ 10.73061, 52.44682 ] ] ] ] } },
{ "type": "Feature", "properties": { "stadt": "Ulm" }, "geometry": { "type": "Polygon", "coordinates": [ [ [ 10.02211, 48.45717 ], [ 10.02153, 48.45912 ], [ 10.02182, 48.45914 ], [ 10.02122, 48.46454 ], [ 10.01547, 48.46431 ], [ 10.01546, 48.46495 ], [ 10.01496, 48.46496 ], [ 9.98772, 48.46295 ], [ 9.98043, 48.46295 ], [ 9.98038, 48.46643 ], [ 9.98012, 48.46655 ], [ 9.98034, 48.46852 ], [ 9.9764, 48.46807 ], [ 9.97635, 48.46784 ], [ 9.97297, 48.4675 ], [ 9.97434, 48.46579 ], [ 9.97587, 48.46501 ], [ 9.97541, 48.45902 ], [ 9.97145, 48.45855 ], [ 9.96518, 48.45889 ], [ 9.96503, 48.46006 ], [ 9.96359, 48.45983 ], [ 9.96397, 48.45881 ], [ 9.96255, 48.45873 ], [ 9.96258, 48.45769 ], [ 9.96411, 48.4569 ], [ 9.96815, 48.45668 ], [ 9.96837, 48.45623 ], [ 9.96551, 48.45577 ], [ 9.96491, 48.45486 ], [ 9.96584, 48.45347 ], [ 9.96534, 48.45322 ], [ 9.9675, 48.45082 ], [ 9.95951, 48.44698 ], [ 9.95694, 48.44644 ], [ 9.9522, 48.45219 ], [ 9.94945, 48.45149 ], [ 9.9489, 48.45243 ], [ 9.94604, 48.45181 ], [ 9.94266, 48.45275 ], [ 9.94012, 48.45192 ], [ 9.93965, 48.4525 ], [ 9.93834, 48.45164 ], [ 9.9384, 48.45104 ], [ 9.93895, 48.45062 ], [ 9.93887, 48.45027 ], [ 9.93732, 48.44889 ], [ 9.93612, 48.44922 ], [ 9.93567, 48.4482 ], [ 9.93231, 48.44774 ], [ 9.93215, 48.44586 ], [ 9.92801, 48.44589 ], [ 9.92575, 48.44637 ], [ 9.92434, 48.44335 ], [ 9.92292, 48.44172 ], [ 9.92123, 48.44205 ], [ 9.91868, 48.44186 ], [ 9.91861, 48.443 ], [ 9.91821, 48.44307 ], [ 9.91691, 48.44313 ], [ 9.91505, 48.44273 ], [ 9.91567, 48.44187 ], [ 9.91401, 48.44048 ], [ 9.91483, 48.43902 ], [ 9.9144, 48.4376 ], [ 9.91112, 48.43707 ], [ 9.90899, 48.43711 ], [ 9.90734, 48.43602 ], [ 9.9062, 48.43418 ], [ 9.90707, 48.4333 ], [ 9.90661, 48.43294 ], [ 9.90679, 48.43266 ], [ 9.90914, 48.43162 ], [ 9.91125, 48.43286 ], [ 9.91372, 48.43318 ], [ 9.91033, 48.43185 ], [ 9.90883, 48.43075 ], [ 9.90913, 48.42974 ], [ 9.90884, 48.42968 ], [ 9.90781, 48.42783 ], [ 9.90687, 48.42482 ], [ 9.90697, 48.42316 ], [ 9.90924, 48.42213 ], [ 9.91718, 48.42125 ], [ 9.91793, 48.42155 ], [ 9.9187, 48.42295 ], [ 9.92233, 48.42631 ], [ 9.92585, 48.42759 ], [ 9.92897, 48.42955 ], [ 9.93107, 48.42964 ], [ 9.93381, 48.43075 ], [ 9.93449, 48.43113 ], [ 9.93615, 48.43307 ], [ 9.93834, 48.43351 ], [ 9.93746, 48.43287 ], [ 9.93804, 48.43177 ], [ 9.93712, 48.43126 ], [ 9.93769, 48.43088 ], [ 9.93889, 48.43142 ], [ 9.9404, 48.43155 ], [ 9.94044, 48.43097 ], [ 9.94197, 48.43101 ], [ 9.94121, 48.43048 ], [ 9.94071, 48.42947 ], [ 9.94114, 48.42941 ], [ 9.94097, 48.42803 ], [ 9.94143, 48.42735 ], [ 9.94049, 48.42723 ], [ 9.94097, 48.42646 ], [ 9.93899, 48.42574 ], [ 9.93827, 48.42652 ], [ 9.93754, 48.42661 ], [ 9.93678, 48.42628 ], [ 9.93494, 48.42736 ], [ 9.93121, 48.42647 ], [ 9.92685, 48.42464 ], [ 9.92709, 48.42452 ], [ 9.9257, 48.42331 ], [ 9.92621, 48.42312 ], [ 9.9255, 48.42182 ], [ 9.92813, 48.4214 ], [ 9.93165, 48.42158 ], [ 9.93149, 48.42117 ], [ 9.93392, 48.42148 ], [ 9.93338, 48.41996 ], [ 9.9334, 48.41847 ], [ 9.93378, 48.41745 ], [ 9.93547, 48.41534 ], [ 9.93741, 48.41376 ], [ 9.94186, 48.41133 ], [ 9.94224, 48.40702 ], [ 9.94285, 48.40679 ], [ 9.94256, 48.40648 ], [ 9.94151, 48.40646 ], [ 9.93821, 48.40696 ], [ 9.93609, 48.40758 ], [ 9.93437, 48.40855 ], [ 9.93196, 48.40884 ], [ 9.92834, 48.41069 ], [ 9.92745, 48.41044 ], [ 9.92679, 48.40963 ], [ 9.92542, 48.40937 ], [ 9.92502, 48.40979 ], [ 9.92412, 48.40944 ], [ 9.92229, 48.41029 ], [ 9.91524, 48.40949 ], [ 9.91131, 48.40824 ], [ 9.90949, 48.40494 ], [ 9.90929, 48.40335 ], [ 9.90857, 48.40222 ], [ 9.90669, 48.40298 ], [ 9.9066, 48.40243 ], [ 9.90434, 48.4024 ], [ 9.90194, 48.40164 ], [ 9.9022, 48.39957 ], [ 9.90099, 48.39569 ], [ 9.898, 48.39509 ], [ 9.89063, 48.3969 ], [ 9.89068, 48.39501 ], [ 9.88317, 48.39485 ], [ 9.8814, 48.39556 ], [ 9.87843, 48.39581 ], [ 9.87502, 48.39668 ], [ 9.87549, 48.39569 ], [ 9.87467, 48.39434 ], [ 9.87296, 48.39358 ], [ 9.87278, 48.39106 ], [ 9.87359, 48.38987 ], [ 9.87554, 48.38914 ], [ 9.87417, 48.38917 ], [ 9.87323, 48.38878 ], [ 9.87181, 48.38541 ], [ 9.87203, 48.38322 ], [ 9.87281, 48.38239 ], [ 9.87277, 48.38204 ], [ 9.87361, 48.38145 ], [ 9.87296, 48.38082 ], [ 9.868, 48.38029 ], [ 9.86895, 48.37768 ], [ 9.8688, 48.37624 ], [ 9.8665, 48.37601 ], [ 9.86399, 48.37623 ], [ 9.86265, 48.3756 ], [ 9.86205, 48.37493 ], [ 9.86188, 48.37592 ], [ 9.86262, 48.37745 ], [ 9.8623, 48.37829 ], [ 9.85962, 48.37797 ], [ 9.85952, 48.37647 ], [ 9.85492, 48.37534 ], [ 9.85526, 48.37409 ], [ 9.85402, 48.37295 ], [ 9.85068, 48.37409 ], [ 9.84984, 48.375 ], [ 9.84891, 48.37522 ], [ 9.84874, 48.37485 ], [ 9.84754, 48.37476 ], [ 9.84722, 48.37394 ], [ 9.84789, 48.37363 ], [ 9.85232, 48.37208 ], [ 9.85624, 48.37114 ], [ 9.85573, 48.37047 ], [ 9.85341, 48.3704 ], [ 9.85358, 48.36996 ], [ 9.84743, 48.36867 ], [ 9.84758, 48.36845 ], [ 9.84426, 48.36723 ], [ 9.84646, 48.36587 ], [ 9.84729, 48.36416 ], [ 9.84752, 48.36275 ], [ 9.84467, 48.36224 ], [ 9.84249, 48.35984 ], [ 9.84672, 48.35759 ], [ 9.84657, 48.35694 ], [ 9.84688, 48.35646 ], [ 9.84743, 48.35639 ], [ 9.84838, 48.35417 ], [ 9.84792, 48.35385 ], [ 9.85001, 48.35341 ], [ 9.85943, 48.35366 ], [ 9.86239, 48.35251 ], [ 9.86772, 48.35166 ], [ 9.87188, 48.35045 ], [ 9.87324, 48.35151 ], [ 9.87475, 48.35096 ], [ 9.8763, 48.35387 ], [ 9.87747, 48.35416 ], [ 9.87866, 48.35436 ], [ 9.87902, 48.35383 ], [ 9.88112, 48.35354 ], [ 9.88106, 48.3532 ], [ 9.883, 48.35284 ], [ 9.88562, 48.35327 ], [ 9.88473, 48.35274 ], [ 9.88493, 48.3507 ], [ 9.88409, 48.34853 ], [ 9.8868, 48.34845 ], [ 9.88928, 48.34918 ], [ 9.89038, 48.34883 ], [ 9.89002, 48.34836 ], [ 9.89199, 48.3472 ], [ 9.89032, 48.34492 ], [ 9.88995, 48.34338 ], [ 9.89105, 48.34311 ], [ 9.8909, 48.34284 ], [ 9.89117, 48.34272 ], [ 9.89108, 48.34227 ], [ 9.8902, 48.34224 ], [ 9.89059, 48.34116 ], [ 9.9005, 48.3431 ], [ 9.90002, 48.34418 ], [ 9.90196, 48.34516 ], [ 9.90108, 48.34602 ], [ 9.90041, 48.3477 ], [ 9.89956, 48.34796 ], [ 9.90425, 48.34858 ], [ 9.90407, 48.3493 ], [ 9.9089, 48.34995 ], [ 9.90887, 48.35022 ], [ 9.91177, 48.35079 ], [ 9.9119, 48.35054 ], [ 9.9139, 48.35085 ], [ 9.9161, 48.35041 ], [ 9.91573, 48.34875 ], [ 9.91467, 48.34723 ], [ 9.91555, 48.34696 ], [ 9.91469, 48.34586 ], [ 9.91624, 48.34543 ], [ 9.91662, 48.34574 ], [ 9.9268, 48.34115 ], [ 9.92647, 48.34038 ], [ 9.92914, 48.33864 ], [ 9.92843, 48.33775 ], [ 9.92888, 48.33737 ], [ 9.92873, 48.335 ], [ 9.92997, 48.33336 ], [ 9.93044, 48.33185 ], [ 9.92776, 48.32765 ], [ 9.92676, 48.32665 ], [ 9.92505, 48.32563 ], [ 9.92391, 48.32517 ], [ 9.91888, 48.32449 ], [ 9.91534, 48.32357 ], [ 9.91352, 48.3235 ], [ 9.91342, 48.32395 ], [ 9.91226, 48.32378 ], [ 9.91145, 48.3235 ], [ 9.91124, 48.32105 ], [ 9.90994, 48.32151 ], [ 9.90676, 48.31942 ], [ 9.90945, 48.31854 ], [ 9.91622, 48.31461 ], [ 9.91676, 48.31483 ], [ 9.91764, 48.31401 ], [ 9.91961, 48.31374 ], [ 9.92101, 48.31224 ], [ 9.92676, 48.31269 ], [ 9.92928, 48.31187 ], [ 9.93489, 48.31263 ], [ 9.94032, 48.31426 ], [ 9.94018, 48.31354 ], [ 9.93889, 48.31158 ], [ 9.93869, 48.31099 ], [ 9.93892, 48.311 ], [ 9.94799, 48.31187 ], [ 9.94829, 48.31163 ], [ 9.94987, 48.31227 ], [ 9.95066, 48.31178 ], [ 9.95125, 48.31257 ], [ 9.95039, 48.31314 ], [ 9.95239, 48.314 ], [ 9.95291, 48.3132 ], [ 9.95397, 48.31369 ], [ 9.95514, 48.31264 ], [ 9.9534, 48.31147 ], [ 9.95426, 48.31151 ], [ 9.95551, 48.31224 ], [ 9.95697, 48.31025 ], [ 9.9593, 48.31068 ], [ 9.96088, 48.30673 ], [ 9.96334, 48.30706 ], [ 9.96505, 48.3077 ], [ 9.96419, 48.30969 ], [ 9.96361, 48.31024 ], [ 9.96146, 48.31016 ], [ 9.96132, 48.31066 ], [ 9.96202, 48.31066 ], [ 9.96143, 48.31192 ], [ 9.96195, 48.31193 ], [ 9.96252, 48.3107 ], [ 9.96342, 48.31069 ], [ 9.96353, 48.31207 ], [ 9.96431, 48.31247 ], [ 9.96108, 48.3133 ], [ 9.95925, 48.31463 ], [ 9.95976, 48.31485 ], [ 9.95896, 48.316 ], [ 9.96089, 48.3163 ], [ 9.96383, 48.31604 ], [ 9.96408, 48.31772 ], [ 9.9648, 48.3191 ], [ 9.96699, 48.32033 ], [ 9.96793, 48.32142 ], [ 9.97121, 48.31998 ], [ 9.97328, 48.32005 ], [ 9.97308, 48.32063 ], [ 9.97522, 48.32158 ], [ 9.97489, 48.32239 ], [ 9.97543, 48.32327 ], [ 9.97735, 48.32454 ], [ 9.97962, 48.32508 ], [ 9.98288, 48.32371 ], [ 9.98285, 48.32419 ], [ 9.98452, 48.32591 ], [ 9.99131, 48.32807 ], [ 9.9896, 48.3311 ], [ 9.98933, 48.33101 ], [ 9.98804, 48.33278 ], [ 9.98864, 48.33291 ], [ 9.9875, 48.3345 ], [ 9.98673, 48.33431 ], [ 9.98529, 48.33483 ], [ 9.98508, 48.33538 ], [ 9.98448, 48.33534 ], [ 9.98447, 48.33502 ], [ 9.98346, 48.33444 ], [ 9.98271, 48.33503 ], [ 9.98221, 48.33483 ], [ 9.98176, 48.3354 ], [ 9.97945, 48.33476 ], [ 9.97894, 48.33554 ], [ 9.97641, 48.33493 ], [ 9.97707, 48.33408 ], [ 9.97507, 48.33278 ], [ 9.9731, 48.33464 ], [ 9.97374, 48.33471 ], [ 9.97363, 48.33698 ], [ 9.97387, 48.3377 ], [ 9.97574, 48.33785 ], [ 9.97461, 48.33929 ], [ 9.97762, 48.33924 ], [ 9.97992, 48.34026 ], [ 9.98369, 48.34127 ], [ 9.98622, 48.34249 ], [ 9.98562, 48.34405 ], [ 9.9838, 48.34546 ], [ 9.98222, 48.34559 ], [ 9.98117, 48.34604 ], [ 9.9834, 48.34636 ], [ 9.98327, 48.34824 ], [ 9.9888, 48.35009 ], [ 9.98878, 48.35062 ], [ 9.98909, 48.35074 ], [ 9.99075, 48.35089 ], [ 9.99029, 48.35178 ], [ 9.99225, 48.35191 ], [ 9.99245, 48.35074 ], [ 9.99341, 48.35074 ], [ 9.99523, 48.35145 ], [ 9.99587, 48.35116 ], [ 9.99558, 48.35097 ], [ 9.99631, 48.35032 ], [ 9.99809, 48.34941 ], [ 9.99757, 48.35173 ], [ 9.99546, 48.35359 ], [ 9.99463, 48.35484 ], [ 9.99468, 48.35569 ], [ 9.9951, 48.35681 ], [ 9.99734, 48.35909 ], [ 9.9972, 48.3595 ], [ 9.99944, 48.36071 ], [ 10.00043, 48.36178 ], [ 10.00031, 48.36345 ], [ 9.99974, 48.36397 ], [ 9.99692, 48.3641 ], [ 9.99326, 48.36341 ], [ 9.99275, 48.36404 ], [ 9.99255, 48.36528 ], [ 9.9931, 48.36803 ], [ 9.99294, 48.36855 ], [ 9.99074, 48.36989 ], [ 9.98826, 48.37052 ], [ 9.98579, 48.36988 ], [ 9.98353, 48.36869 ], [ 9.98292, 48.368 ], [ 9.98307, 48.36596 ], [ 9.98405, 48.36325 ], [ 9.9821, 48.36249 ], [ 9.9803, 48.3623 ], [ 9.97786, 48.36276 ], [ 9.97593, 48.36355 ], [ 9.97078, 48.36815 ], [ 9.96781, 48.37307 ], [ 9.96743, 48.37421 ], [ 9.96768, 48.37454 ], [ 9.97104, 48.377 ], [ 9.96965, 48.37877 ], [ 9.96988, 48.37957 ], [ 9.97124, 48.38034 ], [ 9.97294, 48.38043 ], [ 9.97328, 48.38105 ], [ 9.97688, 48.38327 ], [ 9.9839, 48.38645 ], [ 9.9858, 48.38854 ], [ 9.98764, 48.39196 ], [ 9.99035, 48.39417 ], [ 9.99773, 48.39623 ], [ 10.00832, 48.40047 ], [ 10.01406, 48.40373 ], [ 10.01581, 48.40538 ], [ 10.01686, 48.40736 ], [ 10.01699, 48.41014 ], [ 10.0165, 48.41585 ], [ 10.01668, 48.41683 ], [ 10.01773, 48.41826 ], [ 10.03212, 48.42663 ], [ 10.03514, 48.42803 ], [ 10.04172, 48.4299 ], [ 10.03971, 48.43241 ], [ 10.0412, 48.43236 ], [ 10.04283, 48.43349 ], [ 10.03734, 48.4358 ], [ 10.03767, 48.4351 ], [ 10.03723, 48.4349 ], [ 10.03819, 48.4339 ], [ 10.03513, 48.43247 ], [ 10.03489, 48.43355 ], [ 10.03278, 48.43572 ], [ 10.03133, 48.4364 ], [ 10.0279, 48.43688 ], [ 10.02838, 48.43969 ], [ 10.03045, 48.44168 ], [ 10.03173, 48.44374 ], [ 10.03471, 48.44437 ], [ 10.03523, 48.44365 ], [ 10.03825, 48.44433 ], [ 10.03719, 48.44554 ], [ 10.03746, 48.44612 ], [ 10.03717, 48.44689 ], [ 10.0356, 48.44758 ], [ 10.03559, 48.44825 ], [ 10.03639, 48.4496 ], [ 10.03611, 48.4511 ], [ 10.03503, 48.45203 ], [ 10.03203, 48.45303 ], [ 10.03025, 48.45399 ], [ 10.03167, 48.45475 ], [ 10.03155, 48.4558 ], [ 10.02211, 48.45717 ] ] ] } },
{ "type": "Feature", "properties": { "stadt": "Erlangen" }, "geometry": { "type": "Polygon", "coordinates": [ [ [ 11.03315, 49.55614 ], [ 11.03296, 49.55827 ], [ 11.03471, 49.55854 ], [ 11.03178, 49.56769 ], [ 11.03204, 49.57427 ], [ 11.03534, 49.58821 ], [ 11.03628, 49.5882 ], [ 11.0365, 49.58907 ], [ 11.03736, 49.5898 ], [ 11.03828, 49.59009 ], [ 11.03841, 49.58958 ], [ 11.03962, 49.58974 ], [ 11.04198, 49.59089 ], [ 11.04153, 49.59122 ], [ 11.04457, 49.59165 ], [ 11.04491, 49.59279 ], [ 11.0448, 49.59399 ], [ 11.04603, 49.59404 ], [ 11.0462, 49.59516 ], [ 11.04699, 49.59586 ], [ 11.05015, 49.5958 ], [ 11.05113, 49.59546 ], [ 11.05198, 49.59613 ], [ 11.05282, 49.59616 ], [ 11.0536, 49.59709 ], [ 11.05091, 49.59761 ], [ 11.05083, 49.59737 ], [ 11.04913, 49.59742 ], [ 11.04917, 49.59768 ], [ 11.04712, 49.5981 ], [ 11.04738, 49.59939 ], [ 11.04823, 49.59937 ], [ 11.04857, 49.59987 ], [ 11.04929, 49.60003 ], [ 11.04849, 49.60098 ], [ 11.04837, 49.6017 ], [ 11.04682, 49.60196 ], [ 11.04679, 49.60229 ], [ 11.04713, 49.60311 ], [ 11.04951, 49.6046 ], [ 11.04822, 49.60541 ], [ 11.04929, 49.60607 ], [ 11.04969, 49.60815 ], [ 11.04596, 49.60825 ], [ 11.04597, 49.609 ], [ 11.04664, 49.60991 ], [ 11.04478, 49.61051 ], [ 11.04467, 49.61079 ], [ 11.03916, 49.61049 ], [ 11.03793, 49.61084 ], [ 11.03574, 49.61274 ], [ 11.03576, 49.61393 ], [ 11.03593, 49.61449 ], [ 11.03829, 49.61443 ], [ 11.03913, 49.61554 ], [ 11.03699, 49.61604 ], [ 11.03417, 49.61589 ], [ 11.03018, 49.61477 ], [ 11.02677, 49.61503 ], [ 11.02305, 49.61636 ], [ 11.02173, 49.61626 ], [ 11.02022, 49.61437 ], [ 11.01878, 49.61348 ], [ 11.01854, 49.61293 ], [ 11.01615, 49.61079 ], [ 11.01284, 49.61172 ], [ 11.00488, 49.61223 ], [ 11.00344, 49.61254 ], [ 11.00318, 49.61269 ], [ 11.00333, 49.61309 ], [ 11.00293, 49.61264 ], [ 11.00277, 49.61271 ], [ 11.00367, 49.61386 ], [ 11.00227, 49.61431 ], [ 11.00238, 49.61471 ], [ 11.00198, 49.61483 ], [ 11.00335, 49.61972 ], [ 11.00309, 49.61975 ], [ 11.00233, 49.6177 ], [ 11.00123, 49.6178 ], [ 11.00145, 49.61868 ], [ 11.00013, 49.61935 ], [ 10.99967, 49.61878 ], [ 10.99789, 49.61934 ], [ 10.99693, 49.61843 ], [ 10.99688, 49.61732 ], [ 10.99433, 49.61675 ], [ 10.99327, 49.61738 ], [ 10.9917, 49.61709 ], [ 10.99034, 49.61599 ], [ 10.98953, 49.61604 ], [ 10.98919, 49.61555 ], [ 10.98865, 49.61564 ], [ 10.98769, 49.61478 ], [ 10.98736, 49.61385 ], [ 10.9779, 49.61495 ], [ 10.97748, 49.61541 ], [ 10.97512, 49.61606 ], [ 10.97369, 49.6197 ], [ 10.97286, 49.62062 ], [ 10.97256, 49.62061 ], [ 10.97261, 49.61992 ], [ 10.97169, 49.61984 ], [ 10.97137, 49.62292 ], [ 10.96406, 49.62332 ], [ 10.96173, 49.6239 ], [ 10.96073, 49.6243 ], [ 10.96156, 49.6251 ], [ 10.9594, 49.62587 ], [ 10.95783, 49.62687 ], [ 10.95657, 49.62834 ], [ 10.95684, 49.6284 ], [ 10.95697, 49.62804 ], [ 10.95728, 49.62826 ], [ 10.95691, 49.62901 ], [ 10.95643, 49.62905 ], [ 10.95842, 49.6314 ], [ 10.95954, 49.63147 ], [ 10.96049, 49.63215 ], [ 10.95898, 49.63237 ], [ 10.95732, 49.63323 ], [ 10.95692, 49.63299 ], [ 10.95507, 49.63392 ], [ 10.95388, 49.63456 ], [ 10.95369, 49.63496 ], [ 10.9543, 49.63503 ], [ 10.95365, 49.63584 ], [ 10.95004, 49.63464 ], [ 10.94394, 49.6359 ], [ 10.94325, 49.63708 ], [ 10.94266, 49.63988 ], [ 10.94046, 49.642 ], [ 10.93933, 49.64144 ], [ 10.93962, 49.64121 ], [ 10.93907, 49.64087 ], [ 10.93856, 49.64107 ], [ 10.93756, 49.6407 ], [ 10.93723, 49.64134 ], [ 10.93591, 49.64219 ], [ 10.93296, 49.64252 ], [ 10.93145, 49.64321 ], [ 10.93036, 49.64442 ], [ 10.9285, 49.64558 ], [ 10.92715, 49.64357 ], [ 10.92647, 49.64316 ], [ 10.9267, 49.64179 ], [ 10.92539, 49.64154 ], [ 10.92444, 49.64043 ], [ 10.92391, 49.63836 ], [ 10.92324, 49.63751 ], [ 10.92237, 49.63764 ], [ 10.92138, 49.63694 ], [ 10.92287, 49.63684 ], [ 10.92196, 49.63599 ], [ 10.92171, 49.63514 ], [ 10.9189, 49.63611 ], [ 10.91798, 49.63694 ], [ 10.91761, 49.63804 ], [ 10.91681, 49.63762 ], [ 10.91671, 49.63703 ], [ 10.91536, 49.63689 ], [ 10.91862, 49.62996 ], [ 10.92023, 49.62941 ], [ 10.92124, 49.62864 ], [ 10.92497, 49.62852 ], [ 10.93173, 49.62909 ], [ 10.93158, 49.62818 ], [ 10.93235, 49.62815 ], [ 10.93236, 49.62891 ], [ 10.93307, 49.62882 ], [ 10.93331, 49.62707 ], [ 10.93059, 49.62665 ], [ 10.92825, 49.62669 ], [ 10.9277, 49.62657 ], [ 10.92763, 49.62601 ], [ 10.92717, 49.62598 ], [ 10.92718, 49.62634 ], [ 10.92656, 49.62621 ], [ 10.92673, 49.62567 ], [ 10.92158, 49.62523 ], [ 10.91984, 49.62471 ], [ 10.92095, 49.62134 ], [ 10.92658, 49.62198 ], [ 10.92221, 49.61923 ], [ 10.92288, 49.61845 ], [ 10.92186, 49.61779 ], [ 10.92529, 49.61245 ], [ 10.92552, 49.61102 ], [ 10.9269, 49.60802 ], [ 10.92747, 49.60567 ], [ 10.92752, 49.60248 ], [ 10.92646, 49.59787 ], [ 10.92582, 49.5918 ], [ 10.92589, 49.58839 ], [ 10.92674, 49.58442 ], [ 10.92668, 49.5838 ], [ 10.92558, 49.58328 ], [ 10.92527, 49.58265 ], [ 10.92626, 49.58057 ], [ 10.9254, 49.57986 ], [ 10.9247, 49.57849 ], [ 10.9251, 49.57623 ], [ 10.92362, 49.57596 ], [ 10.92285, 49.57511 ], [ 10.92157, 49.5746 ], [ 10.92107, 49.57404 ], [ 10.92048, 49.574 ], [ 10.91949, 49.57243 ], [ 10.91968, 49.57145 ], [ 10.91777, 49.57058 ], [ 10.91668, 49.57055 ], [ 10.91584, 49.56939 ], [ 10.9161, 49.56814 ], [ 10.9169, 49.5683 ], [ 10.91735, 49.56787 ], [ 10.91738, 49.56751 ], [ 10.91635, 49.56634 ], [ 10.91695, 49.56556 ], [ 10.91671, 49.56438 ], [ 10.91722, 49.56334 ], [ 10.9195, 49.56222 ], [ 10.91852, 49.56197 ], [ 10.91992, 49.56171 ], [ 10.9221, 49.56192 ], [ 10.92255, 49.5608 ], [ 10.9228, 49.5608 ], [ 10.92356, 49.5612 ], [ 10.92463, 49.56124 ], [ 10.92466, 49.56156 ], [ 10.92624, 49.56159 ], [ 10.9271, 49.56194 ], [ 10.92748, 49.56175 ], [ 10.92798, 49.56218 ], [ 10.9285, 49.56185 ], [ 10.92839, 49.56155 ], [ 10.92883, 49.56162 ], [ 10.92983, 49.56102 ], [ 10.93294, 49.56153 ], [ 10.93347, 49.5621 ], [ 10.9358, 49.56263 ], [ 10.93656, 49.56245 ], [ 10.93651, 49.56203 ], [ 10.93727, 49.56178 ], [ 10.93727, 49.56114 ], [ 10.93676, 49.5603 ], [ 10.93714, 49.55762 ], [ 10.93607, 49.55656 ], [ 10.93438, 49.55363 ], [ 10.93401, 49.55211 ], [ 10.93432, 49.55056 ], [ 10.9353, 49.54959 ], [ 10.93768, 49.54816 ], [ 10.93652, 49.54732 ], [ 10.93403, 49.54403 ], [ 10.93464, 49.54389 ], [ 10.93449, 49.54332 ], [ 10.935, 49.54319 ], [ 10.93497, 49.54267 ], [ 10.93442, 49.54278 ], [ 10.93433, 49.54181 ], [ 10.9351, 49.54193 ], [ 10.93569, 49.5406 ], [ 10.93423, 49.5403 ], [ 10.93487, 49.53818 ], [ 10.93267, 49.53822 ], [ 10.93303, 49.53456 ], [ 10.9387, 49.53512 ], [ 10.93865, 49.53569 ], [ 10.94106, 49.53594 ], [ 10.94453, 49.53459 ], [ 10.94469, 49.53479 ], [ 10.95202, 49.53284 ], [ 10.95223, 49.53331 ], [ 10.95794, 49.53314 ], [ 10.95957, 49.53271 ], [ 10.95959, 49.5337 ], [ 10.96522, 49.53349 ], [ 10.96501, 49.53325 ], [ 10.96696, 49.53323 ], [ 10.96731, 49.53364 ], [ 10.96974, 49.53347 ], [ 10.9705, 49.53497 ], [ 10.97109, 49.53486 ], [ 10.97144, 49.53541 ], [ 10.97193, 49.53536 ], [ 10.97409, 49.53995 ], [ 10.97536, 49.54125 ], [ 10.97641, 49.54014 ], [ 10.97857, 49.54026 ], [ 10.9798, 49.54001 ], [ 10.98092, 49.53912 ], [ 10.98404, 49.53834 ], [ 10.98391, 49.53778 ], [ 10.98564, 49.53772 ], [ 10.98873, 49.53654 ], [ 10.9893, 49.53692 ], [ 10.99035, 49.53678 ], [ 10.99055, 49.53709 ], [ 10.98914, 49.53761 ], [ 10.98933, 49.53922 ], [ 10.98907, 49.54046 ], [ 10.99159, 49.54075 ], [ 10.99835, 49.54025 ], [ 11.00076, 49.54035 ], [ 11.00123, 49.53986 ], [ 11.00239, 49.53963 ], [ 11.00619, 49.5396 ], [ 11.0065, 49.53805 ], [ 11.00821, 49.53847 ], [ 11.01196, 49.53787 ], [ 11.01468, 49.53644 ], [ 11.01608, 49.5361 ], [ 11.01596, 49.53578 ], [ 11.01742, 49.53587 ], [ 11.01784, 49.53789 ], [ 11.0227, 49.5379 ], [ 11.02406, 49.53661 ], [ 11.02762, 49.53642 ], [ 11.02752, 49.535 ], [ 11.02925, 49.53506 ], [ 11.02947, 49.53478 ], [ 11.03148, 49.53566 ], [ 11.02991, 49.53925 ], [ 11.03084, 49.53897 ], [ 11.03053, 49.5403 ], [ 11.03141, 49.53965 ], [ 11.03299, 49.53964 ], [ 11.03289, 49.54237 ], [ 11.03411, 49.54239 ], [ 11.03449, 49.54195 ], [ 11.03557, 49.54204 ], [ 11.0364, 49.54279 ], [ 11.0385, 49.54314 ], [ 11.03894, 49.54349 ], [ 11.03827, 49.54393 ], [ 11.03742, 49.54524 ], [ 11.03581, 49.5461 ], [ 11.03545, 49.54707 ], [ 11.03377, 49.54856 ], [ 11.03363, 49.54955 ], [ 11.03421, 49.54974 ], [ 11.03379, 49.55064 ], [ 11.0331, 49.55054 ], [ 11.03255, 49.55277 ], [ 11.03315, 49.55614 ] ], [ [ 10.92374, 49.61928 ], [ 10.92307, 49.61949 ], [ 10.92383, 49.62 ], [ 10.92432, 49.61962 ], [ 10.92374, 49.61928 ] ] ] } },
{ "type": "Feature", "properties": { "stadt": "Pforzheim" }, "geometry": { "type": "Polygon", "coordinates": [ [ [ 8.69121, 48.83506 ], [ 8.69086, 48.83819 ], [ 8.69131, 48.83839 ], [ 8.69385, 48.83816 ], [ 8.69747, 48.83719 ], [ 8.69835, 48.83821 ], [ 8.70213, 48.83895 ], [ 8.70229, 48.83926 ], [ 8.70442, 48.8393 ], [ 8.7045, 48.83903 ], [ 8.70936, 48.83971 ], [ 8.70678, 48.83699 ], [ 8.70683, 48.836 ], [ 8.71015, 48.83533 ], [ 8.70998, 48.83521 ], [ 8.71098, 48.83458 ], [ 8.71196, 48.83335 ], [ 8.71571, 48.83124 ], [ 8.71696, 48.82969 ], [ 8.7174, 48.82807 ], [ 8.7186, 48.82753 ], [ 8.71923, 48.82653 ], [ 8.71911, 48.82603 ], [ 8.71692, 48.82492 ], [ 8.72036, 48.82234 ], [ 8.72076, 48.82173 ], [ 8.72066, 48.82062 ], [ 8.72325, 48.81901 ], [ 8.72417, 48.81952 ], [ 8.72351, 48.81992 ], [ 8.72662, 48.82088 ], [ 8.7283, 48.82204 ], [ 8.73172, 48.82308 ], [ 8.73387, 48.82324 ], [ 8.74238, 48.82288 ], [ 8.74533, 48.82453 ], [ 8.74654, 48.82614 ], [ 8.74825, 48.8273 ], [ 8.748, 48.82756 ], [ 8.74815, 48.82801 ], [ 8.75001, 48.83009 ], [ 8.74551, 48.8318 ], [ 8.74261, 48.83384 ], [ 8.74118, 48.83448 ], [ 8.74097, 48.83498 ], [ 8.74126, 48.83634 ], [ 8.74359, 48.83957 ], [ 8.73966, 48.84091 ], [ 8.73904, 48.84085 ], [ 8.73778, 48.83991 ], [ 8.73534, 48.83881 ], [ 8.73529, 48.84 ], [ 8.73482, 48.84055 ], [ 8.73538, 48.84179 ], [ 8.73532, 48.84288 ], [ 8.73329, 48.84296 ], [ 8.73203, 48.84401 ], [ 8.73416, 48.84459 ], [ 8.739, 48.84515 ], [ 8.73976, 48.84422 ], [ 8.74171, 48.84351 ], [ 8.74844, 48.84279 ], [ 8.7494, 48.84172 ], [ 8.74944, 48.84083 ], [ 8.74751, 48.83917 ], [ 8.74632, 48.83674 ], [ 8.74633, 48.83625 ], [ 8.74714, 48.83597 ], [ 8.75156, 48.83634 ], [ 8.7551, 48.83515 ], [ 8.75725, 48.83367 ], [ 8.75895, 48.83337 ], [ 8.76405, 48.83407 ], [ 8.76502, 48.83444 ], [ 8.76635, 48.83554 ], [ 8.76896, 48.83522 ], [ 8.76902, 48.83638 ], [ 8.76958, 48.83712 ], [ 8.76951, 48.83854 ], [ 8.7701, 48.83949 ], [ 8.77003, 48.84042 ], [ 8.76916, 48.84257 ], [ 8.76879, 48.84241 ], [ 8.76819, 48.84335 ], [ 8.76815, 48.84399 ], [ 8.76979, 48.84785 ], [ 8.7703, 48.84841 ], [ 8.77229, 48.84686 ], [ 8.77551, 48.84922 ], [ 8.77656, 48.85047 ], [ 8.77575, 48.85253 ], [ 8.77726, 48.85301 ], [ 8.77952, 48.85321 ], [ 8.78136, 48.85421 ], [ 8.78728, 48.85424 ], [ 8.78893, 48.85464 ], [ 8.79001, 48.85534 ], [ 8.79842, 48.85682 ], [ 8.80687, 48.85885 ], [ 8.80874, 48.86232 ], [ 8.80832, 48.86276 ], [ 8.80146, 48.86448 ], [ 8.79451, 48.86742 ], [ 8.79518, 48.86772 ], [ 8.79423, 48.86828 ], [ 8.79245, 48.87016 ], [ 8.79239, 48.8713 ], [ 8.79116, 48.87203 ], [ 8.79224, 48.87784 ], [ 8.79184, 48.87938 ], [ 8.79056, 48.88182 ], [ 8.79103, 48.88388 ], [ 8.79314, 48.88623 ], [ 8.79269, 48.88799 ], [ 8.79264, 48.89084 ], [ 8.79319, 48.89131 ], [ 8.79211, 48.89163 ], [ 8.79039, 48.88953 ], [ 8.78787, 48.88791 ], [ 8.78604, 48.8879 ], [ 8.77652, 48.88614 ], [ 8.77477, 48.89035 ], [ 8.77508, 48.89143 ], [ 8.7748, 48.89275 ], [ 8.77077, 48.89435 ], [ 8.76932, 48.89456 ], [ 8.75694, 48.89935 ], [ 8.75787, 48.9005 ], [ 8.76257, 48.9043 ], [ 8.76363, 48.90591 ], [ 8.76201, 48.90577 ], [ 8.76328, 48.90831 ], [ 8.76421, 48.9084 ], [ 8.76314, 48.90972 ], [ 8.76198, 48.91277 ], [ 8.76371, 48.91351 ], [ 8.76301, 48.91526 ], [ 8.76203, 48.9161 ], [ 8.76312, 48.91621 ], [ 8.75421, 48.92345 ], [ 8.75505, 48.92436 ], [ 8.75318, 48.92457 ], [ 8.7497, 48.92556 ], [ 8.74844, 48.92664 ], [ 8.74796, 48.92651 ], [ 8.74679, 48.92782 ], [ 8.74542, 48.92865 ], [ 8.74423, 48.92805 ], [ 8.73969, 48.92779 ], [ 8.73748, 48.92703 ], [ 8.73517, 48.92691 ], [ 8.73137, 48.92741 ], [ 8.73154, 48.92802 ], [ 8.72987, 48.92812 ], [ 8.72989, 48.92855 ], [ 8.72506, 48.9297 ], [ 8.72474, 48.92646 ], [ 8.72211, 48.92573 ], [ 8.7223, 48.92542 ], [ 8.72187, 48.92528 ], [ 8.72219, 48.92482 ], [ 8.72046, 48.9242 ], [ 8.72008, 48.92391 ], [ 8.7202, 48.92341 ], [ 8.71929, 48.92309 ], [ 8.71924, 48.92279 ], [ 8.71693, 48.92193 ], [ 8.7159, 48.92198 ], [ 8.71511, 48.92274 ], [ 8.71344, 48.92334 ], [ 8.70051, 48.9244 ], [ 8.69986, 48.92387 ], [ 8.69786, 48.92373 ], [ 8.69414, 48.92252 ], [ 8.69414, 48.92226 ], [ 8.69627, 48.92146 ], [ 8.69804, 48.92125 ], [ 8.69486, 48.92128 ], [ 8.69313, 48.92093 ], [ 8.68916, 48.91913 ], [ 8.68721, 48.91791 ], [ 8.68732, 48.91764 ], [ 8.68689, 48.91746 ], [ 8.68707, 48.91688 ], [ 8.68346, 48.91617 ], [ 8.68367, 48.91546 ], [ 8.68256, 48.9152 ], [ 8.68276, 48.91469 ], [ 8.68033, 48.91438 ], [ 8.67993, 48.91393 ], [ 8.67971, 48.91261 ], [ 8.6786, 48.91258 ], [ 8.6773, 48.91133 ], [ 8.68079, 48.91035 ], [ 8.68087, 48.90981 ], [ 8.68119, 48.90969 ], [ 8.68095, 48.90932 ], [ 8.67775, 48.90926 ], [ 8.6778, 48.9089 ], [ 8.67743, 48.90875 ], [ 8.67673, 48.90884 ], [ 8.67561, 48.90958 ], [ 8.66819, 48.90904 ], [ 8.665, 48.90917 ], [ 8.66273, 48.91072 ], [ 8.65866, 48.91227 ], [ 8.65754, 48.91299 ], [ 8.65303, 48.91708 ], [ 8.6527, 48.91817 ], [ 8.64964, 48.91998 ], [ 8.64835, 48.92031 ], [ 8.6477, 48.92008 ], [ 8.64809, 48.91962 ], [ 8.64408, 48.91735 ], [ 8.64151, 48.91706 ], [ 8.63774, 48.91526 ], [ 8.63233, 48.91419 ], [ 8.62916, 48.91267 ], [ 8.62747, 48.90971 ], [ 8.62839, 48.90895 ], [ 8.62968, 48.90711 ], [ 8.62975, 48.90658 ], [ 8.62752, 48.90546 ], [ 8.62755, 48.90445 ], [ 8.62855, 48.90256 ], [ 8.63066, 48.90032 ], [ 8.63127, 48.89924 ], [ 8.63743, 48.89936 ], [ 8.63899, 48.89753 ], [ 8.64021, 48.89661 ], [ 8.64357, 48.89157 ], [ 8.64432, 48.888 ], [ 8.64413, 48.88469 ], [ 8.64539, 48.88302 ], [ 8.64766, 48.88152 ], [ 8.64899, 48.87983 ], [ 8.64829, 48.87706 ], [ 8.64747, 48.87621 ], [ 8.64758, 48.87492 ], [ 8.64806, 48.87401 ], [ 8.64782, 48.87244 ], [ 8.64677, 48.87026 ], [ 8.6469, 48.86785 ], [ 8.64417, 48.86491 ], [ 8.64065, 48.86498 ], [ 8.63917, 48.86434 ], [ 8.63818, 48.86327 ], [ 8.63812, 48.8618 ], [ 8.63917, 48.86004 ], [ 8.64025, 48.85941 ], [ 8.63996, 48.85821 ], [ 8.6318, 48.85572 ], [ 8.62942, 48.85532 ], [ 8.62488, 48.85533 ], [ 8.62492, 48.85474 ], [ 8.62835, 48.85504 ], [ 8.62947, 48.85248 ], [ 8.63045, 48.84827 ], [ 8.6344, 48.84522 ], [ 8.63952, 48.84332 ], [ 8.6442, 48.84262 ], [ 8.64977, 48.84084 ], [ 8.65274, 48.83844 ], [ 8.65602, 48.83805 ], [ 8.65709, 48.83702 ], [ 8.65747, 48.83603 ], [ 8.65893, 48.83467 ], [ 8.66347, 48.83549 ], [ 8.66649, 48.83644 ], [ 8.666, 48.83773 ], [ 8.66624, 48.83822 ], [ 8.66804, 48.83943 ], [ 8.66731, 48.84038 ], [ 8.6697, 48.84137 ], [ 8.67159, 48.84123 ], [ 8.67392, 48.84046 ], [ 8.67693, 48.8376 ], [ 8.67894, 48.83654 ], [ 8.68076, 48.8351 ], [ 8.68508, 48.8348 ], [ 8.69121, 48.83506 ] ] ] } },
{ "type": "Feature", "properties": { "stadt": "Bremerhaven" }, "geometry": { "type": "MultiPolygon", "coordinates": [ [ [ [ 8.52323, 53.60637 ], [ 8.52261, 53.60657 ], [ 8.49239, 53.60187 ], [ 8.49305, 53.60128 ], [ 8.49898, 53.5985 ], [ 8.50328, 53.59559 ], [ 8.50804, 53.59014 ], [ 8.52359, 53.57623 ], [ 8.55318, 53.54565 ], [ 8.55565, 53.54008 ], [ 8.55756, 53.53457 ], [ 8.557, 53.53111 ], [ 8.55735, 53.53073 ], [ 8.55706, 53.52759 ], [ 8.55659, 53.52628 ], [ 8.55398, 53.52339 ], [ 8.55018, 53.52085 ], [ 8.54803, 53.51999 ], [ 8.55272, 53.51616 ], [ 8.53589, 53.51039 ], [ 8.52067, 53.50409 ], [ 8.51167, 53.49948 ], [ 8.50466, 53.49387 ], [ 8.50179, 53.49105 ], [ 8.49432, 53.47839 ], [ 8.49424, 53.47777 ], [ 8.49261, 53.47514 ], [ 8.4926, 53.47247 ], [ 8.50577, 53.47128 ], [ 8.50701, 53.47312 ], [ 8.50979, 53.47549 ], [ 8.51035, 53.47526 ], [ 8.51455, 53.47539 ], [ 8.51708, 53.47324 ], [ 8.5231, 53.47756 ], [ 8.52863, 53.47992 ], [ 8.53066, 53.48028 ], [ 8.53769, 53.48025 ], [ 8.53789, 53.48003 ], [ 8.5396, 53.48056 ], [ 8.53899, 53.48103 ], [ 8.53989, 53.48126 ], [ 8.55473, 53.48358 ], [ 8.56565, 53.48612 ], [ 8.57127, 53.48828 ], [ 8.57234, 53.48767 ], [ 8.57392, 53.48863 ], [ 8.57513, 53.48653 ], [ 8.57668, 53.48583 ], [ 8.57919, 53.48555 ], [ 8.58447, 53.48703 ], [ 8.58516, 53.48634 ], [ 8.59179, 53.48484 ], [ 8.59213, 53.48541 ], [ 8.59291, 53.48516 ], [ 8.59432, 53.48568 ], [ 8.59759, 53.48572 ], [ 8.60326, 53.4843 ], [ 8.60361, 53.48631 ], [ 8.60334, 53.48714 ], [ 8.61049, 53.48751 ], [ 8.61064, 53.48798 ], [ 8.61977, 53.49077 ], [ 8.62463, 53.49421 ], [ 8.62499, 53.49366 ], [ 8.62601, 53.49349 ], [ 8.62755, 53.49619 ], [ 8.6295, 53.49581 ], [ 8.62929, 53.49604 ], [ 8.63011, 53.49739 ], [ 8.62955, 53.49806 ], [ 8.62805, 53.4988 ], [ 8.62875, 53.5017 ], [ 8.63162, 53.50164 ], [ 8.63451, 53.50212 ], [ 8.63772, 53.50365 ], [ 8.63651, 53.50575 ], [ 8.63731, 53.50574 ], [ 8.64046, 53.50752 ], [ 8.64455, 53.50931 ], [ 8.64815, 53.50973 ], [ 8.65102, 53.51085 ], [ 8.64993, 53.51274 ], [ 8.64931, 53.51253 ], [ 8.64807, 53.5143 ], [ 8.652, 53.51611 ], [ 8.65068, 53.51735 ], [ 8.64942, 53.51948 ], [ 8.64572, 53.51861 ], [ 8.64368, 53.52271 ], [ 8.64008, 53.525 ], [ 8.6396, 53.52492 ], [ 8.63835, 53.53304 ], [ 8.6383, 53.53488 ], [ 8.6416, 53.53663 ], [ 8.6414, 53.53685 ], [ 8.64199, 53.54183 ], [ 8.64544, 53.54053 ], [ 8.64452, 53.54951 ], [ 8.64675, 53.55562 ], [ 8.64264, 53.55465 ], [ 8.64107, 53.55492 ], [ 8.63739, 53.55362 ], [ 8.63474, 53.55385 ], [ 8.63225, 53.55525 ], [ 8.63106, 53.55559 ], [ 8.62786, 53.56241 ], [ 8.62568, 53.56606 ], [ 8.62542, 53.56747 ], [ 8.62486, 53.56776 ], [ 8.62432, 53.56879 ], [ 8.62199, 53.57099 ], [ 8.62003, 53.57349 ], [ 8.61968, 53.57472 ], [ 8.62009, 53.57736 ], [ 8.62765, 53.5861 ], [ 8.64094, 53.59354 ], [ 8.63858, 53.59462 ], [ 8.65308, 53.60272 ], [ 8.65119, 53.60296 ], [ 8.65084, 53.60331 ], [ 8.65093, 53.604 ], [ 8.64928, 53.604 ], [ 8.64907, 53.60368 ], [ 8.64676, 53.60419 ], [ 8.64742, 53.60321 ], [ 8.64562, 53.60168 ], [ 8.64265, 53.6029 ], [ 8.64238, 53.60374 ], [ 8.63888, 53.60461 ], [ 8.62573, 53.6054 ], [ 8.62327, 53.6053 ], [ 8.61269, 53.60289 ], [ 8.60151, 53.59557 ], [ 8.5929, 53.59308 ], [ 8.59098, 53.59336 ], [ 8.59092, 53.5944 ], [ 8.58492, 53.59563 ], [ 8.58592, 53.59662 ], [ 8.58103, 53.59736 ], [ 8.58128, 53.59798 ], [ 8.57768, 53.5983 ], [ 8.56232, 53.60148 ], [ 8.56006, 53.60205 ], [ 8.55813, 53.60319 ], [ 8.55729, 53.60265 ], [ 8.5539, 53.60318 ], [ 8.5353, 53.60703 ], [ 8.53405, 53.60434 ], [ 8.52763, 53.60571 ], [ 8.52722, 53.60566 ], [ 8.52557, 53.60354 ], [ 8.52339, 53.60539 ], [ 8.52323, 53.60637 ] ], [ [ 8.56457, 53.55625 ], [ 8.56906, 53.55155 ], [ 8.56172, 53.54881 ], [ 8.54689, 53.56496 ], [ 8.52222, 53.59106 ], [ 8.53615, 53.59687 ], [ 8.53748, 53.59842 ], [ 8.54068, 53.59734 ], [ 8.5399, 53.59668 ], [ 8.5412, 53.59709 ], [ 8.54225, 53.59696 ], [ 8.53991, 53.59413 ], [ 8.53945, 53.59295 ], [ 8.54323, 53.58899 ], [ 8.54719, 53.58386 ], [ 8.56403, 53.58125 ], [ 8.56504, 53.58336 ], [ 8.57023, 53.58264 ], [ 8.57061, 53.5823 ], [ 8.57114, 53.58256 ], [ 8.57406, 53.58001 ], [ 8.5762, 53.57942 ], [ 8.57675, 53.57878 ], [ 8.57643, 53.57852 ], [ 8.57674, 53.57823 ], [ 8.57611, 53.57747 ], [ 8.57564, 53.57738 ], [ 8.57473, 53.57528 ], [ 8.57499, 53.57359 ], [ 8.57373, 53.57359 ], [ 8.56881, 53.56327 ], [ 8.56752, 53.56205 ], [ 8.56601, 53.56124 ], [ 8.56609, 53.56097 ], [ 8.56554, 53.56075 ], [ 8.56548, 53.56041 ], [ 8.56461, 53.56042 ], [ 8.564, 53.56003 ], [ 8.56412, 53.55758 ], [ 8.56457, 53.55625 ] ] ], [ [ [ 8.65346, 53.60292 ], [ 8.65384, 53.60244 ], [ 8.65715, 53.60309 ], [ 8.65755, 53.60568 ], [ 8.65802, 53.60569 ], [ 8.65848, 53.60617 ], [ 8.65866, 53.60717 ], [ 8.65801, 53.60722 ], [ 8.65804, 53.6076 ], [ 8.65918, 53.60809 ], [ 8.65692, 53.60804 ], [ 8.65697, 53.6087 ], [ 8.65805, 53.60915 ], [ 8.65796, 53.60939 ], [ 8.65613, 53.60905 ], [ 8.65521, 53.60831 ], [ 8.6534, 53.6083 ], [ 8.65342, 53.60861 ], [ 8.65222, 53.60856 ], [ 8.65178, 53.61008 ], [ 8.64737, 53.6102 ], [ 8.6432, 53.61001 ], [ 8.64249, 53.60905 ], [ 8.64332, 53.60813 ], [ 8.64417, 53.60795 ], [ 8.64496, 53.60825 ], [ 8.64509, 53.60805 ], [ 8.64488, 53.60687 ], [ 8.64388, 53.60577 ], [ 8.64446, 53.60492 ], [ 8.64603, 53.60445 ], [ 8.65163, 53.60422 ], [ 8.6515, 53.60361 ], [ 8.65346, 53.60292 ] ] ] ] } },
{ "type": "Feature", "properties": { "stadt": "Remscheid" }, "geometry": { "type": "Polygon", "coordinates": [ [ [ 7.22329, 51.1587 ], [ 7.22479, 51.15816 ], [ 7.22526, 51.15898 ], [ 7.22732, 51.15958 ], [ 7.22763, 51.15939 ], [ 7.22758, 51.15895 ], [ 7.22855, 51.15905 ], [ 7.23081, 51.15802 ], [ 7.23117, 51.15839 ], [ 7.23401, 51.15734 ], [ 7.2347, 51.15768 ], [ 7.23752, 51.15791 ], [ 7.23886, 51.15694 ], [ 7.23916, 51.15704 ], [ 7.23895, 51.15802 ], [ 7.24062, 51.15859 ], [ 7.2448, 51.15865 ], [ 7.24554, 51.15901 ], [ 7.24793, 51.15811 ], [ 7.25059, 51.15864 ], [ 7.25543, 51.15673 ], [ 7.25533, 51.15632 ], [ 7.2558, 51.15596 ], [ 7.25497, 51.15504 ], [ 7.25768, 51.15332 ], [ 7.25788, 51.15269 ], [ 7.25768, 51.15203 ], [ 7.2568, 51.15187 ], [ 7.25707, 51.15144 ], [ 7.25774, 51.1515 ], [ 7.25793, 51.15124 ], [ 7.25754, 51.15109 ], [ 7.25937, 51.14918 ], [ 7.26088, 51.14957 ], [ 7.26047, 51.14709 ], [ 7.26788, 51.14597 ], [ 7.26834, 51.14529 ], [ 7.26974, 51.14617 ], [ 7.26951, 51.14673 ], [ 7.26978, 51.14698 ], [ 7.27854, 51.1442 ], [ 7.27863, 51.14449 ], [ 7.28371, 51.14407 ], [ 7.28567, 51.14434 ], [ 7.28573, 51.14463 ], [ 7.28715, 51.14385 ], [ 7.28893, 51.14429 ], [ 7.28964, 51.14507 ], [ 7.29211, 51.14552 ], [ 7.29294, 51.14612 ], [ 7.2929, 51.14655 ], [ 7.29419, 51.14707 ], [ 7.29442, 51.14763 ], [ 7.29531, 51.14806 ], [ 7.2958, 51.14957 ], [ 7.297, 51.15116 ], [ 7.29513, 51.15298 ], [ 7.29536, 51.15517 ], [ 7.29601, 51.15531 ], [ 7.29573, 51.15615 ], [ 7.29505, 51.15682 ], [ 7.29429, 51.15694 ], [ 7.29387, 51.15763 ], [ 7.29499, 51.15895 ], [ 7.2939, 51.16028 ], [ 7.29326, 51.16035 ], [ 7.29305, 51.16076 ], [ 7.29363, 51.16127 ], [ 7.29371, 51.16187 ], [ 7.29558, 51.16332 ], [ 7.29756, 51.16404 ], [ 7.29949, 51.16389 ], [ 7.30166, 51.16515 ], [ 7.30111, 51.16506 ], [ 7.30099, 51.16573 ], [ 7.29837, 51.1669 ], [ 7.29805, 51.1674 ], [ 7.29995, 51.16833 ], [ 7.29986, 51.16988 ], [ 7.30041, 51.17037 ], [ 7.30272, 51.17121 ], [ 7.30218, 51.17269 ], [ 7.30254, 51.17357 ], [ 7.30244, 51.17414 ], [ 7.30364, 51.17535 ], [ 7.30428, 51.17708 ], [ 7.3041, 51.17736 ], [ 7.30561, 51.17807 ], [ 7.30557, 51.17858 ], [ 7.30494, 51.17901 ], [ 7.30551, 51.17957 ], [ 7.30533, 51.1807 ], [ 7.30812, 51.18143 ], [ 7.30902, 51.18243 ], [ 7.30919, 51.18396 ], [ 7.30777, 51.18569 ], [ 7.30708, 51.18734 ], [ 7.30726, 51.18771 ], [ 7.30894, 51.18853 ], [ 7.3088, 51.18899 ], [ 7.30825, 51.18942 ], [ 7.3069, 51.1895 ], [ 7.305, 51.18789 ], [ 7.30312, 51.18543 ], [ 7.2992, 51.18599 ], [ 7.29883, 51.18671 ], [ 7.3003, 51.18924 ], [ 7.30406, 51.19243 ], [ 7.3034, 51.19298 ], [ 7.30538, 51.19391 ], [ 7.30578, 51.19494 ], [ 7.30512, 51.19571 ], [ 7.30429, 51.196 ], [ 7.30246, 51.19624 ], [ 7.3017, 51.19607 ], [ 7.30169, 51.19546 ], [ 7.30085, 51.19544 ], [ 7.30085, 51.19576 ], [ 7.30021, 51.19606 ], [ 7.29862, 51.19587 ], [ 7.29763, 51.19661 ], [ 7.29841, 51.19693 ], [ 7.29893, 51.19772 ], [ 7.29892, 51.19839 ], [ 7.29772, 51.19997 ], [ 7.29671, 51.19966 ], [ 7.29608, 51.19997 ], [ 7.29679, 51.20048 ], [ 7.29627, 51.20059 ], [ 7.29709, 51.20117 ], [ 7.29669, 51.20191 ], [ 7.29886, 51.20333 ], [ 7.29818, 51.20388 ], [ 7.29889, 51.20436 ], [ 7.29716, 51.20398 ], [ 7.29567, 51.20313 ], [ 7.2953, 51.20341 ], [ 7.29623, 51.20392 ], [ 7.29594, 51.20393 ], [ 7.29596, 51.20544 ], [ 7.29509, 51.20553 ], [ 7.29129, 51.20736 ], [ 7.2906, 51.20807 ], [ 7.29069, 51.20869 ], [ 7.29031, 51.20877 ], [ 7.29005, 51.20965 ], [ 7.28961, 51.20996 ], [ 7.28894, 51.21001 ], [ 7.2876, 51.20923 ], [ 7.28646, 51.20902 ], [ 7.2847, 51.2099 ], [ 7.281, 51.20871 ], [ 7.27967, 51.20994 ], [ 7.27757, 51.2109 ], [ 7.27658, 51.20874 ], [ 7.27173, 51.20851 ], [ 7.27151, 51.20932 ], [ 7.27188, 51.20985 ], [ 7.26563, 51.209 ], [ 7.26462, 51.21006 ], [ 7.26668, 51.21111 ], [ 7.2631, 51.21189 ], [ 7.25996, 51.21128 ], [ 7.25689, 51.21312 ], [ 7.26048, 51.21422 ], [ 7.26028, 51.215 ], [ 7.26066, 51.21606 ], [ 7.26064, 51.21745 ], [ 7.2609, 51.21754 ], [ 7.26068, 51.21826 ], [ 7.25779, 51.21808 ], [ 7.25777, 51.21925 ], [ 7.25565, 51.21944 ], [ 7.25582, 51.21953 ], [ 7.25347, 51.22124 ], [ 7.25333, 51.22168 ], [ 7.25284, 51.2215 ], [ 7.25299, 51.22212 ], [ 7.25169, 51.22218 ], [ 7.25172, 51.22249 ], [ 7.24733, 51.2227 ], [ 7.2463, 51.22166 ], [ 7.24487, 51.22285 ], [ 7.24404, 51.22253 ], [ 7.24331, 51.22345 ], [ 7.24211, 51.22271 ], [ 7.2363, 51.22621 ], [ 7.236, 51.22586 ], [ 7.23482, 51.22683 ], [ 7.23482, 51.22642 ], [ 7.2335, 51.22609 ], [ 7.23343, 51.22476 ], [ 7.22917, 51.22455 ], [ 7.22569, 51.22336 ], [ 7.22236, 51.22145 ], [ 7.21744, 51.22129 ], [ 7.21384, 51.21806 ], [ 7.21197, 51.21703 ], [ 7.20822, 51.21599 ], [ 7.20804, 51.21532 ], [ 7.20736, 51.21531 ], [ 7.20749, 51.21423 ], [ 7.20497, 51.21336 ], [ 7.203, 51.21227 ], [ 7.20286, 51.21139 ], [ 7.19667, 51.21297 ], [ 7.19619, 51.21586 ], [ 7.19469, 51.21572 ], [ 7.19151, 51.21417 ], [ 7.19051, 51.21463 ], [ 7.18854, 51.21402 ], [ 7.186, 51.21405 ], [ 7.18231, 51.21288 ], [ 7.17609, 51.21426 ], [ 7.17496, 51.21365 ], [ 7.17247, 51.21362 ], [ 7.1695, 51.21214 ], [ 7.16556, 51.21119 ], [ 7.16521, 51.21039 ], [ 7.16267, 51.20843 ], [ 7.16293, 51.20788 ], [ 7.16273, 51.20757 ], [ 7.16377, 51.20643 ], [ 7.16405, 51.20499 ], [ 7.16382, 51.20477 ], [ 7.16405, 51.20467 ], [ 7.16295, 51.20444 ], [ 7.16175, 51.2035 ], [ 7.16211, 51.20325 ], [ 7.16145, 51.20254 ], [ 7.161, 51.2028 ], [ 7.16003, 51.2023 ], [ 7.1596, 51.20267 ], [ 7.15822, 51.20205 ], [ 7.15577, 51.20199 ], [ 7.15559, 51.20101 ], [ 7.1565, 51.20095 ], [ 7.15617, 51.20062 ], [ 7.15681, 51.2005 ], [ 7.15719, 51.19988 ], [ 7.15636, 51.19885 ], [ 7.15701, 51.1984 ], [ 7.15487, 51.19575 ], [ 7.15329, 51.19448 ], [ 7.15311, 51.19366 ], [ 7.15379, 51.19286 ], [ 7.1536, 51.19245 ], [ 7.15273, 51.19233 ], [ 7.14913, 51.19373 ], [ 7.1483, 51.19363 ], [ 7.14815, 51.1932 ], [ 7.1485, 51.19216 ], [ 7.14676, 51.19099 ], [ 7.1453, 51.19093 ], [ 7.14497, 51.19046 ], [ 7.14357, 51.19074 ], [ 7.14214, 51.19059 ], [ 7.14133, 51.19 ], [ 7.14207, 51.18891 ], [ 7.14454, 51.18784 ], [ 7.14594, 51.18683 ], [ 7.14611, 51.1864 ], [ 7.14528, 51.18553 ], [ 7.14563, 51.185 ], [ 7.14716, 51.18513 ], [ 7.14806, 51.18427 ], [ 7.14799, 51.18361 ], [ 7.14951, 51.18271 ], [ 7.15045, 51.18006 ], [ 7.15003, 51.17973 ], [ 7.14987, 51.17891 ], [ 7.15043, 51.17612 ], [ 7.15205, 51.1748 ], [ 7.1509, 51.17364 ], [ 7.1483, 51.17288 ], [ 7.14783, 51.17128 ], [ 7.14615, 51.17181 ], [ 7.14446, 51.1731 ], [ 7.14217, 51.17128 ], [ 7.13751, 51.1689 ], [ 7.13634, 51.16761 ], [ 7.13598, 51.16572 ], [ 7.13849, 51.16444 ], [ 7.13873, 51.1639 ], [ 7.13827, 51.16273 ], [ 7.1371, 51.16186 ], [ 7.13289, 51.15996 ], [ 7.13102, 51.15806 ], [ 7.13207, 51.15745 ], [ 7.13563, 51.15692 ], [ 7.1361, 51.15652 ], [ 7.13519, 51.15407 ], [ 7.13555, 51.15065 ], [ 7.13448, 51.14946 ], [ 7.13458, 51.14912 ], [ 7.13656, 51.14861 ], [ 7.13839, 51.14744 ], [ 7.13934, 51.14751 ], [ 7.13952, 51.14729 ], [ 7.1391, 51.14708 ], [ 7.13883, 51.1455 ], [ 7.13895, 51.14496 ], [ 7.14084, 51.14456 ], [ 7.1419, 51.14468 ], [ 7.14278, 51.14414 ], [ 7.14221, 51.14349 ], [ 7.14346, 51.14294 ], [ 7.14418, 51.14285 ], [ 7.14466, 51.14365 ], [ 7.14484, 51.14294 ], [ 7.14599, 51.14229 ], [ 7.14584, 51.1429 ], [ 7.14669, 51.14285 ], [ 7.14667, 51.14246 ], [ 7.14756, 51.14242 ], [ 7.14734, 51.1442 ], [ 7.14783, 51.14489 ], [ 7.14968, 51.14552 ], [ 7.14984, 51.14587 ], [ 7.15052, 51.14575 ], [ 7.15233, 51.147 ], [ 7.15218, 51.14727 ], [ 7.15254, 51.1476 ], [ 7.15428, 51.14784 ], [ 7.15473, 51.15113 ], [ 7.15548, 51.1512 ], [ 7.15705, 51.15256 ], [ 7.15955, 51.15389 ], [ 7.15913, 51.15402 ], [ 7.15904, 51.15451 ], [ 7.15951, 51.15571 ], [ 7.16066, 51.1555 ], [ 7.16021, 51.15518 ], [ 7.16117, 51.15493 ], [ 7.16238, 51.15553 ], [ 7.16323, 51.15552 ], [ 7.16402, 51.15515 ], [ 7.16526, 51.15367 ], [ 7.16745, 51.15369 ], [ 7.17007, 51.1523 ], [ 7.17154, 51.15223 ], [ 7.17726, 51.15412 ], [ 7.17913, 51.1529 ], [ 7.18231, 51.15326 ], [ 7.18418, 51.15537 ], [ 7.18522, 51.15579 ], [ 7.18825, 51.15391 ], [ 7.19009, 51.15339 ], [ 7.19051, 51.15351 ], [ 7.19018, 51.15408 ], [ 7.19033, 51.15451 ], [ 7.19193, 51.15448 ], [ 7.19351, 51.15322 ], [ 7.19458, 51.15286 ], [ 7.19724, 51.15102 ], [ 7.19975, 51.15148 ], [ 7.19978, 51.15194 ], [ 7.20031, 51.15193 ], [ 7.20165, 51.15282 ], [ 7.2025, 51.15389 ], [ 7.20253, 51.15466 ], [ 7.20514, 51.1562 ], [ 7.20841, 51.15565 ], [ 7.21072, 51.1548 ], [ 7.21126, 51.15496 ], [ 7.21191, 51.15557 ], [ 7.21249, 51.15727 ], [ 7.21287, 51.15757 ], [ 7.21432, 51.15812 ], [ 7.21487, 51.15874 ], [ 7.2167, 51.15912 ], [ 7.21731, 51.15974 ], [ 7.2171, 51.15987 ], [ 7.21728, 51.16038 ], [ 7.21845, 51.16047 ], [ 7.21946, 51.16103 ], [ 7.22144, 51.16049 ], [ 7.22329, 51.1587 ] ] ] } },
{ "type": "Feature", "properties": { "stadt": "Bottrop" }, "geometry": { "type": "Polygon", "coordinates": [ [ [ 6.97654, 51.50482 ], [ 6.98778, 51.50865 ], [ 6.98615, 51.5104 ], [ 6.98609, 51.51294 ], [ 6.99109, 51.51765 ], [ 6.99286, 51.5203 ], [ 6.99511, 51.52239 ], [ 6.99509, 51.53095 ], [ 6.99672, 51.53186 ], [ 6.99744, 51.53164 ], [ 6.99902, 51.53241 ], [ 6.99885, 51.53317 ], [ 6.99911, 51.53351 ], [ 6.99832, 51.5341 ], [ 6.99858, 51.53493 ], [ 6.9982, 51.53515 ], [ 6.99849, 51.53569 ], [ 6.99723, 51.53879 ], [ 6.99634, 51.53954 ], [ 6.98349, 51.5448 ], [ 6.97485, 51.54662 ], [ 6.95914, 51.54801 ], [ 6.95753, 51.54997 ], [ 6.95683, 51.55036 ], [ 6.95118, 51.55252 ], [ 6.94777, 51.55327 ], [ 6.94574, 51.5548 ], [ 6.94154, 51.55615 ], [ 6.93901, 51.55658 ], [ 6.93884, 51.55712 ], [ 6.93608, 51.55752 ], [ 6.9351, 51.55821 ], [ 6.93095, 51.56326 ], [ 6.927, 51.56314 ], [ 6.92502, 51.56346 ], [ 6.92378, 51.56318 ], [ 6.92223, 51.56342 ], [ 6.92204, 51.565 ], [ 6.92312, 51.56621 ], [ 6.92443, 51.56604 ], [ 6.92449, 51.56679 ], [ 6.92158, 51.56838 ], [ 6.92086, 51.56963 ], [ 6.92235, 51.56995 ], [ 6.92412, 51.57082 ], [ 6.92521, 51.56998 ], [ 6.92752, 51.56916 ], [ 6.92971, 51.56964 ], [ 6.93104, 51.57179 ], [ 6.93274, 51.57654 ], [ 6.93285, 51.57761 ], [ 6.93241, 51.57868 ], [ 6.92927, 51.58185 ], [ 6.92901, 51.58376 ], [ 6.93015, 51.58523 ], [ 6.93561, 51.58742 ], [ 6.93791, 51.58796 ], [ 6.93791, 51.58845 ], [ 6.94404, 51.58798 ], [ 6.94642, 51.58865 ], [ 6.94792, 51.58969 ], [ 6.94916, 51.59002 ], [ 6.95049, 51.59169 ], [ 6.95215, 51.59241 ], [ 6.95461, 51.59432 ], [ 6.95476, 51.59567 ], [ 6.95821, 51.59664 ], [ 6.95907, 51.59773 ], [ 6.96133, 51.59937 ], [ 6.96332, 51.59941 ], [ 6.96598, 51.59893 ], [ 6.96724, 51.59932 ], [ 6.97004, 51.59901 ], [ 6.96949, 51.60007 ], [ 6.96956, 51.60141 ], [ 6.97561, 51.60305 ], [ 6.9782, 51.60458 ], [ 6.98043, 51.60696 ], [ 6.98018, 51.6102 ], [ 6.97973, 51.6113 ], [ 6.97993, 51.61238 ], [ 6.98051, 51.6134 ], [ 6.98188, 51.61377 ], [ 6.98144, 51.61413 ], [ 6.98144, 51.61459 ], [ 6.97985, 51.61479 ], [ 6.98001, 51.61643 ], [ 6.97972, 51.61734 ], [ 6.98046, 51.61851 ], [ 6.97928, 51.62022 ], [ 6.97915, 51.62125 ], [ 6.97982, 51.62138 ], [ 6.98166, 51.62301 ], [ 6.98278, 51.62345 ], [ 6.98358, 51.62589 ], [ 6.9814, 51.62654 ], [ 6.98051, 51.62738 ], [ 6.98047, 51.62787 ], [ 6.97966, 51.62843 ], [ 6.97929, 51.62815 ], [ 6.97068, 51.62887 ], [ 6.97026, 51.62824 ], [ 6.96914, 51.62836 ], [ 6.96859, 51.63097 ], [ 6.9686, 51.63405 ], [ 6.96648, 51.63516 ], [ 6.96504, 51.63444 ], [ 6.96293, 51.63435 ], [ 6.95923, 51.63631 ], [ 6.95742, 51.63681 ], [ 6.95671, 51.63612 ], [ 6.95472, 51.63565 ], [ 6.95238, 51.63566 ], [ 6.95177, 51.63629 ], [ 6.94802, 51.63475 ], [ 6.9464, 51.63569 ], [ 6.94496, 51.6353 ], [ 6.94445, 51.63594 ], [ 6.94588, 51.63622 ], [ 6.94397, 51.63758 ], [ 6.94047, 51.63842 ], [ 6.94104, 51.63941 ], [ 6.94046, 51.6394 ], [ 6.93695, 51.64136 ], [ 6.9316, 51.64484 ], [ 6.89948, 51.63491 ], [ 6.89341, 51.63421 ], [ 6.89106, 51.63362 ], [ 6.89099, 51.63387 ], [ 6.8834, 51.63297 ], [ 6.88301, 51.6327 ], [ 6.8825, 51.63286 ], [ 6.86752, 51.63102 ], [ 6.86736, 51.63049 ], [ 6.86618, 51.62991 ], [ 6.86636, 51.62946 ], [ 6.86613, 51.62904 ], [ 6.86674, 51.62783 ], [ 6.86823, 51.62626 ], [ 6.86799, 51.62604 ], [ 6.86837, 51.62569 ], [ 6.86807, 51.6253 ], [ 6.86989, 51.6235 ], [ 6.87155, 51.62238 ], [ 6.8714, 51.62215 ], [ 6.86931, 51.61988 ], [ 6.86369, 51.61556 ], [ 6.86304, 51.61555 ], [ 6.8639, 51.61371 ], [ 6.85609, 51.61232 ], [ 6.85698, 51.61045 ], [ 6.85278, 51.61022 ], [ 6.8535, 51.60826 ], [ 6.85082, 51.60817 ], [ 6.85103, 51.60702 ], [ 6.85206, 51.60588 ], [ 6.85719, 51.60291 ], [ 6.85914, 51.60257 ], [ 6.86245, 51.60077 ], [ 6.86583, 51.59742 ], [ 6.866, 51.59676 ], [ 6.865, 51.59614 ], [ 6.86517, 51.59601 ], [ 6.86473, 51.59601 ], [ 6.86454, 51.59561 ], [ 6.86272, 51.59538 ], [ 6.86231, 51.59505 ], [ 6.86231, 51.59455 ], [ 6.8626, 51.59466 ], [ 6.86207, 51.59349 ], [ 6.86065, 51.59321 ], [ 6.8608, 51.59227 ], [ 6.85976, 51.59197 ], [ 6.86011, 51.59192 ], [ 6.85986, 51.59146 ], [ 6.86022, 51.59139 ], [ 6.85972, 51.59116 ], [ 6.8602, 51.59113 ], [ 6.85942, 51.59076 ], [ 6.85937, 51.59038 ], [ 6.85988, 51.59008 ], [ 6.85974, 51.58985 ], [ 6.85935, 51.59013 ], [ 6.85861, 51.58962 ], [ 6.85803, 51.58972 ], [ 6.85802, 51.58947 ], [ 6.85728, 51.58935 ], [ 6.85736, 51.5889 ], [ 6.85695, 51.58889 ], [ 6.85689, 51.58915 ], [ 6.85672, 51.58884 ], [ 6.85632, 51.58896 ], [ 6.85646, 51.58869 ], [ 6.85568, 51.58813 ], [ 6.85426, 51.58811 ], [ 6.85403, 51.58799 ], [ 6.85428, 51.58769 ], [ 6.85348, 51.58755 ], [ 6.85319, 51.58712 ], [ 6.8527, 51.58741 ], [ 6.85256, 51.58704 ], [ 6.85144, 51.58711 ], [ 6.85094, 51.58673 ], [ 6.85099, 51.58639 ], [ 6.84996, 51.58626 ], [ 6.85032, 51.58612 ], [ 6.85008, 51.58578 ], [ 6.84924, 51.5857 ], [ 6.84926, 51.5852 ], [ 6.84846, 51.58543 ], [ 6.84833, 51.58499 ], [ 6.84786, 51.58485 ], [ 6.84805, 51.58482 ], [ 6.84805, 51.58474 ], [ 6.84759, 51.58497 ], [ 6.84738, 51.58463 ], [ 6.84554, 51.58437 ], [ 6.84509, 51.58411 ], [ 6.84528, 51.58371 ], [ 6.84446, 51.58377 ], [ 6.84361, 51.58304 ], [ 6.84311, 51.58321 ], [ 6.84345, 51.58276 ], [ 6.84284, 51.58279 ], [ 6.84257, 51.58234 ], [ 6.84176, 51.58213 ], [ 6.84155, 51.58247 ], [ 6.84018, 51.58255 ], [ 6.84002, 51.58213 ], [ 6.83944, 51.58223 ], [ 6.83925, 51.58177 ], [ 6.83859, 51.58167 ], [ 6.83839, 51.58103 ], [ 6.83781, 51.58121 ], [ 6.83678, 51.58086 ], [ 6.83636, 51.58109 ], [ 6.83623, 51.58079 ], [ 6.83594, 51.58093 ], [ 6.83613, 51.58115 ], [ 6.83578, 51.58086 ], [ 6.83543, 51.58116 ], [ 6.83465, 51.58056 ], [ 6.83545, 51.58034 ], [ 6.83431, 51.58043 ], [ 6.83442, 51.58022 ], [ 6.83386, 51.58005 ], [ 6.83258, 51.58 ], [ 6.83351, 51.57958 ], [ 6.83371, 51.57885 ], [ 6.83434, 51.57846 ], [ 6.8341, 51.57811 ], [ 6.83601, 51.57838 ], [ 6.8359, 51.57802 ], [ 6.83627, 51.57778 ], [ 6.83706, 51.57787 ], [ 6.83694, 51.57748 ], [ 6.83732, 51.57735 ], [ 6.83753, 51.57663 ], [ 6.83791, 51.57652 ], [ 6.83765, 51.57634 ], [ 6.83806, 51.57612 ], [ 6.83822, 51.57647 ], [ 6.8383, 51.57621 ], [ 6.83938, 51.57594 ], [ 6.83966, 51.57625 ], [ 6.84044, 51.57582 ], [ 6.84088, 51.57609 ], [ 6.84165, 51.57584 ], [ 6.84163, 51.57556 ], [ 6.84199, 51.57559 ], [ 6.84198, 51.57591 ], [ 6.8424, 51.57556 ], [ 6.84316, 51.57563 ], [ 6.84274, 51.57544 ], [ 6.84419, 51.57512 ], [ 6.84376, 51.575 ], [ 6.84468, 51.5747 ], [ 6.84406, 51.57453 ], [ 6.84453, 51.57445 ], [ 6.84435, 51.57413 ], [ 6.84469, 51.57427 ], [ 6.84462, 51.57386 ], [ 6.84571, 51.57373 ], [ 6.84527, 51.5735 ], [ 6.84595, 51.57335 ], [ 6.84595, 51.57294 ], [ 6.84676, 51.57317 ], [ 6.84663, 51.57266 ], [ 6.84705, 51.57262 ], [ 6.84673, 51.57232 ], [ 6.84791, 51.57212 ], [ 6.84809, 51.57194 ], [ 6.8478, 51.5716 ], [ 6.84842, 51.57167 ], [ 6.84798, 51.57149 ], [ 6.84821, 51.57094 ], [ 6.84885, 51.57084 ], [ 6.8493, 51.57123 ], [ 6.84914, 51.57099 ], [ 6.84989, 51.57096 ], [ 6.84997, 51.57072 ], [ 6.85035, 51.57094 ], [ 6.85035, 51.57071 ], [ 6.85062, 51.57094 ], [ 6.8511, 51.57078 ], [ 6.85054, 51.57059 ], [ 6.85108, 51.57036 ], [ 6.85135, 51.57086 ], [ 6.85194, 51.5708 ], [ 6.85215, 51.57049 ], [ 6.85189, 51.57032 ], [ 6.85255, 51.57041 ], [ 6.85221, 51.57017 ], [ 6.85295, 51.57008 ], [ 6.85292, 51.56974 ], [ 6.85353, 51.56978 ], [ 6.854, 51.56918 ], [ 6.8552, 51.56917 ], [ 6.8553, 51.56874 ], [ 6.85617, 51.56866 ], [ 6.8562, 51.56827 ], [ 6.85693, 51.568 ], [ 6.8578, 51.56809 ], [ 6.85806, 51.56844 ], [ 6.85809, 51.56811 ], [ 6.85972, 51.56755 ], [ 6.86019, 51.56753 ], [ 6.86079, 51.56801 ], [ 6.86199, 51.5675 ], [ 6.86322, 51.56775 ], [ 6.86324, 51.56745 ], [ 6.86379, 51.5675 ], [ 6.86376, 51.56781 ], [ 6.86488, 51.5677 ], [ 6.86513, 51.56794 ], [ 6.86607, 51.56744 ], [ 6.86616, 51.5678 ], [ 6.86674, 51.56755 ], [ 6.86746, 51.56774 ], [ 6.86768, 51.56739 ], [ 6.86838, 51.5673 ], [ 6.86767, 51.56674 ], [ 6.86791, 51.5662 ], [ 6.86732, 51.56388 ], [ 6.85968, 51.55746 ], [ 6.86916, 51.55222 ], [ 6.87786, 51.54372 ], [ 6.87959, 51.53782 ], [ 6.88174, 51.5384 ], [ 6.8852, 51.53652 ], [ 6.8853, 51.52739 ], [ 6.8907, 51.52509 ], [ 6.89127, 51.52445 ], [ 6.89408, 51.52345 ], [ 6.89408, 51.5157 ], [ 6.90133, 51.51251 ], [ 6.9001, 51.51125 ], [ 6.90352, 51.50971 ], [ 6.90819, 51.50597 ], [ 6.90835, 51.50385 ], [ 6.90779, 51.50253 ], [ 6.91117, 51.50188 ], [ 6.91355, 51.50185 ], [ 6.92647, 51.50392 ], [ 6.9265, 51.50362 ], [ 6.92792, 51.50305 ], [ 6.92848, 51.50229 ], [ 6.92799, 51.50212 ], [ 6.92827, 51.50171 ], [ 6.92756, 51.4999 ], [ 6.92893, 51.49954 ], [ 6.92951, 51.49984 ], [ 6.9293, 51.50008 ], [ 6.92988, 51.50022 ], [ 6.93046, 51.49915 ], [ 6.92815, 51.49777 ], [ 6.92861, 51.49703 ], [ 6.94335, 51.49867 ], [ 6.95543, 51.50187 ], [ 6.97654, 51.50482 ] ] ] } },
{ "type": "Feature", "properties": { "stadt": "Recklinghausen" }, "geometry": { "type": "Polygon", "coordinates": [ [ [ 7.27207, 51.62394 ], [ 7.27239, 51.62413 ], [ 7.26883, 51.62448 ], [ 7.26719, 51.62518 ], [ 7.26454, 51.62492 ], [ 7.26434, 51.62547 ], [ 7.26331, 51.62534 ], [ 7.2628, 51.62622 ], [ 7.26121, 51.62669 ], [ 7.2581, 51.62522 ], [ 7.25728, 51.62446 ], [ 7.25694, 51.6247 ], [ 7.2559, 51.62456 ], [ 7.2552, 51.62546 ], [ 7.25395, 51.6251 ], [ 7.25411, 51.62569 ], [ 7.25215, 51.62694 ], [ 7.25058, 51.62608 ], [ 7.24583, 51.63122 ], [ 7.24361, 51.62914 ], [ 7.23924, 51.62659 ], [ 7.2381, 51.62643 ], [ 7.2366, 51.62695 ], [ 7.22941, 51.62682 ], [ 7.22947, 51.62867 ], [ 7.22874, 51.63171 ], [ 7.22892, 51.6336 ], [ 7.2271, 51.63283 ], [ 7.22701, 51.63442 ], [ 7.22746, 51.63619 ], [ 7.22526, 51.63639 ], [ 7.21894, 51.6351 ], [ 7.21814, 51.6363 ], [ 7.21808, 51.63848 ], [ 7.21725, 51.63947 ], [ 7.21686, 51.64219 ], [ 7.21793, 51.6423 ], [ 7.21722, 51.64312 ], [ 7.20923, 51.64879 ], [ 7.20876, 51.64948 ], [ 7.20783, 51.64946 ], [ 7.20711, 51.64984 ], [ 7.20143, 51.64969 ], [ 7.19879, 51.65104 ], [ 7.19761, 51.65044 ], [ 7.19592, 51.65084 ], [ 7.19481, 51.65008 ], [ 7.18942, 51.65145 ], [ 7.1892, 51.65047 ], [ 7.18795, 51.6509 ], [ 7.18751, 51.65063 ], [ 7.18661, 51.6507 ], [ 7.18532, 51.6498 ], [ 7.1843, 51.64814 ], [ 7.18363, 51.64857 ], [ 7.18113, 51.64741 ], [ 7.17975, 51.64861 ], [ 7.1791, 51.64758 ], [ 7.17774, 51.64715 ], [ 7.17533, 51.64872 ], [ 7.17528, 51.64968 ], [ 7.17482, 51.65027 ], [ 7.17402, 51.65058 ], [ 7.17069, 51.64949 ], [ 7.17084, 51.6491 ], [ 7.16815, 51.64819 ], [ 7.16801, 51.64841 ], [ 7.16316, 51.64726 ], [ 7.15668, 51.64632 ], [ 7.15592, 51.64321 ], [ 7.15096, 51.64318 ], [ 7.15068, 51.64371 ], [ 7.14633, 51.64324 ], [ 7.14534, 51.64201 ], [ 7.14636, 51.63917 ], [ 7.1412, 51.63815 ], [ 7.14077, 51.6386 ], [ 7.1397, 51.63727 ], [ 7.13738, 51.63612 ], [ 7.1366, 51.63529 ], [ 7.13597, 51.63531 ], [ 7.13479, 51.63414 ], [ 7.14285, 51.63247 ], [ 7.14752, 51.6301 ], [ 7.15438, 51.62721 ], [ 7.15575, 51.62623 ], [ 7.15756, 51.6266 ], [ 7.15815, 51.62231 ], [ 7.15956, 51.62059 ], [ 7.16324, 51.61463 ], [ 7.16354, 51.6136 ], [ 7.16334, 51.61305 ], [ 7.16368, 51.61304 ], [ 7.1636, 51.61186 ], [ 7.15944, 51.61194 ], [ 7.15942, 51.61081 ], [ 7.16066, 51.60997 ], [ 7.16119, 51.60899 ], [ 7.16078, 51.60603 ], [ 7.16198, 51.60451 ], [ 7.16405, 51.60373 ], [ 7.16335, 51.60357 ], [ 7.16502, 51.60134 ], [ 7.16705, 51.60173 ], [ 7.16876, 51.59939 ], [ 7.17228, 51.59775 ], [ 7.17, 51.59667 ], [ 7.1683, 51.59508 ], [ 7.16718, 51.58646 ], [ 7.16609, 51.58397 ], [ 7.16796, 51.58405 ], [ 7.16894, 51.57852 ], [ 7.1718, 51.5714 ], [ 7.17538, 51.55925 ], [ 7.17758, 51.55474 ], [ 7.17969, 51.55269 ], [ 7.198, 51.5572 ], [ 7.20359, 51.55947 ], [ 7.20634, 51.56023 ], [ 7.20714, 51.55939 ], [ 7.20914, 51.55947 ], [ 7.20949, 51.55924 ], [ 7.21583, 51.56084 ], [ 7.21538, 51.56192 ], [ 7.2213, 51.56304 ], [ 7.22466, 51.56402 ], [ 7.22942, 51.56629 ], [ 7.23451, 51.57034 ], [ 7.23678, 51.57161 ], [ 7.25125, 51.57618 ], [ 7.25277, 51.57743 ], [ 7.25519, 51.58126 ], [ 7.25669, 51.58231 ], [ 7.2582, 51.58277 ], [ 7.2602, 51.58286 ], [ 7.26449, 51.58162 ], [ 7.26647, 51.5816 ], [ 7.2831, 51.58658 ], [ 7.28515, 51.58762 ], [ 7.28858, 51.5908 ], [ 7.29173, 51.5924 ], [ 7.29414, 51.59474 ], [ 7.29621, 51.59511 ], [ 7.2948, 51.59532 ], [ 7.29452, 51.59635 ], [ 7.29509, 51.5966 ], [ 7.29449, 51.59764 ], [ 7.29355, 51.5974 ], [ 7.293, 51.59938 ], [ 7.29174, 51.59881 ], [ 7.29119, 51.60097 ], [ 7.28939, 51.60103 ], [ 7.29003, 51.60189 ], [ 7.28808, 51.60267 ], [ 7.28515, 51.60232 ], [ 7.28511, 51.60312 ], [ 7.28483, 51.60314 ], [ 7.28548, 51.60415 ], [ 7.28498, 51.60496 ], [ 7.28007, 51.60562 ], [ 7.27994, 51.60611 ], [ 7.2809, 51.60876 ], [ 7.28482, 51.61037 ], [ 7.29384, 51.6133 ], [ 7.29357, 51.61362 ], [ 7.29218, 51.61321 ], [ 7.2924, 51.61428 ], [ 7.2914, 51.61674 ], [ 7.2908, 51.62067 ], [ 7.28239, 51.62066 ], [ 7.27829, 51.61957 ], [ 7.27761, 51.62026 ], [ 7.2756, 51.61995 ], [ 7.27387, 51.62025 ], [ 7.27398, 51.62143 ], [ 7.2715, 51.62201 ], [ 7.27207, 51.62394 ] ] ] } },
{ "type": "Feature", "properties": { "stadt": "Reutlingen" }, "geometry": { "type": "MultiPolygon", "coordinates": [ [ [ [ 9.24449, 48.53141 ], [ 9.24364, 48.53214 ], [ 9.24201, 48.5324 ], [ 9.24209, 48.53282 ], [ 9.24171, 48.53318 ], [ 9.23855, 48.5344 ], [ 9.23894, 48.53493 ], [ 9.23831, 48.53585 ], [ 9.24035, 48.53672 ], [ 9.23947, 48.53687 ], [ 9.23964, 48.53823 ], [ 9.24355, 48.54134 ], [ 9.24534, 48.54389 ], [ 9.24449, 48.54522 ], [ 9.24267, 48.54646 ], [ 9.24113, 48.5463 ], [ 9.23959, 48.55159 ], [ 9.24095, 48.55178 ], [ 9.24117, 48.55118 ], [ 9.24174, 48.55104 ], [ 9.24208, 48.55049 ], [ 9.24362, 48.55017 ], [ 9.24631, 48.55026 ], [ 9.24682, 48.55042 ], [ 9.24704, 48.55124 ], [ 9.24797, 48.55168 ], [ 9.24835, 48.55222 ], [ 9.24951, 48.55244 ], [ 9.2507, 48.55225 ], [ 9.25103, 48.55254 ], [ 9.25102, 48.55318 ], [ 9.24972, 48.55295 ], [ 9.24702, 48.55708 ], [ 9.24683, 48.55751 ], [ 9.24706, 48.55906 ], [ 9.24651, 48.56168 ], [ 9.24747, 48.56119 ], [ 9.24847, 48.56134 ], [ 9.24782, 48.56255 ], [ 9.24933, 48.56255 ], [ 9.25073, 48.5631 ], [ 9.25134, 48.5638 ], [ 9.25238, 48.56377 ], [ 9.25258, 48.56446 ], [ 9.25376, 48.56465 ], [ 9.25383, 48.56524 ], [ 9.2557, 48.56622 ], [ 9.25374, 48.56936 ], [ 9.25328, 48.56922 ], [ 9.25247, 48.57055 ], [ 9.25457, 48.57108 ], [ 9.25322, 48.57256 ], [ 9.25223, 48.57197 ], [ 9.25002, 48.57362 ], [ 9.25023, 48.57373 ], [ 9.24805, 48.57489 ], [ 9.24743, 48.57448 ], [ 9.24162, 48.57644 ], [ 9.24117, 48.57861 ], [ 9.23744, 48.57847 ], [ 9.23646, 48.57444 ], [ 9.23498, 48.57485 ], [ 9.2326, 48.57254 ], [ 9.23194, 48.57148 ], [ 9.22946, 48.57229 ], [ 9.22896, 48.57111 ], [ 9.22871, 48.56839 ], [ 9.22799, 48.56778 ], [ 9.22515, 48.56632 ], [ 9.22335, 48.56756 ], [ 9.22207, 48.56688 ], [ 9.22233, 48.56674 ], [ 9.22157, 48.5664 ], [ 9.22078, 48.56538 ], [ 9.21776, 48.56389 ], [ 9.21784, 48.56351 ], [ 9.21575, 48.5629 ], [ 9.21436, 48.56187 ], [ 9.21443, 48.56134 ], [ 9.21726, 48.56016 ], [ 9.22036, 48.55748 ], [ 9.22112, 48.5549 ], [ 9.22091, 48.55408 ], [ 9.22018, 48.55347 ], [ 9.21899, 48.55335 ], [ 9.21515, 48.55387 ], [ 9.21364, 48.55355 ], [ 9.21333, 48.554 ], [ 9.211, 48.55391 ], [ 9.21092, 48.55273 ], [ 9.20653, 48.55264 ], [ 9.20354, 48.55291 ], [ 9.20131, 48.55387 ], [ 9.19977, 48.55558 ], [ 9.19852, 48.55607 ], [ 9.19758, 48.55636 ], [ 9.19448, 48.55623 ], [ 9.19425, 48.55492 ], [ 9.19089, 48.55468 ], [ 9.18845, 48.55324 ], [ 9.18807, 48.55343 ], [ 9.18357, 48.55118 ], [ 9.18309, 48.55198 ], [ 9.18062, 48.55176 ], [ 9.18042, 48.55105 ], [ 9.17834, 48.55137 ], [ 9.17668, 48.55118 ], [ 9.17151, 48.54963 ], [ 9.17264, 48.54696 ], [ 9.17077, 48.5459 ], [ 9.17408, 48.54277 ], [ 9.17578, 48.53887 ], [ 9.17396, 48.5371 ], [ 9.17472, 48.53675 ], [ 9.17335, 48.53527 ], [ 9.17448, 48.53429 ], [ 9.17259, 48.53385 ], [ 9.1735, 48.53268 ], [ 9.1725, 48.53244 ], [ 9.1731, 48.53163 ], [ 9.17243, 48.53146 ], [ 9.17293, 48.5308 ], [ 9.17271, 48.53078 ], [ 9.17303, 48.52995 ], [ 9.17202, 48.52973 ], [ 9.17345, 48.52756 ], [ 9.16847, 48.52404 ], [ 9.16616, 48.5231 ], [ 9.16434, 48.52299 ], [ 9.16608, 48.52036 ], [ 9.16916, 48.51751 ], [ 9.16841, 48.51725 ], [ 9.16882, 48.51674 ], [ 9.16837, 48.51642 ], [ 9.16856, 48.51608 ], [ 9.16778, 48.5157 ], [ 9.16851, 48.51444 ], [ 9.16818, 48.51427 ], [ 9.17016, 48.51068 ], [ 9.16909, 48.50958 ], [ 9.16936, 48.50937 ], [ 9.16825, 48.50867 ], [ 9.16497, 48.50834 ], [ 9.16316, 48.50772 ], [ 9.16284, 48.5061 ], [ 9.16381, 48.50559 ], [ 9.1632, 48.50516 ], [ 9.16285, 48.5056 ], [ 9.16202, 48.50531 ], [ 9.16062, 48.50597 ], [ 9.15906, 48.50539 ], [ 9.16072, 48.50405 ], [ 9.15948, 48.50367 ], [ 9.1565, 48.50521 ], [ 9.15643, 48.50455 ], [ 9.15748, 48.50354 ], [ 9.1568, 48.50275 ], [ 9.15858, 48.50138 ], [ 9.15947, 48.50106 ], [ 9.15273, 48.5003 ], [ 9.15235, 48.50075 ], [ 9.14813, 48.50043 ], [ 9.14844, 48.49918 ], [ 9.15, 48.49643 ], [ 9.15076, 48.49573 ], [ 9.15179, 48.49562 ], [ 9.15246, 48.49474 ], [ 9.15387, 48.49391 ], [ 9.15265, 48.49288 ], [ 9.15337, 48.4922 ], [ 9.14547, 48.48957 ], [ 9.1438, 48.49003 ], [ 9.14306, 48.48987 ], [ 9.14123, 48.48923 ], [ 9.13656, 48.48634 ], [ 9.12639, 48.48291 ], [ 9.12661, 48.48263 ], [ 9.12543, 48.48197 ], [ 9.12728, 48.47973 ], [ 9.1253, 48.47799 ], [ 9.12226, 48.47717 ], [ 9.12281, 48.47561 ], [ 9.12003, 48.47541 ], [ 9.12031, 48.47354 ], [ 9.12357, 48.47373 ], [ 9.12379, 48.47335 ], [ 9.12321, 48.47311 ], [ 9.1236, 48.47232 ], [ 9.12474, 48.47247 ], [ 9.12578, 48.47094 ], [ 9.12912, 48.47035 ], [ 9.13182, 48.47044 ], [ 9.1325, 48.47008 ], [ 9.1331, 48.46884 ], [ 9.13349, 48.46865 ], [ 9.13581, 48.46858 ], [ 9.13857, 48.46897 ], [ 9.139, 48.46803 ], [ 9.13728, 48.46578 ], [ 9.13764, 48.46517 ], [ 9.13728, 48.4646 ], [ 9.13634, 48.46426 ], [ 9.13607, 48.46361 ], [ 9.13645, 48.46165 ], [ 9.13617, 48.4608 ], [ 9.13481, 48.45985 ], [ 9.1343, 48.45863 ], [ 9.13467, 48.45811 ], [ 9.13528, 48.45828 ], [ 9.1365, 48.45769 ], [ 9.13928, 48.45724 ], [ 9.13948, 48.45681 ], [ 9.13662, 48.45601 ], [ 9.13311, 48.45392 ], [ 9.13245, 48.4522 ], [ 9.13045, 48.45234 ], [ 9.12948, 48.45063 ], [ 9.12679, 48.44932 ], [ 9.12645, 48.44764 ], [ 9.12588, 48.44773 ], [ 9.12505, 48.44695 ], [ 9.12438, 48.44718 ], [ 9.1234, 48.44694 ], [ 9.1197, 48.44476 ], [ 9.1215, 48.44356 ], [ 9.1222, 48.44255 ], [ 9.11797, 48.43975 ], [ 9.11777, 48.43928 ], [ 9.11854, 48.43811 ], [ 9.11722, 48.43752 ], [ 9.11487, 48.43515 ], [ 9.11934, 48.43289 ], [ 9.12112, 48.43283 ], [ 9.12085, 48.43093 ], [ 9.1194, 48.43029 ], [ 9.1174, 48.43 ], [ 9.1167, 48.42941 ], [ 9.11654, 48.4285 ], [ 9.11684, 48.42779 ], [ 9.11858, 48.42596 ], [ 9.12301, 48.42366 ], [ 9.1253, 48.42203 ], [ 9.12298, 48.42019 ], [ 9.12399, 48.41929 ], [ 9.12492, 48.41926 ], [ 9.12763, 48.42072 ], [ 9.13001, 48.42014 ], [ 9.13232, 48.41915 ], [ 9.13334, 48.41815 ], [ 9.1366, 48.41631 ], [ 9.13766, 48.41622 ], [ 9.13933, 48.41664 ], [ 9.14175, 48.41566 ], [ 9.1421, 48.41506 ], [ 9.14445, 48.41398 ], [ 9.14427, 48.413 ], [ 9.14449, 48.41268 ], [ 9.14567, 48.41271 ], [ 9.14601, 48.41402 ], [ 9.1493, 48.41564 ], [ 9.15039, 48.41719 ], [ 9.15045, 48.41877 ], [ 9.16682, 48.42209 ], [ 9.16758, 48.41992 ], [ 9.16844, 48.41928 ], [ 9.17291, 48.42074 ], [ 9.17488, 48.41908 ], [ 9.17716, 48.41821 ], [ 9.17916, 48.4191 ], [ 9.1783, 48.42069 ], [ 9.17896, 48.42092 ], [ 9.18004, 48.41971 ], [ 9.18288, 48.42168 ], [ 9.18591, 48.42234 ], [ 9.1903, 48.4243 ], [ 9.19065, 48.424 ], [ 9.18867, 48.42241 ], [ 9.18953, 48.4219 ], [ 9.18922, 48.42128 ], [ 9.19046, 48.42054 ], [ 9.19124, 48.41791 ], [ 9.19225, 48.4172 ], [ 9.19411, 48.4201 ], [ 9.19463, 48.42038 ], [ 9.20414, 48.42045 ], [ 9.2093, 48.41959 ], [ 9.20746, 48.423 ], [ 9.20468, 48.42427 ], [ 9.19917, 48.426 ], [ 9.19985, 48.42757 ], [ 9.19683, 48.4301 ], [ 9.19618, 48.43031 ], [ 9.19497, 48.42992 ], [ 9.19146, 48.42816 ], [ 9.1887, 48.42744 ], [ 9.18522, 48.42843 ], [ 9.18265, 48.42955 ], [ 9.18077, 48.43121 ], [ 9.17619, 48.43323 ], [ 9.17539, 48.43391 ], [ 9.17521, 48.43481 ], [ 9.1735, 48.43544 ], [ 9.1726, 48.43674 ], [ 9.17184, 48.43646 ], [ 9.1706, 48.43731 ], [ 9.17021, 48.43792 ], [ 9.17108, 48.43814 ], [ 9.16968, 48.44092 ], [ 9.16987, 48.4423 ], [ 9.16906, 48.44344 ], [ 9.16802, 48.44411 ], [ 9.16962, 48.44657 ], [ 9.16947, 48.44905 ], [ 9.17136, 48.45039 ], [ 9.17202, 48.45322 ], [ 9.17129, 48.45403 ], [ 9.17036, 48.45616 ], [ 9.17138, 48.45666 ], [ 9.1721, 48.45805 ], [ 9.17401, 48.45924 ], [ 9.17749, 48.46013 ], [ 9.17913, 48.46026 ], [ 9.18121, 48.45953 ], [ 9.18264, 48.45947 ], [ 9.18387, 48.45955 ], [ 9.1874, 48.46093 ], [ 9.19154, 48.46053 ], [ 9.19365, 48.46242 ], [ 9.1931, 48.46366 ], [ 9.19332, 48.46373 ], [ 9.19218, 48.46777 ], [ 9.19345, 48.47012 ], [ 9.1954, 48.46963 ], [ 9.19808, 48.4704 ], [ 9.19869, 48.47025 ], [ 9.19867, 48.46972 ], [ 9.19781, 48.4688 ], [ 9.1979, 48.46833 ], [ 9.19965, 48.46748 ], [ 9.20011, 48.46807 ], [ 9.20086, 48.46781 ], [ 9.20311, 48.46594 ], [ 9.20362, 48.46602 ], [ 9.20342, 48.46668 ], [ 9.20563, 48.46686 ], [ 9.20697, 48.46741 ], [ 9.20737, 48.4671 ], [ 9.20768, 48.46774 ], [ 9.20865, 48.46741 ], [ 9.20918, 48.46776 ], [ 9.20814, 48.46831 ], [ 9.20925, 48.46895 ], [ 9.20829, 48.46995 ], [ 9.20858, 48.47083 ], [ 9.20825, 48.47208 ], [ 9.20843, 48.47266 ], [ 9.20921, 48.47334 ], [ 9.20987, 48.47346 ], [ 9.21103, 48.47309 ], [ 9.21254, 48.47349 ], [ 9.21351, 48.47334 ], [ 9.2139, 48.47395 ], [ 9.21515, 48.47343 ], [ 9.21566, 48.47281 ], [ 9.21826, 48.47543 ], [ 9.21941, 48.47549 ], [ 9.21955, 48.47742 ], [ 9.22019, 48.47875 ], [ 9.22085, 48.47873 ], [ 9.22034, 48.47931 ], [ 9.22076, 48.48044 ], [ 9.22176, 48.48172 ], [ 9.22185, 48.48233 ], [ 9.2215, 48.48303 ], [ 9.22372, 48.48345 ], [ 9.22371, 48.48449 ], [ 9.22704, 48.48365 ], [ 9.2304, 48.48221 ], [ 9.23219, 48.48346 ], [ 9.23445, 48.48666 ], [ 9.23909, 48.48695 ], [ 9.23997, 48.48765 ], [ 9.24089, 48.48769 ], [ 9.2436, 48.48882 ], [ 9.2449, 48.48987 ], [ 9.24532, 48.49045 ], [ 9.24539, 48.49201 ], [ 9.24761, 48.49289 ], [ 9.24782, 48.49364 ], [ 9.24697, 48.49514 ], [ 9.24684, 48.49602 ], [ 9.24581, 48.49686 ], [ 9.24701, 48.49806 ], [ 9.24539, 48.4984 ], [ 9.24474, 48.49892 ], [ 9.24327, 48.50108 ], [ 9.24463, 48.50243 ], [ 9.24453, 48.50295 ], [ 9.24795, 48.50296 ], [ 9.24822, 48.50276 ], [ 9.2475, 48.50265 ], [ 9.24768, 48.50223 ], [ 9.24915, 48.50276 ], [ 9.2495, 48.50357 ], [ 9.25119, 48.50513 ], [ 9.25128, 48.50674 ], [ 9.25193, 48.50712 ], [ 9.252, 48.50788 ], [ 9.25271, 48.50853 ], [ 9.25258, 48.51028 ], [ 9.25304, 48.51167 ], [ 9.2525, 48.5128 ], [ 9.25141, 48.51338 ], [ 9.25103, 48.51405 ], [ 9.25191, 48.51426 ], [ 9.25323, 48.51536 ], [ 9.25388, 48.51671 ], [ 9.25513, 48.51822 ], [ 9.25376, 48.51852 ], [ 9.25265, 48.52047 ], [ 9.25058, 48.52137 ], [ 9.24717, 48.5237 ], [ 9.24616, 48.52542 ], [ 9.24794, 48.52798 ], [ 9.24788, 48.52831 ], [ 9.2459, 48.5308 ], [ 9.24449, 48.53141 ] ] ], [ [ [ 9.14664, 48.54258 ], [ 9.15051, 48.54513 ], [ 9.14927, 48.54632 ], [ 9.14963, 48.54645 ], [ 9.14911, 48.54739 ], [ 9.14493, 48.54711 ], [ 9.14664, 48.54258 ] ] ], [ [ [ 9.16999, 48.54939 ], [ 9.17036, 48.55085 ], [ 9.16315, 48.55035 ], [ 9.1622, 48.55219 ], [ 9.15226, 48.55592 ], [ 9.1507, 48.55065 ], [ 9.15185, 48.54711 ], [ 9.14986, 48.54653 ], [ 9.15097, 48.54535 ], [ 9.15703, 48.54588 ], [ 9.16999, 48.54939 ] ] ] ] } },
{ "type": "Feature", "properties": { "stadt": "Jena" }, "geometry": { "type": "Polygon", "coordinates": [ [ [ 11.5073, 50.92178 ], [ 11.5054, 50.92115 ], [ 11.50611, 50.92075 ], [ 11.5075, 50.91852 ], [ 11.50826, 50.91856 ], [ 11.51021, 50.91661 ], [ 11.50818, 50.91402 ], [ 11.50776, 50.9118 ], [ 11.50467, 50.90726 ], [ 11.50422, 50.90585 ], [ 11.50712, 50.90669 ], [ 11.50888, 50.90675 ], [ 11.51179, 50.9063 ], [ 11.51406, 50.90379 ], [ 11.52195, 50.90573 ], [ 11.52363, 50.9047 ], [ 11.5229, 50.90388 ], [ 11.52792, 50.90226 ], [ 11.53399, 50.90143 ], [ 11.54056, 50.90162 ], [ 11.54109, 50.9011 ], [ 11.54084, 50.89917 ], [ 11.54036, 50.89817 ], [ 11.54177, 50.89785 ], [ 11.54074, 50.89694 ], [ 11.54038, 50.89605 ], [ 11.54263, 50.89594 ], [ 11.5449, 50.89534 ], [ 11.5477, 50.89637 ], [ 11.54901, 50.89621 ], [ 11.54965, 50.89576 ], [ 11.55, 50.8957 ], [ 11.55027, 50.89604 ], [ 11.55067, 50.89576 ], [ 11.55145, 50.89631 ], [ 11.55175, 50.89607 ], [ 11.55439, 50.89703 ], [ 11.55513, 50.89557 ], [ 11.55407, 50.89433 ], [ 11.5521, 50.89306 ], [ 11.55481, 50.89178 ], [ 11.55427, 50.89144 ], [ 11.55867, 50.8904 ], [ 11.55911, 50.88996 ], [ 11.55839, 50.88909 ], [ 11.56121, 50.88873 ], [ 11.56031, 50.88799 ], [ 11.5615, 50.88718 ], [ 11.56149, 50.88635 ], [ 11.56025, 50.88559 ], [ 11.55913, 50.88421 ], [ 11.55898, 50.88244 ], [ 11.5595, 50.88153 ], [ 11.56194, 50.88007 ], [ 11.56315, 50.87799 ], [ 11.56397, 50.8757 ], [ 11.56406, 50.87434 ], [ 11.56145, 50.87462 ], [ 11.56053, 50.87399 ], [ 11.56071, 50.8727 ], [ 11.56036, 50.87191 ], [ 11.55985, 50.87162 ], [ 11.55884, 50.87144 ], [ 11.55728, 50.87168 ], [ 11.55617, 50.87069 ], [ 11.55524, 50.87084 ], [ 11.55434, 50.87019 ], [ 11.55228, 50.87036 ], [ 11.55221, 50.86984 ], [ 11.54944, 50.86868 ], [ 11.54452, 50.86854 ], [ 11.54002, 50.86905 ], [ 11.53714, 50.86876 ], [ 11.53479, 50.87008 ], [ 11.53476, 50.87046 ], [ 11.52958, 50.86969 ], [ 11.52966, 50.86883 ], [ 11.52997, 50.86886 ], [ 11.53082, 50.86598 ], [ 11.52665, 50.86344 ], [ 11.52825, 50.86225 ], [ 11.5315, 50.86303 ], [ 11.53549, 50.86261 ], [ 11.53522, 50.86207 ], [ 11.53586, 50.86189 ], [ 11.54112, 50.86214 ], [ 11.5417, 50.86261 ], [ 11.54449, 50.86184 ], [ 11.54749, 50.85942 ], [ 11.55018, 50.85883 ], [ 11.55306, 50.85912 ], [ 11.55343, 50.85839 ], [ 11.55927, 50.85948 ], [ 11.55986, 50.85695 ], [ 11.56409, 50.85608 ], [ 11.57149, 50.85742 ], [ 11.5937, 50.85978 ], [ 11.60518, 50.86151 ], [ 11.61031, 50.86286 ], [ 11.61291, 50.86406 ], [ 11.60958, 50.86694 ], [ 11.60729, 50.8692 ], [ 11.60713, 50.86971 ], [ 11.60797, 50.87173 ], [ 11.60782, 50.87285 ], [ 11.61113, 50.87219 ], [ 11.61115, 50.873 ], [ 11.61166, 50.87342 ], [ 11.60944, 50.8739 ], [ 11.60932, 50.87572 ], [ 11.6107, 50.87519 ], [ 11.61412, 50.87514 ], [ 11.62015, 50.87583 ], [ 11.62164, 50.8762 ], [ 11.62308, 50.87787 ], [ 11.62422, 50.8774 ], [ 11.62795, 50.8773 ], [ 11.63111, 50.8768 ], [ 11.63124, 50.87704 ], [ 11.63291, 50.87663 ], [ 11.63345, 50.87621 ], [ 11.63542, 50.87588 ], [ 11.63534, 50.8755 ], [ 11.63757, 50.87526 ], [ 11.6373, 50.87856 ], [ 11.64307, 50.88007 ], [ 11.64333, 50.88062 ], [ 11.64377, 50.87959 ], [ 11.64455, 50.88007 ], [ 11.64526, 50.8827 ], [ 11.64621, 50.88284 ], [ 11.64624, 50.88324 ], [ 11.64806, 50.88341 ], [ 11.64692, 50.88157 ], [ 11.64787, 50.88073 ], [ 11.65003, 50.8822 ], [ 11.65155, 50.88123 ], [ 11.65017, 50.88028 ], [ 11.65226, 50.87956 ], [ 11.65451, 50.88054 ], [ 11.65546, 50.87899 ], [ 11.65961, 50.88039 ], [ 11.66361, 50.88092 ], [ 11.66189, 50.88429 ], [ 11.66115, 50.88513 ], [ 11.66222, 50.88574 ], [ 11.66091, 50.88744 ], [ 11.65981, 50.89178 ], [ 11.64885, 50.89135 ], [ 11.64617, 50.89909 ], [ 11.64642, 50.90154 ], [ 11.6503, 50.90219 ], [ 11.65216, 50.90392 ], [ 11.6577, 50.90736 ], [ 11.65744, 50.9089 ], [ 11.65616, 50.91047 ], [ 11.6573, 50.91169 ], [ 11.66597, 50.91249 ], [ 11.66358, 50.91437 ], [ 11.6667, 50.91572 ], [ 11.66762, 50.91753 ], [ 11.66547, 50.91738 ], [ 11.66493, 50.91853 ], [ 11.66236, 50.918 ], [ 11.66182, 50.919 ], [ 11.67083, 50.92068 ], [ 11.67024, 50.92527 ], [ 11.669, 50.928 ], [ 11.66826, 50.93214 ], [ 11.66733, 50.9345 ], [ 11.66706, 50.93819 ], [ 11.66519, 50.93856 ], [ 11.6656, 50.93887 ], [ 11.6658, 50.93971 ], [ 11.66651, 50.94032 ], [ 11.66909, 50.94176 ], [ 11.66914, 50.94355 ], [ 11.66979, 50.94668 ], [ 11.6725, 50.94935 ], [ 11.67296, 50.95026 ], [ 11.67299, 50.95141 ], [ 11.66952, 50.9531 ], [ 11.66991, 50.95365 ], [ 11.66706, 50.95351 ], [ 11.66714, 50.95415 ], [ 11.66804, 50.95502 ], [ 11.66614, 50.9551 ], [ 11.66729, 50.95625 ], [ 11.66726, 50.95664 ], [ 11.66582, 50.95775 ], [ 11.663, 50.95789 ], [ 11.66207, 50.95969 ], [ 11.66142, 50.95991 ], [ 11.66105, 50.96054 ], [ 11.6585, 50.96114 ], [ 11.65748, 50.96075 ], [ 11.65681, 50.96114 ], [ 11.65563, 50.96099 ], [ 11.65454, 50.96202 ], [ 11.65288, 50.96249 ], [ 11.65088, 50.96208 ], [ 11.64913, 50.96111 ], [ 11.64661, 50.96087 ], [ 11.64659, 50.96153 ], [ 11.65012, 50.96224 ], [ 11.65012, 50.96279 ], [ 11.65209, 50.96342 ], [ 11.65167, 50.96375 ], [ 11.65261, 50.96413 ], [ 11.64972, 50.96733 ], [ 11.64998, 50.9676 ], [ 11.64821, 50.96903 ], [ 11.64705, 50.96951 ], [ 11.64612, 50.96794 ], [ 11.6459, 50.96605 ], [ 11.6436, 50.96467 ], [ 11.64272, 50.96479 ], [ 11.64119, 50.96588 ], [ 11.6388, 50.96671 ], [ 11.63742, 50.96805 ], [ 11.63639, 50.96792 ], [ 11.63428, 50.9665 ], [ 11.63393, 50.96676 ], [ 11.63558, 50.9687 ], [ 11.62901, 50.97218 ], [ 11.62298, 50.97387 ], [ 11.61728, 50.97682 ], [ 11.61367, 50.9746 ], [ 11.61205, 50.97394 ], [ 11.60565, 50.97204 ], [ 11.60071, 50.97094 ], [ 11.59552, 50.97058 ], [ 11.59283, 50.97505 ], [ 11.58588, 50.97234 ], [ 11.58516, 50.97317 ], [ 11.58086, 50.97326 ], [ 11.58197, 50.97091 ], [ 11.57498, 50.96924 ], [ 11.56709, 50.96615 ], [ 11.56322, 50.96999 ], [ 11.56189, 50.96946 ], [ 11.56032, 50.97195 ], [ 11.55887, 50.97147 ], [ 11.55671, 50.97699 ], [ 11.55105, 50.98334 ], [ 11.55168, 50.98366 ], [ 11.54751, 50.9889 ], [ 11.54638, 50.98866 ], [ 11.54692, 50.98707 ], [ 11.53957, 50.98551 ], [ 11.54019, 50.98464 ], [ 11.53185, 50.98295 ], [ 11.5315, 50.98345 ], [ 11.52937, 50.98278 ], [ 11.52965, 50.98228 ], [ 11.52828, 50.98194 ], [ 11.52903, 50.98091 ], [ 11.52486, 50.98022 ], [ 11.5264, 50.97761 ], [ 11.52539, 50.97733 ], [ 11.52616, 50.97583 ], [ 11.52424, 50.97543 ], [ 11.52471, 50.9747 ], [ 11.5235, 50.97448 ], [ 11.52474, 50.97278 ], [ 11.5235, 50.97261 ], [ 11.52367, 50.97176 ], [ 11.52271, 50.97149 ], [ 11.52299, 50.97077 ], [ 11.50777, 50.96694 ], [ 11.50346, 50.96689 ], [ 11.50306, 50.96496 ], [ 11.50485, 50.96491 ], [ 11.50529, 50.96254 ], [ 11.50374, 50.96244 ], [ 11.50425, 50.96138 ], [ 11.50279, 50.96139 ], [ 11.50321, 50.95922 ], [ 11.5011, 50.95922 ], [ 11.50022, 50.95731 ], [ 11.5008, 50.95369 ], [ 11.49961, 50.95342 ], [ 11.4998, 50.95264 ], [ 11.49896, 50.95242 ], [ 11.4994, 50.95002 ], [ 11.50081, 50.94805 ], [ 11.50229, 50.94473 ], [ 11.50714, 50.94541 ], [ 11.5139, 50.94749 ], [ 11.5144, 50.94702 ], [ 11.52078, 50.94781 ], [ 11.52136, 50.94572 ], [ 11.5252, 50.94634 ], [ 11.52671, 50.94597 ], [ 11.5324, 50.94589 ], [ 11.53359, 50.94508 ], [ 11.53327, 50.94369 ], [ 11.53375, 50.94291 ], [ 11.54462, 50.94037 ], [ 11.54515, 50.93881 ], [ 11.54001, 50.9383 ], [ 11.53982, 50.9386 ], [ 11.53843, 50.93884 ], [ 11.53513, 50.93893 ], [ 11.53168, 50.93855 ], [ 11.52357, 50.94009 ], [ 11.51942, 50.93909 ], [ 11.51629, 50.93901 ], [ 11.51655, 50.93676 ], [ 11.50721, 50.93662 ], [ 11.50757, 50.93337 ], [ 11.50374, 50.93262 ], [ 11.50446, 50.93072 ], [ 11.50648, 50.92728 ], [ 11.50642, 50.9251 ], [ 11.50673, 50.92309 ], [ 11.5073, 50.92178 ] ] ] } },
{ "type": "Feature", "properties": { "stadt": "Koblenz" }, "geometry": { "type": "Polygon", "coordinates": [ [ [ 7.6672, 50.34552 ], [ 7.67138, 50.34757 ], [ 7.67123, 50.34911 ], [ 7.67475, 50.35035 ], [ 7.67862, 50.35296 ], [ 7.68095, 50.35536 ], [ 7.68126, 50.35679 ], [ 7.68079, 50.35834 ], [ 7.681, 50.36033 ], [ 7.68774, 50.36009 ], [ 7.69, 50.35944 ], [ 7.69142, 50.36057 ], [ 7.69117, 50.36076 ], [ 7.69214, 50.36229 ], [ 7.69644, 50.36639 ], [ 7.69397, 50.36612 ], [ 7.69187, 50.36641 ], [ 7.69021, 50.3668 ], [ 7.68776, 50.36806 ], [ 7.68698, 50.36773 ], [ 7.6847, 50.3685 ], [ 7.68511, 50.36967 ], [ 7.68491, 50.37147 ], [ 7.68647, 50.3735 ], [ 7.66678, 50.37902 ], [ 7.66723, 50.38073 ], [ 7.66629, 50.38156 ], [ 7.66445, 50.38161 ], [ 7.6645, 50.38116 ], [ 7.66106, 50.38134 ], [ 7.66025, 50.3818 ], [ 7.65664, 50.38249 ], [ 7.65389, 50.38098 ], [ 7.65015, 50.38031 ], [ 7.6497, 50.38006 ], [ 7.64978, 50.37967 ], [ 7.6487, 50.37987 ], [ 7.64828, 50.37944 ], [ 7.64869, 50.37918 ], [ 7.64473, 50.37809 ], [ 7.64491, 50.37784 ], [ 7.64417, 50.37744 ], [ 7.64569, 50.37672 ], [ 7.64613, 50.37588 ], [ 7.64531, 50.37519 ], [ 7.64524, 50.37383 ], [ 7.6445, 50.3741 ], [ 7.64352, 50.37322 ], [ 7.64315, 50.37241 ], [ 7.64215, 50.37265 ], [ 7.64158, 50.37153 ], [ 7.64014, 50.37178 ], [ 7.6407, 50.37347 ], [ 7.63796, 50.37394 ], [ 7.63784, 50.37357 ], [ 7.63723, 50.3737 ], [ 7.63666, 50.37434 ], [ 7.63463, 50.37513 ], [ 7.62809, 50.37584 ], [ 7.62813, 50.3756 ], [ 7.62773, 50.37561 ], [ 7.62788, 50.37489 ], [ 7.62391, 50.37462 ], [ 7.62344, 50.37413 ], [ 7.62348, 50.37316 ], [ 7.62376, 50.37301 ], [ 7.62097, 50.37143 ], [ 7.61937, 50.37181 ], [ 7.61821, 50.37354 ], [ 7.61727, 50.37343 ], [ 7.61769, 50.37356 ], [ 7.61699, 50.37422 ], [ 7.61716, 50.37437 ], [ 7.61296, 50.37514 ], [ 7.61506, 50.38113 ], [ 7.60782, 50.38835 ], [ 7.60048, 50.3933 ], [ 7.5841, 50.40128 ], [ 7.57924, 50.40399 ], [ 7.57835, 50.4046 ], [ 7.57729, 50.40595 ], [ 7.5741, 50.40836 ], [ 7.57333, 50.40969 ], [ 7.56122, 50.40095 ], [ 7.55697, 50.39843 ], [ 7.55147, 50.39581 ], [ 7.54775, 50.39474 ], [ 7.54483, 50.3944 ], [ 7.54192, 50.39456 ], [ 7.53903, 50.39535 ], [ 7.54114, 50.3941 ], [ 7.54156, 50.39341 ], [ 7.54155, 50.39237 ], [ 7.53895, 50.38679 ], [ 7.53685, 50.38499 ], [ 7.53409, 50.38431 ], [ 7.53266, 50.38354 ], [ 7.53142, 50.38344 ], [ 7.52802, 50.38192 ], [ 7.5275, 50.38209 ], [ 7.52611, 50.38148 ], [ 7.52269, 50.38128 ], [ 7.51995, 50.38187 ], [ 7.51637, 50.38156 ], [ 7.51223, 50.38174 ], [ 7.51029, 50.37941 ], [ 7.50768, 50.37711 ], [ 7.5085, 50.37675 ], [ 7.50372, 50.37345 ], [ 7.50151, 50.37296 ], [ 7.50066, 50.3723 ], [ 7.5012, 50.37196 ], [ 7.49609, 50.36888 ], [ 7.49613, 50.36858 ], [ 7.49466, 50.36747 ], [ 7.49436, 50.36761 ], [ 7.49204, 50.36603 ], [ 7.49168, 50.36625 ], [ 7.48942, 50.36481 ], [ 7.4902, 50.36431 ], [ 7.48848, 50.3633 ], [ 7.48714, 50.36353 ], [ 7.48264, 50.36197 ], [ 7.48454, 50.36188 ], [ 7.48653, 50.36123 ], [ 7.48607, 50.36083 ], [ 7.48764, 50.36007 ], [ 7.48701, 50.35885 ], [ 7.48728, 50.35788 ], [ 7.48979, 50.35547 ], [ 7.48896, 50.35503 ], [ 7.48535, 50.35634 ], [ 7.48167, 50.35584 ], [ 7.47825, 50.35318 ], [ 7.48216, 50.34942 ], [ 7.48437, 50.34562 ], [ 7.49603, 50.34578 ], [ 7.49756, 50.34839 ], [ 7.50003, 50.34664 ], [ 7.49572, 50.34375 ], [ 7.49574, 50.34247 ], [ 7.49367, 50.34034 ], [ 7.49599, 50.3391 ], [ 7.49703, 50.33785 ], [ 7.4983, 50.33747 ], [ 7.49927, 50.33662 ], [ 7.49975, 50.33549 ], [ 7.50211, 50.33376 ], [ 7.50245, 50.33261 ], [ 7.50182, 50.33145 ], [ 7.50265, 50.33031 ], [ 7.50666, 50.32933 ], [ 7.50787, 50.32929 ], [ 7.50901, 50.32995 ], [ 7.51019, 50.33172 ], [ 7.51209, 50.33338 ], [ 7.51242, 50.33627 ], [ 7.5137, 50.33802 ], [ 7.51607, 50.33763 ], [ 7.51621, 50.3364 ], [ 7.51738, 50.3335 ], [ 7.51786, 50.33368 ], [ 7.51725, 50.3348 ], [ 7.52197, 50.33671 ], [ 7.52316, 50.33589 ], [ 7.52485, 50.33647 ], [ 7.52645, 50.33506 ], [ 7.52925, 50.33458 ], [ 7.52866, 50.33424 ], [ 7.53016, 50.33388 ], [ 7.52981, 50.33315 ], [ 7.53154, 50.33288 ], [ 7.5318, 50.33307 ], [ 7.53153, 50.33282 ], [ 7.53253, 50.33207 ], [ 7.53299, 50.33088 ], [ 7.53246, 50.32968 ], [ 7.53297, 50.32937 ], [ 7.53256, 50.32907 ], [ 7.53336, 50.32832 ], [ 7.53399, 50.32852 ], [ 7.53284, 50.32807 ], [ 7.53352, 50.32739 ], [ 7.53147, 50.32655 ], [ 7.53241, 50.32565 ], [ 7.53275, 50.32585 ], [ 7.53346, 50.32529 ], [ 7.53289, 50.32503 ], [ 7.53324, 50.32498 ], [ 7.53335, 50.32422 ], [ 7.53367, 50.32422 ], [ 7.53498, 50.3225 ], [ 7.53163, 50.32105 ], [ 7.52905, 50.31932 ], [ 7.52713, 50.31763 ], [ 7.523, 50.31308 ], [ 7.52111, 50.31157 ], [ 7.51814, 50.31003 ], [ 7.51367, 50.30836 ], [ 7.51398, 50.30781 ], [ 7.51656, 50.30664 ], [ 7.51724, 50.30573 ], [ 7.51744, 50.30345 ], [ 7.51706, 50.30261 ], [ 7.51783, 50.30202 ], [ 7.51583, 50.30205 ], [ 7.51544, 50.30164 ], [ 7.51769, 50.29986 ], [ 7.51822, 50.29743 ], [ 7.52008, 50.29731 ], [ 7.52118, 50.29637 ], [ 7.52136, 50.29565 ], [ 7.52089, 50.29426 ], [ 7.52114, 50.29395 ], [ 7.52201, 50.29339 ], [ 7.52526, 50.29232 ], [ 7.52585, 50.29037 ], [ 7.52805, 50.28957 ], [ 7.52826, 50.28908 ], [ 7.52801, 50.28846 ], [ 7.52892, 50.28848 ], [ 7.52969, 50.28916 ], [ 7.53146, 50.28828 ], [ 7.53238, 50.28606 ], [ 7.5374, 50.28554 ], [ 7.53945, 50.28569 ], [ 7.54015, 50.28668 ], [ 7.54131, 50.28755 ], [ 7.54677, 50.28928 ], [ 7.54721, 50.28809 ], [ 7.55019, 50.28739 ], [ 7.55591, 50.283 ], [ 7.56087, 50.28376 ], [ 7.56712, 50.28739 ], [ 7.57074, 50.28986 ], [ 7.5726, 50.29065 ], [ 7.57396, 50.29204 ], [ 7.57453, 50.29476 ], [ 7.57665, 50.29582 ], [ 7.58083, 50.29568 ], [ 7.58232, 50.29605 ], [ 7.58405, 50.29698 ], [ 7.58661, 50.29748 ], [ 7.58942, 50.29395 ], [ 7.5918, 50.29314 ], [ 7.59198, 50.29277 ], [ 7.59379, 50.29184 ], [ 7.59544, 50.29241 ], [ 7.59736, 50.29242 ], [ 7.59784, 50.29196 ], [ 7.59758, 50.29156 ], [ 7.59826, 50.29124 ], [ 7.60017, 50.29275 ], [ 7.60213, 50.29291 ], [ 7.60528, 50.29383 ], [ 7.60436, 50.29527 ], [ 7.6017, 50.29777 ], [ 7.60077, 50.29927 ], [ 7.59605, 50.30388 ], [ 7.59056, 50.3129 ], [ 7.58891, 50.32219 ], [ 7.59039, 50.32554 ], [ 7.59235, 50.32517 ], [ 7.60273, 50.3255 ], [ 7.61866, 50.32534 ], [ 7.627, 50.32357 ], [ 7.62816, 50.32376 ], [ 7.63045, 50.32343 ], [ 7.63753, 50.32499 ], [ 7.64019, 50.32706 ], [ 7.64266, 50.32715 ], [ 7.64527, 50.32644 ], [ 7.64754, 50.32511 ], [ 7.6501, 50.32443 ], [ 7.65226, 50.32466 ], [ 7.6537, 50.32584 ], [ 7.65788, 50.32811 ], [ 7.65909, 50.3293 ], [ 7.65882, 50.33139 ], [ 7.65961, 50.33229 ], [ 7.66154, 50.33256 ], [ 7.66295, 50.33448 ], [ 7.66417, 50.33756 ], [ 7.66658, 50.33945 ], [ 7.66499, 50.34115 ], [ 7.66653, 50.34178 ], [ 7.6672, 50.34552 ] ] ] } },
{ "type": "Feature", "properties": { "stadt": "Bergisch Gladbach" }, "geometry": { "type": "Polygon", "coordinates": [ [ [ 7.07111, 51.00529 ], [ 7.07606, 51.00199 ], [ 7.07552, 51.00105 ], [ 7.07257, 50.9996 ], [ 7.06845, 50.99578 ], [ 7.06677, 50.99359 ], [ 7.06758, 50.99357 ], [ 7.06899, 50.99153 ], [ 7.06962, 50.99163 ], [ 7.06982, 50.99134 ], [ 7.06904, 50.98948 ], [ 7.0814, 50.98865 ], [ 7.08413, 50.98778 ], [ 7.08802, 50.98793 ], [ 7.08793, 50.98565 ], [ 7.08956, 50.98643 ], [ 7.09146, 50.98627 ], [ 7.0923, 50.98587 ], [ 7.09386, 50.98587 ], [ 7.09431, 50.98552 ], [ 7.09624, 50.98553 ], [ 7.09632, 50.98498 ], [ 7.09684, 50.98492 ], [ 7.09695, 50.9843 ], [ 7.09607, 50.98365 ], [ 7.09579, 50.98277 ], [ 7.09379, 50.98253 ], [ 7.09598, 50.98206 ], [ 7.09664, 50.98135 ], [ 7.09925, 50.9816 ], [ 7.10006, 50.98098 ], [ 7.099, 50.97998 ], [ 7.09675, 50.97885 ], [ 7.09582, 50.9762 ], [ 7.09637, 50.97586 ], [ 7.0965, 50.97513 ], [ 7.09618, 50.97484 ], [ 7.09703, 50.97504 ], [ 7.09915, 50.97265 ], [ 7.0997, 50.97295 ], [ 7.10066, 50.97131 ], [ 7.10113, 50.96796 ], [ 7.09764, 50.96382 ], [ 7.09662, 50.96394 ], [ 7.09483, 50.96325 ], [ 7.09206, 50.96164 ], [ 7.09228, 50.96134 ], [ 7.09146, 50.96098 ], [ 7.09189, 50.96052 ], [ 7.08733, 50.95932 ], [ 7.08764, 50.95875 ], [ 7.08599, 50.95793 ], [ 7.0866, 50.95733 ], [ 7.0875, 50.95747 ], [ 7.0926, 50.95515 ], [ 7.09595, 50.95459 ], [ 7.09535, 50.95332 ], [ 7.09893, 50.95216 ], [ 7.09925, 50.95125 ], [ 7.09795, 50.95103 ], [ 7.09601, 50.95185 ], [ 7.0979, 50.94912 ], [ 7.1014, 50.94835 ], [ 7.10973, 50.94365 ], [ 7.11115, 50.94335 ], [ 7.11082, 50.94304 ], [ 7.11114, 50.94266 ], [ 7.11339, 50.9435 ], [ 7.11478, 50.94084 ], [ 7.11738, 50.9418 ], [ 7.11668, 50.94446 ], [ 7.1171, 50.94443 ], [ 7.11706, 50.94472 ], [ 7.11792, 50.94445 ], [ 7.11893, 50.94475 ], [ 7.11981, 50.94444 ], [ 7.12247, 50.94469 ], [ 7.12259, 50.94494 ], [ 7.12375, 50.94462 ], [ 7.12365, 50.94439 ], [ 7.12405, 50.94422 ], [ 7.12443, 50.9444 ], [ 7.12444, 50.94413 ], [ 7.12575, 50.94407 ], [ 7.12594, 50.94432 ], [ 7.12733, 50.94401 ], [ 7.12744, 50.94423 ], [ 7.12798, 50.94389 ], [ 7.12865, 50.94414 ], [ 7.12961, 50.94362 ], [ 7.13031, 50.94411 ], [ 7.13049, 50.94383 ], [ 7.131, 50.94412 ], [ 7.13173, 50.94359 ], [ 7.13348, 50.94438 ], [ 7.13417, 50.94425 ], [ 7.1346, 50.94491 ], [ 7.13541, 50.94484 ], [ 7.13509, 50.94508 ], [ 7.13676, 50.94501 ], [ 7.13658, 50.94516 ], [ 7.1369, 50.94535 ], [ 7.13796, 50.94554 ], [ 7.13776, 50.9457 ], [ 7.13801, 50.94589 ], [ 7.13919, 50.94549 ], [ 7.13952, 50.94625 ], [ 7.14028, 50.94629 ], [ 7.14061, 50.94669 ], [ 7.14151, 50.94684 ], [ 7.14157, 50.94655 ], [ 7.14271, 50.9464 ], [ 7.1432, 50.94598 ], [ 7.14467, 50.94639 ], [ 7.14447, 50.94572 ], [ 7.14535, 50.94479 ], [ 7.14397, 50.94101 ], [ 7.14209, 50.93859 ], [ 7.14111, 50.93629 ], [ 7.14109, 50.93531 ], [ 7.13985, 50.9335 ], [ 7.13978, 50.93238 ], [ 7.13667, 50.92761 ], [ 7.13982, 50.92286 ], [ 7.13989, 50.92213 ], [ 7.13932, 50.92067 ], [ 7.13979, 50.9199 ], [ 7.14071, 50.92045 ], [ 7.14197, 50.92036 ], [ 7.14303, 50.92109 ], [ 7.14309, 50.92144 ], [ 7.14502, 50.92184 ], [ 7.145, 50.92213 ], [ 7.14693, 50.92273 ], [ 7.14672, 50.92292 ], [ 7.14732, 50.92336 ], [ 7.14844, 50.9234 ], [ 7.14842, 50.92398 ], [ 7.14951, 50.92425 ], [ 7.15074, 50.92532 ], [ 7.1517, 50.92537 ], [ 7.15254, 50.92625 ], [ 7.15236, 50.92652 ], [ 7.15348, 50.92674 ], [ 7.15377, 50.92725 ], [ 7.15431, 50.92719 ], [ 7.15504, 50.92813 ], [ 7.15562, 50.92834 ], [ 7.15584, 50.92895 ], [ 7.15737, 50.92993 ], [ 7.15782, 50.93094 ], [ 7.16016, 50.93215 ], [ 7.1622, 50.93257 ], [ 7.16555, 50.93427 ], [ 7.1684, 50.93454 ], [ 7.16982, 50.93399 ], [ 7.1702, 50.93288 ], [ 7.17234, 50.93277 ], [ 7.17451, 50.93217 ], [ 7.17494, 50.93291 ], [ 7.17546, 50.93226 ], [ 7.17659, 50.93286 ], [ 7.17789, 50.93284 ], [ 7.17831, 50.93175 ], [ 7.18001, 50.93228 ], [ 7.18029, 50.93336 ], [ 7.18014, 50.93418 ], [ 7.18069, 50.93473 ], [ 7.18321, 50.93537 ], [ 7.18463, 50.93609 ], [ 7.18404, 50.93736 ], [ 7.18447, 50.93765 ], [ 7.18721, 50.93783 ], [ 7.18691, 50.93805 ], [ 7.18711, 50.93866 ], [ 7.18809, 50.93936 ], [ 7.18765, 50.94033 ], [ 7.18994, 50.941 ], [ 7.1903, 50.94079 ], [ 7.19386, 50.9431 ], [ 7.19525, 50.94582 ], [ 7.19567, 50.94579 ], [ 7.19552, 50.94718 ], [ 7.19626, 50.94779 ], [ 7.19677, 50.94896 ], [ 7.1981, 50.94864 ], [ 7.20025, 50.94872 ], [ 7.20341, 50.94782 ], [ 7.2045, 50.94791 ], [ 7.20526, 50.94913 ], [ 7.20705, 50.94931 ], [ 7.2075, 50.94966 ], [ 7.21077, 50.94932 ], [ 7.21019, 50.94979 ], [ 7.21214, 50.95118 ], [ 7.21308, 50.95262 ], [ 7.21385, 50.9521 ], [ 7.21431, 50.95262 ], [ 7.21444, 50.95419 ], [ 7.21609, 50.95491 ], [ 7.21619, 50.95567 ], [ 7.21785, 50.95571 ], [ 7.22007, 50.95632 ], [ 7.21981, 50.95735 ], [ 7.21853, 50.95733 ], [ 7.21833, 50.95757 ], [ 7.22121, 50.95771 ], [ 7.22177, 50.95831 ], [ 7.22179, 50.95803 ], [ 7.22235, 50.95858 ], [ 7.22314, 50.95849 ], [ 7.22369, 50.95902 ], [ 7.22408, 50.96054 ], [ 7.22245, 50.9619 ], [ 7.22238, 50.96298 ], [ 7.22077, 50.96339 ], [ 7.22145, 50.96531 ], [ 7.22244, 50.96502 ], [ 7.22257, 50.96529 ], [ 7.22404, 50.96533 ], [ 7.22432, 50.9648 ], [ 7.22556, 50.96483 ], [ 7.22929, 50.96346 ], [ 7.23004, 50.96438 ], [ 7.22993, 50.96471 ], [ 7.23109, 50.96496 ], [ 7.23217, 50.96437 ], [ 7.2327, 50.96454 ], [ 7.23613, 50.96369 ], [ 7.23662, 50.96395 ], [ 7.23677, 50.9636 ], [ 7.23797, 50.964 ], [ 7.23911, 50.96533 ], [ 7.23731, 50.96601 ], [ 7.23666, 50.96576 ], [ 7.23662, 50.96679 ], [ 7.23714, 50.9672 ], [ 7.23791, 50.9673 ], [ 7.24097, 50.9665 ], [ 7.24178, 50.96723 ], [ 7.23904, 50.96794 ], [ 7.2392, 50.96841 ], [ 7.24147, 50.96834 ], [ 7.24053, 50.96924 ], [ 7.24105, 50.96984 ], [ 7.24218, 50.97024 ], [ 7.24219, 50.97099 ], [ 7.24162, 50.97107 ], [ 7.24179, 50.97184 ], [ 7.24122, 50.97195 ], [ 7.24199, 50.97223 ], [ 7.24318, 50.97198 ], [ 7.2492, 50.97198 ], [ 7.24992, 50.9731 ], [ 7.25307, 50.97254 ], [ 7.25306, 50.97279 ], [ 7.25457, 50.97338 ], [ 7.25267, 50.9743 ], [ 7.25166, 50.9752 ], [ 7.24771, 50.9752 ], [ 7.24678, 50.97779 ], [ 7.24529, 50.97741 ], [ 7.24427, 50.9792 ], [ 7.24458, 50.97929 ], [ 7.24446, 50.97992 ], [ 7.24244, 50.98062 ], [ 7.24257, 50.98149 ], [ 7.24073, 50.98317 ], [ 7.24168, 50.98717 ], [ 7.24473, 50.98665 ], [ 7.24806, 50.9873 ], [ 7.24932, 50.98798 ], [ 7.24733, 50.98912 ], [ 7.2471, 50.99055 ], [ 7.24593, 50.9912 ], [ 7.24298, 50.99195 ], [ 7.24173, 50.99176 ], [ 7.24049, 50.99203 ], [ 7.23911, 50.99145 ], [ 7.23678, 50.99185 ], [ 7.23449, 50.99166 ], [ 7.23374, 50.99226 ], [ 7.23287, 50.99371 ], [ 7.23297, 50.9947 ], [ 7.23088, 50.99687 ], [ 7.2278, 50.99707 ], [ 7.22472, 50.99904 ], [ 7.21969, 50.99843 ], [ 7.21768, 50.9988 ], [ 7.21698, 50.99991 ], [ 7.21716, 51.00226 ], [ 7.21485, 51.00206 ], [ 7.21447, 51.00248 ], [ 7.21219, 51.00256 ], [ 7.2043, 51.00481 ], [ 7.20154, 51.00499 ], [ 7.20038, 51.00472 ], [ 7.19867, 51.00699 ], [ 7.19798, 51.00682 ], [ 7.19692, 51.00816 ], [ 7.19728, 51.0083 ], [ 7.19654, 51.00951 ], [ 7.19566, 51.00977 ], [ 7.19584, 51.01007 ], [ 7.19715, 51.00977 ], [ 7.19729, 51.01098 ], [ 7.19885, 51.01058 ], [ 7.19985, 51.01108 ], [ 7.19976, 51.01224 ], [ 7.19836, 51.0125 ], [ 7.19835, 51.01279 ], [ 7.20003, 51.01284 ], [ 7.19959, 51.015 ], [ 7.2013, 51.0153 ], [ 7.20198, 51.01481 ], [ 7.20337, 51.0154 ], [ 7.20336, 51.0159 ], [ 7.2024, 51.01644 ], [ 7.20265, 51.01668 ], [ 7.20038, 51.0173 ], [ 7.19912, 51.01731 ], [ 7.19887, 51.01833 ], [ 7.19549, 51.0177 ], [ 7.19571, 51.01722 ], [ 7.19357, 51.0159 ], [ 7.19292, 51.0143 ], [ 7.19212, 51.01413 ], [ 7.19253, 51.0137 ], [ 7.19073, 51.01268 ], [ 7.19087, 51.01205 ], [ 7.18946, 51.01206 ], [ 7.18659, 51.01099 ], [ 7.18432, 51.01211 ], [ 7.18449, 51.01234 ], [ 7.18253, 51.01294 ], [ 7.1813, 51.01424 ], [ 7.18143, 51.01442 ], [ 7.18058, 51.01503 ], [ 7.1798, 51.01345 ], [ 7.17845, 51.01323 ], [ 7.17734, 51.014 ], [ 7.17503, 51.01303 ], [ 7.17431, 51.01413 ], [ 7.17316, 51.0137 ], [ 7.17212, 51.0145 ], [ 7.17093, 51.01436 ], [ 7.17042, 51.0146 ], [ 7.16029, 51.01302 ], [ 7.15292, 51.01438 ], [ 7.14704, 51.01642 ], [ 7.1454, 51.01669 ], [ 7.14236, 51.01614 ], [ 7.13771, 51.0138 ], [ 7.13422, 51.01284 ], [ 7.13352, 51.01403 ], [ 7.12945, 51.01346 ], [ 7.12911, 51.01332 ], [ 7.12923, 51.01311 ], [ 7.12512, 51.01282 ], [ 7.12252, 51.01129 ], [ 7.12067, 51.01083 ], [ 7.12008, 51.01039 ], [ 7.11718, 51.01026 ], [ 7.11627, 51.01215 ], [ 7.11504, 51.01181 ], [ 7.11405, 51.01215 ], [ 7.1095, 51.0107 ], [ 7.10477, 51.01027 ], [ 7.10114, 51.01095 ], [ 7.09983, 51.01223 ], [ 7.10429, 51.01663 ], [ 7.10333, 51.01877 ], [ 7.10407, 51.01963 ], [ 7.10342, 51.02061 ], [ 7.10331, 51.02153 ], [ 7.10251, 51.02254 ], [ 7.10026, 51.02364 ], [ 7.0986, 51.02395 ], [ 7.09842, 51.02427 ], [ 7.09454, 51.02342 ], [ 7.09245, 51.02364 ], [ 7.09244, 51.02432 ], [ 7.09088, 51.02581 ], [ 7.08801, 51.02556 ], [ 7.08519, 51.02684 ], [ 7.08333, 51.02624 ], [ 7.08128, 51.02605 ], [ 7.07894, 51.02695 ], [ 7.07731, 51.02528 ], [ 7.07598, 51.02202 ], [ 7.07399, 51.02196 ], [ 7.07343, 51.02129 ], [ 7.0717, 51.02092 ], [ 7.06802, 51.01807 ], [ 7.06888, 51.0171 ], [ 7.06546, 51.01493 ], [ 7.06179, 51.01333 ], [ 7.07111, 51.00529 ] ] ] } },
{ "type": "Feature", "properties": { "stadt": "Trier" }, "geometry": { "type": "Polygon", "coordinates": [ [ [ 6.70842, 49.79359 ], [ 6.7049, 49.79333 ], [ 6.70389, 49.79714 ], [ 6.70396, 49.79904 ], [ 6.70451, 49.80044 ], [ 6.70426, 49.80183 ], [ 6.70499, 49.80252 ], [ 6.7075, 49.80256 ], [ 6.71049, 49.80387 ], [ 6.72346, 49.8066 ], [ 6.72585, 49.80787 ], [ 6.73, 49.80815 ], [ 6.74388, 49.81145 ], [ 6.74715, 49.81189 ], [ 6.74689, 49.81249 ], [ 6.7436, 49.81266 ], [ 6.74079, 49.81357 ], [ 6.73116, 49.81822 ], [ 6.72519, 49.82051 ], [ 6.7174, 49.82177 ], [ 6.71342, 49.82185 ], [ 6.71347, 49.82328 ], [ 6.71067, 49.8246 ], [ 6.70894, 49.82739 ], [ 6.70732, 49.82784 ], [ 6.70721, 49.82937 ], [ 6.7096, 49.83103 ], [ 6.70954, 49.83182 ], [ 6.71031, 49.83301 ], [ 6.7111, 49.83341 ], [ 6.71176, 49.83439 ], [ 6.71165, 49.8348 ], [ 6.71119, 49.83533 ], [ 6.71061, 49.83515 ], [ 6.7107, 49.83496 ], [ 6.70989, 49.83516 ], [ 6.70677, 49.83832 ], [ 6.70436, 49.83929 ], [ 6.70361, 49.84003 ], [ 6.70481, 49.84209 ], [ 6.7046, 49.8429 ], [ 6.70537, 49.84373 ], [ 6.70579, 49.84506 ], [ 6.70337, 49.8452 ], [ 6.70263, 49.84559 ], [ 6.70229, 49.84616 ], [ 6.70287, 49.84707 ], [ 6.70255, 49.84774 ], [ 6.70137, 49.84794 ], [ 6.70064, 49.8491 ], [ 6.69955, 49.84985 ], [ 6.69873, 49.84981 ], [ 6.69855, 49.85014 ], [ 6.69755, 49.8504 ], [ 6.69743, 49.85122 ], [ 6.6964, 49.85169 ], [ 6.69695, 49.85261 ], [ 6.69524, 49.85379 ], [ 6.69551, 49.85472 ], [ 6.6936, 49.85513 ], [ 6.69315, 49.8555 ], [ 6.6934, 49.85699 ], [ 6.69261, 49.85712 ], [ 6.69046, 49.85626 ], [ 6.68279, 49.85512 ], [ 6.6751, 49.85355 ], [ 6.6737, 49.85299 ], [ 6.67346, 49.85153 ], [ 6.67199, 49.84994 ], [ 6.67206, 49.84768 ], [ 6.6713, 49.84582 ], [ 6.67224, 49.84421 ], [ 6.67184, 49.84343 ], [ 6.67198, 49.84266 ], [ 6.67121, 49.84241 ], [ 6.67076, 49.84135 ], [ 6.66936, 49.84026 ], [ 6.66977, 49.83958 ], [ 6.66912, 49.83835 ], [ 6.66927, 49.83781 ], [ 6.66899, 49.83705 ], [ 6.66707, 49.83486 ], [ 6.66688, 49.83377 ], [ 6.66448, 49.83071 ], [ 6.66412, 49.82962 ], [ 6.66415, 49.82885 ], [ 6.66459, 49.82828 ], [ 6.66536, 49.82791 ], [ 6.66654, 49.828 ], [ 6.66677, 49.82751 ], [ 6.66553, 49.82699 ], [ 6.66416, 49.82499 ], [ 6.65994, 49.82254 ], [ 6.66123, 49.82015 ], [ 6.66273, 49.81884 ], [ 6.66225, 49.81863 ], [ 6.66165, 49.81761 ], [ 6.65997, 49.81278 ], [ 6.65942, 49.81255 ], [ 6.6582, 49.81072 ], [ 6.65733, 49.81003 ], [ 6.65597, 49.80945 ], [ 6.65451, 49.80822 ], [ 6.65323, 49.80766 ], [ 6.6527, 49.80783 ], [ 6.65186, 49.80703 ], [ 6.65121, 49.80698 ], [ 6.65058, 49.80649 ], [ 6.64946, 49.80648 ], [ 6.64915, 49.80602 ], [ 6.64845, 49.80599 ], [ 6.64679, 49.80507 ], [ 6.64417, 49.80484 ], [ 6.64029, 49.80396 ], [ 6.63907, 49.80406 ], [ 6.63565, 49.80266 ], [ 6.63728, 49.80158 ], [ 6.6366, 49.80049 ], [ 6.63718, 49.79971 ], [ 6.63635, 49.79839 ], [ 6.63654, 49.79727 ], [ 6.6359, 49.79597 ], [ 6.63374, 49.79553 ], [ 6.63337, 49.79432 ], [ 6.63175, 49.79365 ], [ 6.63235, 49.79306 ], [ 6.63212, 49.7916 ], [ 6.63265, 49.79111 ], [ 6.63152, 49.79106 ], [ 6.63114, 49.79062 ], [ 6.63071, 49.78881 ], [ 6.63105, 49.78795 ], [ 6.63291, 49.7858 ], [ 6.63167, 49.78557 ], [ 6.63068, 49.78577 ], [ 6.63085, 49.78493 ], [ 6.63031, 49.78445 ], [ 6.62791, 49.78397 ], [ 6.62416, 49.78244 ], [ 6.62208, 49.78219 ], [ 6.61037, 49.78215 ], [ 6.60647, 49.78243 ], [ 6.60521, 49.78287 ], [ 6.60362, 49.78394 ], [ 6.59826, 49.78404 ], [ 6.59608, 49.78445 ], [ 6.59689, 49.78373 ], [ 6.59975, 49.78315 ], [ 6.60257, 49.78208 ], [ 6.60276, 49.78072 ], [ 6.60367, 49.78051 ], [ 6.60201, 49.77934 ], [ 6.60008, 49.77887 ], [ 6.5979, 49.77782 ], [ 6.59365, 49.77957 ], [ 6.59046, 49.78006 ], [ 6.58989, 49.7762 ], [ 6.59248, 49.77652 ], [ 6.59516, 49.77509 ], [ 6.59343, 49.7738 ], [ 6.59528, 49.77278 ], [ 6.59784, 49.77246 ], [ 6.5976, 49.77287 ], [ 6.60075, 49.77235 ], [ 6.60039, 49.77213 ], [ 6.6082, 49.77106 ], [ 6.61291, 49.76818 ], [ 6.61186, 49.76636 ], [ 6.61222, 49.76586 ], [ 6.61366, 49.76517 ], [ 6.61461, 49.7653 ], [ 6.61908, 49.76433 ], [ 6.61563, 49.76214 ], [ 6.61304, 49.76152 ], [ 6.60936, 49.76116 ], [ 6.60642, 49.76029 ], [ 6.60119, 49.75764 ], [ 6.60348, 49.75578 ], [ 6.60153, 49.75442 ], [ 6.60074, 49.75423 ], [ 6.59832, 49.75387 ], [ 6.59625, 49.75396 ], [ 6.5877, 49.75545 ], [ 6.58396, 49.75571 ], [ 6.57495, 49.75712 ], [ 6.57033, 49.751 ], [ 6.56692, 49.74958 ], [ 6.56747, 49.7491 ], [ 6.5634, 49.7463 ], [ 6.56278, 49.74682 ], [ 6.56204, 49.74692 ], [ 6.55999, 49.74621 ], [ 6.55874, 49.7451 ], [ 6.55564, 49.74355 ], [ 6.55639, 49.74111 ], [ 6.55292, 49.7398 ], [ 6.55478, 49.73915 ], [ 6.55692, 49.73683 ], [ 6.55801, 49.73479 ], [ 6.55653, 49.73345 ], [ 6.55745, 49.73319 ], [ 6.55399, 49.73017 ], [ 6.55319, 49.73055 ], [ 6.55179, 49.72923 ], [ 6.55219, 49.72898 ], [ 6.55245, 49.72923 ], [ 6.55389, 49.72794 ], [ 6.55587, 49.72721 ], [ 6.55607, 49.72635 ], [ 6.55498, 49.72562 ], [ 6.55532, 49.72504 ], [ 6.55742, 49.72392 ], [ 6.55782, 49.72324 ], [ 6.55697, 49.72194 ], [ 6.55746, 49.71815 ], [ 6.5595, 49.7156 ], [ 6.56032, 49.71494 ], [ 6.56111, 49.7149 ], [ 6.56267, 49.7127 ], [ 6.56121, 49.7123 ], [ 6.56215, 49.70922 ], [ 6.56173, 49.70914 ], [ 6.56254, 49.70584 ], [ 6.56118, 49.70579 ], [ 6.5612, 49.70519 ], [ 6.56078, 49.70522 ], [ 6.5605, 49.70313 ], [ 6.55974, 49.7033 ], [ 6.55871, 49.70159 ], [ 6.56312, 49.70088 ], [ 6.56598, 49.70109 ], [ 6.56831, 49.70177 ], [ 6.56922, 49.70219 ], [ 6.57341, 49.70611 ], [ 6.57653, 49.70792 ], [ 6.58629, 49.71069 ], [ 6.60165, 49.71601 ], [ 6.60912, 49.71793 ], [ 6.61344, 49.71999 ], [ 6.61875, 49.72394 ], [ 6.62033, 49.72304 ], [ 6.61993, 49.72282 ], [ 6.62009, 49.72217 ], [ 6.61743, 49.71991 ], [ 6.61031, 49.70894 ], [ 6.61046, 49.70837 ], [ 6.61191, 49.70701 ], [ 6.61522, 49.70515 ], [ 6.61284, 49.70407 ], [ 6.61395, 49.70309 ], [ 6.61143, 49.70172 ], [ 6.6125, 49.70077 ], [ 6.61415, 49.7015 ], [ 6.61467, 49.70134 ], [ 6.61617, 49.70177 ], [ 6.613, 49.69952 ], [ 6.61585, 49.69883 ], [ 6.61785, 49.69981 ], [ 6.62305, 49.69991 ], [ 6.62451, 49.70063 ], [ 6.63108, 49.70236 ], [ 6.64324, 49.6986 ], [ 6.64484, 49.69955 ], [ 6.64885, 49.70431 ], [ 6.65029, 49.70331 ], [ 6.65187, 49.70293 ], [ 6.65542, 49.7064 ], [ 6.65581, 49.70718 ], [ 6.65569, 49.70863 ], [ 6.65735, 49.71121 ], [ 6.65738, 49.71189 ], [ 6.65952, 49.71194 ], [ 6.66123, 49.71156 ], [ 6.66315, 49.71319 ], [ 6.66581, 49.71313 ], [ 6.66552, 49.71104 ], [ 6.66648, 49.71136 ], [ 6.6681, 49.70959 ], [ 6.67013, 49.70815 ], [ 6.67125, 49.70911 ], [ 6.67205, 49.70906 ], [ 6.67965, 49.70747 ], [ 6.68189, 49.70917 ], [ 6.68215, 49.70898 ], [ 6.68404, 49.71033 ], [ 6.68421, 49.7101 ], [ 6.68529, 49.71023 ], [ 6.68701, 49.70901 ], [ 6.68838, 49.70891 ], [ 6.68838, 49.7098 ], [ 6.68974, 49.7123 ], [ 6.6893, 49.71254 ], [ 6.6896, 49.71374 ], [ 6.69113, 49.71301 ], [ 6.69139, 49.7123 ], [ 6.68978, 49.71034 ], [ 6.69207, 49.71052 ], [ 6.69208, 49.71087 ], [ 6.6965, 49.70975 ], [ 6.69859, 49.71148 ], [ 6.69794, 49.71188 ], [ 6.70159, 49.71533 ], [ 6.70521, 49.71937 ], [ 6.71342, 49.71715 ], [ 6.7132, 49.71898 ], [ 6.71234, 49.71908 ], [ 6.71239, 49.72026 ], [ 6.70937, 49.72148 ], [ 6.71083, 49.72344 ], [ 6.71569, 49.72721 ], [ 6.71634, 49.72804 ], [ 6.7148, 49.72846 ], [ 6.71519, 49.72932 ], [ 6.71361, 49.72966 ], [ 6.71471, 49.733 ], [ 6.71357, 49.73362 ], [ 6.71335, 49.73426 ], [ 6.71432, 49.73376 ], [ 6.7181, 49.7346 ], [ 6.71987, 49.73513 ], [ 6.72323, 49.73706 ], [ 6.73349, 49.73148 ], [ 6.73584, 49.72951 ], [ 6.73885, 49.73011 ], [ 6.73917, 49.73131 ], [ 6.73879, 49.73153 ], [ 6.73847, 49.73242 ], [ 6.73911, 49.73358 ], [ 6.74061, 49.7349 ], [ 6.74026, 49.73634 ], [ 6.74061, 49.73648 ], [ 6.74084, 49.73715 ], [ 6.74339, 49.73776 ], [ 6.74389, 49.73846 ], [ 6.74379, 49.73956 ], [ 6.74249, 49.74003 ], [ 6.74164, 49.74072 ], [ 6.74089, 49.74078 ], [ 6.74001, 49.74151 ], [ 6.73803, 49.74094 ], [ 6.73522, 49.73917 ], [ 6.73234, 49.73907 ], [ 6.72964, 49.73826 ], [ 6.72916, 49.73911 ], [ 6.72907, 49.74019 ], [ 6.72471, 49.74183 ], [ 6.7196, 49.74591 ], [ 6.71651, 49.74695 ], [ 6.71565, 49.74776 ], [ 6.71557, 49.7485 ], [ 6.71238, 49.74768 ], [ 6.71092, 49.74787 ], [ 6.71067, 49.74915 ], [ 6.70766, 49.75116 ], [ 6.71105, 49.75343 ], [ 6.71085, 49.75367 ], [ 6.71147, 49.75493 ], [ 6.71224, 49.75537 ], [ 6.7148, 49.75828 ], [ 6.71522, 49.75915 ], [ 6.71512, 49.75972 ], [ 6.71389, 49.76084 ], [ 6.71329, 49.76118 ], [ 6.70982, 49.75797 ], [ 6.70836, 49.75722 ], [ 6.7074, 49.75598 ], [ 6.70663, 49.75573 ], [ 6.70626, 49.75316 ], [ 6.70412, 49.75347 ], [ 6.70437, 49.75426 ], [ 6.70299, 49.75435 ], [ 6.70381, 49.75679 ], [ 6.69856, 49.76303 ], [ 6.69525, 49.76287 ], [ 6.69574, 49.76058 ], [ 6.69432, 49.75788 ], [ 6.6912, 49.7594 ], [ 6.68715, 49.76025 ], [ 6.68672, 49.76097 ], [ 6.68688, 49.76296 ], [ 6.68665, 49.76381 ], [ 6.68614, 49.764 ], [ 6.68901, 49.7657 ], [ 6.69171, 49.76813 ], [ 6.69516, 49.77038 ], [ 6.6966, 49.7719 ], [ 6.70503, 49.77291 ], [ 6.70845, 49.77395 ], [ 6.71335, 49.77668 ], [ 6.71399, 49.77622 ], [ 6.71462, 49.77658 ], [ 6.71586, 49.7759 ], [ 6.71707, 49.7739 ], [ 6.7182, 49.77293 ], [ 6.71893, 49.77308 ], [ 6.71941, 49.7726 ], [ 6.72008, 49.77295 ], [ 6.72078, 49.77226 ], [ 6.72205, 49.77314 ], [ 6.72326, 49.77347 ], [ 6.72346, 49.77495 ], [ 6.72481, 49.77464 ], [ 6.72464, 49.77408 ], [ 6.72557, 49.77391 ], [ 6.72601, 49.77397 ], [ 6.72588, 49.77472 ], [ 6.72732, 49.77549 ], [ 6.73031, 49.77635 ], [ 6.73828, 49.77614 ], [ 6.73811, 49.77995 ], [ 6.73934, 49.78325 ], [ 6.73477, 49.78409 ], [ 6.7323, 49.78404 ], [ 6.7295, 49.78652 ], [ 6.72699, 49.78994 ], [ 6.72672, 49.79141 ], [ 6.72153, 49.79285 ], [ 6.72138, 49.79313 ], [ 6.71305, 49.79604 ], [ 6.71156, 49.79605 ], [ 6.70883, 49.79484 ], [ 6.70839, 49.79422 ], [ 6.70842, 49.79359 ] ] ] } },
{ "type": "Feature", "properties": { "stadt": "Moers" }, "geometry": { "type": "Polygon", "coordinates": [ [ [ 6.66126, 51.40816 ], [ 6.65634, 51.4085 ], [ 6.65149, 51.41063 ], [ 6.64352, 51.41648 ], [ 6.63684, 51.4183 ], [ 6.62944, 51.41966 ], [ 6.62849, 51.41832 ], [ 6.62847, 51.41761 ], [ 6.62734, 51.41484 ], [ 6.62686, 51.41214 ], [ 6.62572, 51.4119 ], [ 6.62563, 51.41097 ], [ 6.62845, 51.4055 ], [ 6.62938, 51.40437 ], [ 6.63695, 51.40111 ], [ 6.63933, 51.39952 ], [ 6.64051, 51.39815 ], [ 6.63989, 51.39799 ], [ 6.64026, 51.39464 ], [ 6.63558, 51.39433 ], [ 6.63615, 51.3908 ], [ 6.63561, 51.39353 ], [ 6.6202, 51.39551 ], [ 6.61668, 51.3948 ], [ 6.61575, 51.39659 ], [ 6.60959, 51.39703 ], [ 6.60456, 51.39694 ], [ 6.60418, 51.39688 ], [ 6.60444, 51.39431 ], [ 6.60114, 51.39414 ], [ 6.60122, 51.39393 ], [ 6.59983, 51.39376 ], [ 6.59769, 51.39394 ], [ 6.59363, 51.39307 ], [ 6.59317, 51.39355 ], [ 6.59226, 51.39339 ], [ 6.59185, 51.39311 ], [ 6.59201, 51.39284 ], [ 6.58276, 51.39216 ], [ 6.57784, 51.39683 ], [ 6.57585, 51.39971 ], [ 6.57568, 51.40101 ], [ 6.57592, 51.40241 ], [ 6.57513, 51.40805 ], [ 6.57415, 51.41203 ], [ 6.57013, 51.4121 ], [ 6.57022, 51.41239 ], [ 6.56996, 51.41245 ], [ 6.56932, 51.40977 ], [ 6.56671, 51.40865 ], [ 6.56172, 51.4088 ], [ 6.56007, 51.40861 ], [ 6.55963, 51.40837 ], [ 6.5596, 51.40786 ], [ 6.55898, 51.40796 ], [ 6.55896, 51.40852 ], [ 6.55837, 51.40846 ], [ 6.56765, 51.41474 ], [ 6.57493, 51.41809 ], [ 6.57609, 51.41968 ], [ 6.5758, 51.42154 ], [ 6.57676, 51.42374 ], [ 6.57902, 51.42372 ], [ 6.57903, 51.42438 ], [ 6.5806, 51.42451 ], [ 6.58215, 51.42505 ], [ 6.58222, 51.42536 ], [ 6.58185, 51.42549 ], [ 6.58319, 51.42621 ], [ 6.58458, 51.4261 ], [ 6.58425, 51.42476 ], [ 6.58353, 51.42484 ], [ 6.5834, 51.42338 ], [ 6.58671, 51.42395 ], [ 6.58929, 51.42478 ], [ 6.5912, 51.42664 ], [ 6.59253, 51.42744 ], [ 6.59271, 51.42797 ], [ 6.59333, 51.42801 ], [ 6.59361, 51.42835 ], [ 6.59312, 51.42912 ], [ 6.58998, 51.42841 ], [ 6.58656, 51.42872 ], [ 6.58925, 51.43107 ], [ 6.59087, 51.43336 ], [ 6.59141, 51.43473 ], [ 6.59029, 51.43461 ], [ 6.59033, 51.43333 ], [ 6.58878, 51.43337 ], [ 6.58834, 51.43446 ], [ 6.58502, 51.43411 ], [ 6.58157, 51.43478 ], [ 6.58068, 51.43882 ], [ 6.58258, 51.43978 ], [ 6.58021, 51.44094 ], [ 6.57932, 51.44176 ], [ 6.5837, 51.44276 ], [ 6.58343, 51.44342 ], [ 6.58543, 51.44362 ], [ 6.58469, 51.44479 ], [ 6.58497, 51.44583 ], [ 6.58445, 51.44567 ], [ 6.58451, 51.44679 ], [ 6.59132, 51.447 ], [ 6.59327, 51.44774 ], [ 6.59419, 51.44905 ], [ 6.59403, 51.44958 ], [ 6.595, 51.45111 ], [ 6.59535, 51.45304 ], [ 6.59622, 51.45304 ], [ 6.59722, 51.45486 ], [ 6.5967, 51.45491 ], [ 6.59734, 51.45666 ], [ 6.59652, 51.459 ], [ 6.59799, 51.46093 ], [ 6.59798, 51.46267 ], [ 6.59919, 51.46499 ], [ 6.59889, 51.46712 ], [ 6.59753, 51.46957 ], [ 6.59669, 51.47007 ], [ 6.59708, 51.47052 ], [ 6.59543, 51.47029 ], [ 6.59512, 51.4713 ], [ 6.59326, 51.4712 ], [ 6.58826, 51.47225 ], [ 6.58703, 51.47304 ], [ 6.58738, 51.47329 ], [ 6.5875, 51.47401 ], [ 6.58631, 51.47467 ], [ 6.58491, 51.47379 ], [ 6.58007, 51.4777 ], [ 6.57922, 51.47888 ], [ 6.58178, 51.48044 ], [ 6.58077, 51.48079 ], [ 6.58042, 51.48161 ], [ 6.57977, 51.48151 ], [ 6.57736, 51.48451 ], [ 6.57443, 51.48465 ], [ 6.57349, 51.48499 ], [ 6.57154, 51.48668 ], [ 6.57147, 51.48795 ], [ 6.57156, 51.48902 ], [ 6.57211, 51.48989 ], [ 6.57361, 51.4912 ], [ 6.57261, 51.49126 ], [ 6.57265, 51.49471 ], [ 6.57498, 51.49448 ], [ 6.57483, 51.49472 ], [ 6.5755, 51.49572 ], [ 6.57542, 51.49663 ], [ 6.57571, 51.49704 ], [ 6.5752, 51.49756 ], [ 6.57686, 51.49849 ], [ 6.577, 51.49938 ], [ 6.57807, 51.49986 ], [ 6.57941, 51.49938 ], [ 6.58002, 51.49975 ], [ 6.58123, 51.49985 ], [ 6.58192, 51.50074 ], [ 6.58356, 51.50048 ], [ 6.58375, 51.50066 ], [ 6.5833, 51.50224 ], [ 6.58265, 51.50341 ], [ 6.58636, 51.50411 ], [ 6.58546, 51.50539 ], [ 6.58613, 51.50607 ], [ 6.58604, 51.50664 ], [ 6.58519, 51.50789 ], [ 6.5833, 51.50955 ], [ 6.58536, 51.51107 ], [ 6.58485, 51.51161 ], [ 6.58651, 51.5125 ], [ 6.58574, 51.51261 ], [ 6.58592, 51.51341 ], [ 6.58549, 51.51415 ], [ 6.58572, 51.51462 ], [ 6.58519, 51.51495 ], [ 6.58504, 51.51559 ], [ 6.58592, 51.51763 ], [ 6.58579, 51.51804 ], [ 6.58633, 51.51828 ], [ 6.58677, 51.51933 ], [ 6.59018, 51.52068 ], [ 6.58903, 51.52203 ], [ 6.58981, 51.52229 ], [ 6.5955, 51.52298 ], [ 6.59887, 51.52251 ], [ 6.60053, 51.52378 ], [ 6.601, 51.52349 ], [ 6.60149, 51.52245 ], [ 6.60487, 51.52256 ], [ 6.60593, 51.52291 ], [ 6.60847, 51.51971 ], [ 6.6157, 51.51247 ], [ 6.61766, 51.51282 ], [ 6.62541, 51.5047 ], [ 6.62506, 51.50461 ], [ 6.62705, 51.5037 ], [ 6.63059, 51.50326 ], [ 6.63229, 51.50273 ], [ 6.63591, 51.49953 ], [ 6.64117, 51.49758 ], [ 6.64235, 51.49628 ], [ 6.64226, 51.49517 ], [ 6.63877, 51.49367 ], [ 6.63923, 51.4915 ], [ 6.63634, 51.49076 ], [ 6.64006, 51.48713 ], [ 6.64277, 51.48149 ], [ 6.6463, 51.48403 ], [ 6.65003, 51.48839 ], [ 6.65272, 51.48933 ], [ 6.65492, 51.48895 ], [ 6.66623, 51.4836 ], [ 6.6549, 51.47394 ], [ 6.66147, 51.47315 ], [ 6.66328, 51.47335 ], [ 6.66616, 51.47441 ], [ 6.66735, 51.47418 ], [ 6.66699, 51.47224 ], [ 6.67022, 51.45975 ], [ 6.6705, 51.4598 ], [ 6.6708, 51.4591 ], [ 6.67531, 51.45971 ], [ 6.67454, 51.45795 ], [ 6.67664, 51.458 ], [ 6.67785, 51.45343 ], [ 6.67874, 51.45159 ], [ 6.67781, 51.45161 ], [ 6.67837, 51.44907 ], [ 6.67526, 51.44722 ], [ 6.6741, 51.44377 ], [ 6.6738, 51.44384 ], [ 6.673, 51.44187 ], [ 6.67342, 51.44153 ], [ 6.67718, 51.44128 ], [ 6.67769, 51.44067 ], [ 6.67601, 51.43997 ], [ 6.67214, 51.43929 ], [ 6.67164, 51.43893 ], [ 6.66909, 51.43911 ], [ 6.66869, 51.43831 ], [ 6.66838, 51.43695 ], [ 6.66946, 51.43684 ], [ 6.67188, 51.43582 ], [ 6.67149, 51.43457 ], [ 6.67351, 51.43429 ], [ 6.67317, 51.43304 ], [ 6.67262, 51.43232 ], [ 6.67292, 51.43106 ], [ 6.67253, 51.43052 ], [ 6.67136, 51.43045 ], [ 6.67127, 51.43069 ], [ 6.66722, 51.43016 ], [ 6.66747, 51.42835 ], [ 6.66209, 51.41074 ], [ 6.6664, 51.41127 ], [ 6.66565, 51.41086 ], [ 6.66577, 51.41046 ], [ 6.66456, 51.40885 ], [ 6.66126, 51.40816 ] ] ] } },
{ "type": "Feature", "properties": { "stadt": "Salzgitter" }, "geometry": { "type": "Polygon", "coordinates": [ [ [ 10.46784, 52.20396 ], [ 10.43967, 52.20322 ], [ 10.43842, 52.20536 ], [ 10.44154, 52.20545 ], [ 10.44117, 52.20619 ], [ 10.43798, 52.2061 ], [ 10.43223, 52.21606 ], [ 10.42978, 52.22204 ], [ 10.41608, 52.21997 ], [ 10.41151, 52.21959 ], [ 10.41117, 52.22046 ], [ 10.40697, 52.22267 ], [ 10.40172, 52.21602 ], [ 10.40168, 52.21563 ], [ 10.40078, 52.21498 ], [ 10.40104, 52.21276 ], [ 10.39841, 52.21262 ], [ 10.40287, 52.20979 ], [ 10.39205, 52.20977 ], [ 10.39154, 52.20369 ], [ 10.3741, 52.20296 ], [ 10.37358, 52.19914 ], [ 10.37316, 52.19811 ], [ 10.36868, 52.192 ], [ 10.36679, 52.18763 ], [ 10.36709, 52.18758 ], [ 10.36276, 52.18746 ], [ 10.35787, 52.18662 ], [ 10.35427, 52.18502 ], [ 10.34925, 52.18131 ], [ 10.34751, 52.17703 ], [ 10.34743, 52.17612 ], [ 10.33932, 52.17562 ], [ 10.31956, 52.17659 ], [ 10.32031, 52.17815 ], [ 10.32127, 52.18612 ], [ 10.31739, 52.18973 ], [ 10.31688, 52.19071 ], [ 10.31497, 52.19064 ], [ 10.31077, 52.18972 ], [ 10.30389, 52.18893 ], [ 10.30663, 52.18444 ], [ 10.30136, 52.18191 ], [ 10.29419, 52.18015 ], [ 10.28816, 52.17539 ], [ 10.28407, 52.17498 ], [ 10.28199, 52.17576 ], [ 10.27923, 52.17548 ], [ 10.279, 52.17593 ], [ 10.27438, 52.17685 ], [ 10.27385, 52.17789 ], [ 10.26563, 52.17885 ], [ 10.26529, 52.18154 ], [ 10.26382, 52.18166 ], [ 10.26293, 52.1837 ], [ 10.25738, 52.18309 ], [ 10.25809, 52.17944 ], [ 10.25704, 52.17954 ], [ 10.25775, 52.17688 ], [ 10.25702, 52.17675 ], [ 10.25765, 52.17476 ], [ 10.257, 52.17473 ], [ 10.25718, 52.17417 ], [ 10.25206, 52.17498 ], [ 10.25031, 52.17668 ], [ 10.24934, 52.17652 ], [ 10.24973, 52.17588 ], [ 10.24946, 52.17584 ], [ 10.24883, 52.17664 ], [ 10.24619, 52.17636 ], [ 10.24333, 52.17594 ], [ 10.24355, 52.17401 ], [ 10.24238, 52.17394 ], [ 10.24257, 52.17258 ], [ 10.24046, 52.17247 ], [ 10.24049, 52.17167 ], [ 10.23586, 52.17131 ], [ 10.23587, 52.17084 ], [ 10.23461, 52.17067 ], [ 10.23473, 52.1697 ], [ 10.23084, 52.17055 ], [ 10.23225, 52.1627 ], [ 10.23252, 52.16271 ], [ 10.23327, 52.15915 ], [ 10.23635, 52.15953 ], [ 10.23918, 52.14691 ], [ 10.24486, 52.14206 ], [ 10.2452, 52.14301 ], [ 10.24885, 52.14013 ], [ 10.24471, 52.13806 ], [ 10.24418, 52.13818 ], [ 10.24228, 52.13638 ], [ 10.24355, 52.13519 ], [ 10.24075, 52.13308 ], [ 10.23409, 52.13043 ], [ 10.23304, 52.13015 ], [ 10.23305, 52.13011 ], [ 10.23506, 52.12726 ], [ 10.23522, 52.12748 ], [ 10.23692, 52.12627 ], [ 10.23663, 52.126 ], [ 10.2405, 52.12088 ], [ 10.2423, 52.12025 ], [ 10.24567, 52.12156 ], [ 10.24627, 52.11964 ], [ 10.24697, 52.1188 ], [ 10.24857, 52.11784 ], [ 10.24923, 52.1171 ], [ 10.25116, 52.11638 ], [ 10.25099, 52.11564 ], [ 10.25205, 52.1132 ], [ 10.25064, 52.11157 ], [ 10.25077, 52.11092 ], [ 10.25178, 52.11075 ], [ 10.25282, 52.10853 ], [ 10.25362, 52.10754 ], [ 10.26621, 52.11037 ], [ 10.27092, 52.10424 ], [ 10.28253, 52.10745 ], [ 10.28276, 52.10701 ], [ 10.28483, 52.10658 ], [ 10.28624, 52.10507 ], [ 10.28645, 52.10403 ], [ 10.30372, 52.10677 ], [ 10.30409, 52.1061 ], [ 10.30641, 52.1058 ], [ 10.30698, 52.10537 ], [ 10.31008, 52.09875 ], [ 10.31777, 52.10037 ], [ 10.32002, 52.09737 ], [ 10.32092, 52.0955 ], [ 10.32186, 52.09548 ], [ 10.32273, 52.09452 ], [ 10.32417, 52.09364 ], [ 10.32572, 52.09019 ], [ 10.3267, 52.08655 ], [ 10.32698, 52.08659 ], [ 10.32748, 52.08509 ], [ 10.32989, 52.08117 ], [ 10.33026, 52.0789 ], [ 10.33327, 52.07963 ], [ 10.33186, 52.0786 ], [ 10.3353, 52.0721 ], [ 10.33581, 52.07196 ], [ 10.33595, 52.07047 ], [ 10.3374, 52.06926 ], [ 10.33742, 52.06812 ], [ 10.33903, 52.06583 ], [ 10.33949, 52.06416 ], [ 10.34331, 52.05998 ], [ 10.34357, 52.0585 ], [ 10.34532, 52.05499 ], [ 10.34509, 52.05497 ], [ 10.34616, 52.0524 ], [ 10.34559, 52.0523 ], [ 10.34604, 52.05137 ], [ 10.34566, 52.05047 ], [ 10.34595, 52.04954 ], [ 10.34105, 52.04852 ], [ 10.33861, 52.04758 ], [ 10.33829, 52.04793 ], [ 10.33514, 52.0468 ], [ 10.33701, 52.04493 ], [ 10.33754, 52.04267 ], [ 10.33145, 52.04268 ], [ 10.32817, 52.04216 ], [ 10.32739, 52.04428 ], [ 10.32113, 52.04352 ], [ 10.31982, 52.04653 ], [ 10.32155, 52.04726 ], [ 10.32089, 52.04813 ], [ 10.31611, 52.0461 ], [ 10.31563, 52.04732 ], [ 10.30953, 52.04479 ], [ 10.30645, 52.05038 ], [ 10.3024, 52.05009 ], [ 10.30137, 52.05154 ], [ 10.29696, 52.05096 ], [ 10.2947, 52.05107 ], [ 10.29211, 52.0485 ], [ 10.29142, 52.04706 ], [ 10.28896, 52.04701 ], [ 10.28604, 52.04766 ], [ 10.28574, 52.04697 ], [ 10.28744, 52.04471 ], [ 10.28923, 52.04308 ], [ 10.29311, 52.03854 ], [ 10.28694, 52.03876 ], [ 10.28485, 52.03583 ], [ 10.28667, 52.0331 ], [ 10.28975, 52.03088 ], [ 10.29133, 52.03093 ], [ 10.2939, 52.0301 ], [ 10.29566, 52.03026 ], [ 10.29883, 52.03128 ], [ 10.30579, 52.03164 ], [ 10.30652, 52.03202 ], [ 10.30833, 52.03173 ], [ 10.31069, 52.03195 ], [ 10.31236, 52.03069 ], [ 10.31438, 52.02992 ], [ 10.31618, 52.02996 ], [ 10.3184, 52.02955 ], [ 10.31944, 52.02866 ], [ 10.32192, 52.02808 ], [ 10.32282, 52.02754 ], [ 10.32326, 52.02646 ], [ 10.32437, 52.02683 ], [ 10.32566, 52.026 ], [ 10.33007, 52.02545 ], [ 10.33107, 52.02261 ], [ 10.32993, 52.02198 ], [ 10.32825, 52.02175 ], [ 10.32696, 52.0192 ], [ 10.31809, 52.01786 ], [ 10.31656, 52.01735 ], [ 10.3161, 52.01639 ], [ 10.31913, 52.0155 ], [ 10.31934, 52.01479 ], [ 10.32572, 52.0131 ], [ 10.32894, 52.01323 ], [ 10.3348, 52.01459 ], [ 10.3324, 52.01728 ], [ 10.33082, 52.0202 ], [ 10.33312, 52.02059 ], [ 10.34273, 52.01689 ], [ 10.34753, 52.01855 ], [ 10.3479, 52.01829 ], [ 10.35032, 52.01919 ], [ 10.35051, 52.01986 ], [ 10.35249, 52.0205 ], [ 10.35357, 52.02042 ], [ 10.35572, 52.01881 ], [ 10.35781, 52.01902 ], [ 10.35781, 52.0194 ], [ 10.3589, 52.01994 ], [ 10.36478, 52.01731 ], [ 10.36703, 52.0159 ], [ 10.36731, 52.01604 ], [ 10.36678, 52.0164 ], [ 10.36756, 52.01686 ], [ 10.36565, 52.02362 ], [ 10.37241, 52.02449 ], [ 10.37474, 52.02336 ], [ 10.37787, 52.02615 ], [ 10.37978, 52.02587 ], [ 10.38176, 52.02505 ], [ 10.38238, 52.02542 ], [ 10.3835, 52.02522 ], [ 10.38499, 52.02758 ], [ 10.38694, 52.02884 ], [ 10.38849, 52.02903 ], [ 10.39136, 52.03068 ], [ 10.39582, 52.02897 ], [ 10.3986, 52.02844 ], [ 10.40084, 52.02924 ], [ 10.40245, 52.02862 ], [ 10.40501, 52.02926 ], [ 10.40515, 52.02991 ], [ 10.40618, 52.03028 ], [ 10.40302, 52.03246 ], [ 10.40816, 52.03354 ], [ 10.4073, 52.03467 ], [ 10.40874, 52.03476 ], [ 10.41184, 52.03645 ], [ 10.41017, 52.03827 ], [ 10.41147, 52.03905 ], [ 10.40915, 52.03999 ], [ 10.41417, 52.04056 ], [ 10.4147, 52.03988 ], [ 10.41653, 52.04235 ], [ 10.42506, 52.0468 ], [ 10.42623, 52.04871 ], [ 10.43329, 52.05055 ], [ 10.43752, 52.05042 ], [ 10.43839, 52.05441 ], [ 10.43759, 52.0548 ], [ 10.43777, 52.05624 ], [ 10.44979, 52.05585 ], [ 10.45027, 52.05463 ], [ 10.45089, 52.05404 ], [ 10.4543, 52.05219 ], [ 10.45533, 52.05218 ], [ 10.45631, 52.05169 ], [ 10.45786, 52.0516 ], [ 10.45959, 52.05105 ], [ 10.45969, 52.05145 ], [ 10.45862, 52.05207 ], [ 10.45826, 52.05265 ], [ 10.45989, 52.05295 ], [ 10.4606, 52.05074 ], [ 10.46206, 52.05053 ], [ 10.46371, 52.05082 ], [ 10.46397, 52.04995 ], [ 10.46325, 52.04979 ], [ 10.46398, 52.04862 ], [ 10.46393, 52.04763 ], [ 10.46753, 52.04822 ], [ 10.46899, 52.04651 ], [ 10.46921, 52.04567 ], [ 10.47227, 52.04529 ], [ 10.47248, 52.0469 ], [ 10.4763, 52.04594 ], [ 10.48027, 52.04619 ], [ 10.47919, 52.04811 ], [ 10.47971, 52.0517 ], [ 10.47954, 52.05208 ], [ 10.48643, 52.05226 ], [ 10.48623, 52.05361 ], [ 10.48692, 52.05522 ], [ 10.48658, 52.05653 ], [ 10.48734, 52.05709 ], [ 10.48831, 52.06206 ], [ 10.48808, 52.06225 ], [ 10.48339, 52.06134 ], [ 10.4792, 52.05965 ], [ 10.47299, 52.05878 ], [ 10.46664, 52.05943 ], [ 10.46724, 52.06055 ], [ 10.46687, 52.06233 ], [ 10.46646, 52.06225 ], [ 10.46291, 52.065 ], [ 10.46336, 52.06517 ], [ 10.46203, 52.06754 ], [ 10.46173, 52.07042 ], [ 10.46208, 52.07375 ], [ 10.45724, 52.07308 ], [ 10.45766, 52.07708 ], [ 10.45286, 52.0837 ], [ 10.45233, 52.08369 ], [ 10.45223, 52.08442 ], [ 10.451, 52.08437 ], [ 10.45091, 52.08701 ], [ 10.44927, 52.08719 ], [ 10.44937, 52.08919 ], [ 10.44864, 52.08968 ], [ 10.44539, 52.08962 ], [ 10.44524, 52.09022 ], [ 10.44377, 52.09025 ], [ 10.44336, 52.09131 ], [ 10.44238, 52.09236 ], [ 10.44282, 52.09362 ], [ 10.44497, 52.09423 ], [ 10.44617, 52.09609 ], [ 10.44598, 52.09684 ], [ 10.44645, 52.0969 ], [ 10.44567, 52.09821 ], [ 10.44446, 52.09891 ], [ 10.44022, 52.1042 ], [ 10.43642, 52.10698 ], [ 10.43344, 52.1098 ], [ 10.42754, 52.11278 ], [ 10.42875, 52.11632 ], [ 10.42958, 52.11597 ], [ 10.43042, 52.11857 ], [ 10.43103, 52.12178 ], [ 10.43062, 52.12256 ], [ 10.4315, 52.12254 ], [ 10.43263, 52.12631 ], [ 10.43368, 52.1263 ], [ 10.43457, 52.12923 ], [ 10.43182, 52.12926 ], [ 10.43317, 52.13096 ], [ 10.43828, 52.13955 ], [ 10.44237, 52.13998 ], [ 10.44264, 52.13929 ], [ 10.44635, 52.14224 ], [ 10.45003, 52.14462 ], [ 10.4545, 52.14861 ], [ 10.4795, 52.16868 ], [ 10.48463, 52.16886 ], [ 10.48439, 52.17205 ], [ 10.49234, 52.17255 ], [ 10.49314, 52.17499 ], [ 10.50016, 52.17572 ], [ 10.4987, 52.17782 ], [ 10.50215, 52.17796 ], [ 10.50312, 52.17903 ], [ 10.49875, 52.17974 ], [ 10.49866, 52.18108 ], [ 10.50093, 52.18169 ], [ 10.5007, 52.18265 ], [ 10.50378, 52.18321 ], [ 10.50353, 52.18383 ], [ 10.5078, 52.18379 ], [ 10.5065, 52.18702 ], [ 10.50535, 52.18679 ], [ 10.50432, 52.18862 ], [ 10.50359, 52.18848 ], [ 10.50105, 52.19209 ], [ 10.49954, 52.19183 ], [ 10.49793, 52.19413 ], [ 10.49492, 52.19356 ], [ 10.49431, 52.19568 ], [ 10.49388, 52.19565 ], [ 10.49351, 52.19647 ], [ 10.49307, 52.19874 ], [ 10.49152, 52.19868 ], [ 10.49209, 52.19957 ], [ 10.49123, 52.19962 ], [ 10.49207, 52.20073 ], [ 10.49129, 52.20047 ], [ 10.48799, 52.20486 ], [ 10.48621, 52.2064 ], [ 10.48652, 52.20711 ], [ 10.48229, 52.20518 ], [ 10.47952, 52.20438 ], [ 10.47761, 52.20353 ], [ 10.47685, 52.20286 ], [ 10.46908, 52.20174 ], [ 10.46869, 52.20282 ], [ 10.46817, 52.20275 ], [ 10.46784, 52.20396 ] ] ] } },
{ "type": "Feature", "properties": { "stadt": "Gütersloh" }, "geometry": { "type": "Polygon", "coordinates": [ [ [ 8.45626, 51.90535 ], [ 8.46262, 51.90643 ], [ 8.46424, 51.90739 ], [ 8.46516, 51.90736 ], [ 8.46765, 51.90828 ], [ 8.47022, 51.90857 ], [ 8.47856, 51.90924 ], [ 8.48258, 51.909 ], [ 8.48606, 51.90989 ], [ 8.49093, 51.90968 ], [ 8.49186, 51.90953 ], [ 8.49216, 51.90897 ], [ 8.49289, 51.90899 ], [ 8.49633, 51.91053 ], [ 8.49761, 51.9107 ], [ 8.49859, 51.91137 ], [ 8.49957, 51.91073 ], [ 8.50016, 51.91082 ], [ 8.50047, 51.91036 ], [ 8.50197, 51.91063 ], [ 8.50511, 51.91247 ], [ 8.50599, 51.91487 ], [ 8.50448, 51.92223 ], [ 8.50383, 51.92338 ], [ 8.50292, 51.92358 ], [ 8.50105, 51.92495 ], [ 8.49655, 51.9303 ], [ 8.4961, 51.93114 ], [ 8.49825, 51.93322 ], [ 8.49545, 51.9352 ], [ 8.49411, 51.93569 ], [ 8.4952, 51.93644 ], [ 8.49326, 51.93828 ], [ 8.49399, 51.93984 ], [ 8.4908, 51.94014 ], [ 8.49144, 51.94154 ], [ 8.48987, 51.94313 ], [ 8.48929, 51.94256 ], [ 8.48711, 51.94345 ], [ 8.48763, 51.94397 ], [ 8.48686, 51.94531 ], [ 8.48483, 51.94406 ], [ 8.48445, 51.9445 ], [ 8.48343, 51.94404 ], [ 8.48254, 51.94554 ], [ 8.47724, 51.9451 ], [ 8.47413, 51.94436 ], [ 8.47234, 51.94452 ], [ 8.47288, 51.94386 ], [ 8.46972, 51.9436 ], [ 8.46984, 51.94481 ], [ 8.4721, 51.94509 ], [ 8.4722, 51.94602 ], [ 8.472, 51.94638 ], [ 8.47076, 51.94621 ], [ 8.46909, 51.94961 ], [ 8.46721, 51.94988 ], [ 8.46736, 51.95006 ], [ 8.46698, 51.95039 ], [ 8.46209, 51.94916 ], [ 8.45674, 51.94893 ], [ 8.44577, 51.94773 ], [ 8.44502, 51.94676 ], [ 8.44147, 51.94658 ], [ 8.43644, 51.94526 ], [ 8.43552, 51.9454 ], [ 8.43542, 51.94575 ], [ 8.43321, 51.94615 ], [ 8.43135, 51.94565 ], [ 8.43073, 51.94581 ], [ 8.42858, 51.94471 ], [ 8.42719, 51.94465 ], [ 8.42652, 51.94576 ], [ 8.42814, 51.94577 ], [ 8.42359, 51.95134 ], [ 8.42385, 51.95156 ], [ 8.42251, 51.9541 ], [ 8.42117, 51.95439 ], [ 8.4209, 51.95585 ], [ 8.42018, 51.95674 ], [ 8.42075, 51.95706 ], [ 8.42088, 51.95798 ], [ 8.41966, 51.95992 ], [ 8.41692, 51.95904 ], [ 8.41507, 51.95905 ], [ 8.41597, 51.96053 ], [ 8.4152, 51.96096 ], [ 8.41417, 51.96085 ], [ 8.41303, 51.96046 ], [ 8.41423, 51.95936 ], [ 8.4108, 51.95882 ], [ 8.41069, 51.95913 ], [ 8.40811, 51.95888 ], [ 8.40779, 51.96019 ], [ 8.40735, 51.96014 ], [ 8.40674, 51.96007 ], [ 8.40694, 51.95885 ], [ 8.40451, 51.95854 ], [ 8.40396, 51.95929 ], [ 8.39627, 51.95747 ], [ 8.39536, 51.95903 ], [ 8.39503, 51.96051 ], [ 8.39127, 51.95995 ], [ 8.39071, 51.96087 ], [ 8.39371, 51.96133 ], [ 8.39332, 51.96257 ], [ 8.39149, 51.96219 ], [ 8.38913, 51.96465 ], [ 8.38904, 51.9653 ], [ 8.39222, 51.96515 ], [ 8.39224, 51.96719 ], [ 8.39062, 51.96709 ], [ 8.39009, 51.9684 ], [ 8.38793, 51.96821 ], [ 8.38417, 51.96709 ], [ 8.38067, 51.96963 ], [ 8.37948, 51.97029 ], [ 8.37868, 51.97014 ], [ 8.37815, 51.9712 ], [ 8.37782, 51.97281 ], [ 8.38132, 51.97337 ], [ 8.38147, 51.97418 ], [ 8.38079, 51.97424 ], [ 8.38068, 51.97491 ], [ 8.37812, 51.9741 ], [ 8.37707, 51.97546 ], [ 8.37335, 51.97601 ], [ 8.37121, 51.97488 ], [ 8.36926, 51.97538 ], [ 8.3699, 51.97624 ], [ 8.36724, 51.97712 ], [ 8.36749, 51.97502 ], [ 8.36309, 51.97478 ], [ 8.36234, 51.97607 ], [ 8.35732, 51.97478 ], [ 8.35352, 51.9747 ], [ 8.35353, 51.97521 ], [ 8.34796, 51.97565 ], [ 8.34782, 51.97486 ], [ 8.34707, 51.97483 ], [ 8.34698, 51.97351 ], [ 8.34245, 51.97291 ], [ 8.3421, 51.97173 ], [ 8.34041, 51.97217 ], [ 8.33765, 51.97114 ], [ 8.33384, 51.97037 ], [ 8.33365, 51.97003 ], [ 8.33477, 51.96868 ], [ 8.33208, 51.96794 ], [ 8.32851, 51.9676 ], [ 8.32711, 51.96668 ], [ 8.32566, 51.96624 ], [ 8.3253, 51.9668 ], [ 8.31897, 51.96857 ], [ 8.31814, 51.96792 ], [ 8.3127, 51.96767 ], [ 8.31255, 51.96729 ], [ 8.31311, 51.96617 ], [ 8.31377, 51.96529 ], [ 8.31487, 51.96458 ], [ 8.31472, 51.96436 ], [ 8.3155, 51.96393 ], [ 8.31668, 51.96408 ], [ 8.31621, 51.96291 ], [ 8.31648, 51.96241 ], [ 8.31575, 51.9613 ], [ 8.31615, 51.96074 ], [ 8.31579, 51.96021 ], [ 8.3152, 51.96009 ], [ 8.31596, 51.95957 ], [ 8.31706, 51.95984 ], [ 8.31879, 51.96113 ], [ 8.31926, 51.96022 ], [ 8.31979, 51.96025 ], [ 8.31965, 51.95896 ], [ 8.31992, 51.95772 ], [ 8.32245, 51.9542 ], [ 8.32285, 51.95415 ], [ 8.32526, 51.95188 ], [ 8.3262, 51.95159 ], [ 8.3262, 51.95032 ], [ 8.32882, 51.95072 ], [ 8.32907, 51.94977 ], [ 8.32855, 51.94973 ], [ 8.32808, 51.94683 ], [ 8.32844, 51.94628 ], [ 8.32979, 51.94672 ], [ 8.33005, 51.9465 ], [ 8.33059, 51.94394 ], [ 8.32973, 51.94369 ], [ 8.33167, 51.94083 ], [ 8.33224, 51.9407 ], [ 8.33177, 51.94008 ], [ 8.33233, 51.93969 ], [ 8.33207, 51.93815 ], [ 8.33084, 51.93821 ], [ 8.32961, 51.93572 ], [ 8.32804, 51.9346 ], [ 8.32865, 51.93417 ], [ 8.32325, 51.93028 ], [ 8.3215, 51.92731 ], [ 8.31796, 51.92824 ], [ 8.31239, 51.93138 ], [ 8.30379, 51.93543 ], [ 8.29945, 51.93144 ], [ 8.29842, 51.93145 ], [ 8.29847, 51.93089 ], [ 8.29687, 51.92998 ], [ 8.29688, 51.92933 ], [ 8.29625, 51.92874 ], [ 8.29515, 51.92927 ], [ 8.29387, 51.92868 ], [ 8.29107, 51.92873 ], [ 8.28876, 51.92766 ], [ 8.28939, 51.92698 ], [ 8.28665, 51.9257 ], [ 8.2877, 51.92522 ], [ 8.28564, 51.92523 ], [ 8.28548, 51.92303 ], [ 8.28756, 51.92155 ], [ 8.29177, 51.92036 ], [ 8.29683, 51.91972 ], [ 8.29993, 51.91838 ], [ 8.30572, 51.91516 ], [ 8.31028, 51.91372 ], [ 8.31167, 51.91272 ], [ 8.31315, 51.90979 ], [ 8.3129, 51.90757 ], [ 8.31372, 51.90676 ], [ 8.31238, 51.90667 ], [ 8.31556, 51.90469 ], [ 8.3163, 51.90515 ], [ 8.31709, 51.90403 ], [ 8.31683, 51.90302 ], [ 8.31385, 51.90112 ], [ 8.31255, 51.89941 ], [ 8.31446, 51.89601 ], [ 8.31718, 51.89672 ], [ 8.3169, 51.897 ], [ 8.32225, 51.89791 ], [ 8.3224, 51.89664 ], [ 8.3221, 51.89509 ], [ 8.3239, 51.89525 ], [ 8.33048, 51.8948 ], [ 8.32957, 51.89451 ], [ 8.33064, 51.89317 ], [ 8.32848, 51.89247 ], [ 8.32937, 51.89183 ], [ 8.32664, 51.8907 ], [ 8.32483, 51.88915 ], [ 8.32277, 51.88956 ], [ 8.321, 51.8875 ], [ 8.32061, 51.88751 ], [ 8.32055, 51.88712 ], [ 8.32365, 51.8866 ], [ 8.32469, 51.88716 ], [ 8.32527, 51.88612 ], [ 8.325, 51.88503 ], [ 8.32712, 51.88439 ], [ 8.32932, 51.88298 ], [ 8.32524, 51.88097 ], [ 8.32965, 51.87557 ], [ 8.33038, 51.87589 ], [ 8.33186, 51.8744 ], [ 8.33744, 51.87713 ], [ 8.33774, 51.87692 ], [ 8.34043, 51.87864 ], [ 8.34087, 51.87849 ], [ 8.3443, 51.88052 ], [ 8.3448, 51.88038 ], [ 8.3461, 51.88126 ], [ 8.34738, 51.88121 ], [ 8.34896, 51.88193 ], [ 8.35431, 51.88085 ], [ 8.35531, 51.88156 ], [ 8.35452, 51.88074 ], [ 8.35783, 51.88004 ], [ 8.3585, 51.87862 ], [ 8.35894, 51.87658 ], [ 8.359, 51.87595 ], [ 8.35711, 51.87562 ], [ 8.35743, 51.87389 ], [ 8.3556, 51.8743 ], [ 8.35636, 51.87261 ], [ 8.35788, 51.87279 ], [ 8.35818, 51.87205 ], [ 8.35866, 51.87209 ], [ 8.365, 51.86707 ], [ 8.36395, 51.86382 ], [ 8.36893, 51.8624 ], [ 8.37313, 51.85982 ], [ 8.38135, 51.85658 ], [ 8.38349, 51.85661 ], [ 8.38807, 51.85601 ], [ 8.39796, 51.85732 ], [ 8.39914, 51.85716 ], [ 8.40022, 51.85765 ], [ 8.40181, 51.8593 ], [ 8.40335, 51.86008 ], [ 8.4062, 51.86092 ], [ 8.41321, 51.8616 ], [ 8.41565, 51.8626 ], [ 8.41622, 51.86202 ], [ 8.41739, 51.86212 ], [ 8.4219, 51.86453 ], [ 8.42303, 51.86544 ], [ 8.42455, 51.86565 ], [ 8.42595, 51.8676 ], [ 8.42745, 51.86823 ], [ 8.42963, 51.86815 ], [ 8.43238, 51.8694 ], [ 8.43573, 51.8701 ], [ 8.43533, 51.87045 ], [ 8.43591, 51.87082 ], [ 8.43866, 51.87153 ], [ 8.44608, 51.87469 ], [ 8.44951, 51.87675 ], [ 8.4504, 51.87786 ], [ 8.45258, 51.87889 ], [ 8.45338, 51.87996 ], [ 8.453, 51.88015 ], [ 8.45586, 51.88327 ], [ 8.45401, 51.88415 ], [ 8.45426, 51.88442 ], [ 8.45035, 51.88491 ], [ 8.44937, 51.88653 ], [ 8.44786, 51.88625 ], [ 8.44705, 51.88799 ], [ 8.44774, 51.88822 ], [ 8.44606, 51.88973 ], [ 8.44825, 51.89068 ], [ 8.44792, 51.89127 ], [ 8.45451, 51.89432 ], [ 8.44966, 51.89639 ], [ 8.45542, 51.89975 ], [ 8.45626, 51.90535 ] ] ] } },
{ "type": "Feature", "properties": { "stadt": "Hanau" }, "geometry": { "type": "Polygon", "coordinates": [ [ [ 8.92063, 50.15493 ], [ 8.9214, 50.1532 ], [ 8.91632, 50.15278 ], [ 8.91024, 50.15143 ], [ 8.90941, 50.15174 ], [ 8.90949, 50.15287 ], [ 8.90915, 50.15291 ], [ 8.90859, 50.15264 ], [ 8.90851, 50.15107 ], [ 8.90523, 50.15071 ], [ 8.90291, 50.15008 ], [ 8.90255, 50.14922 ], [ 8.90121, 50.14903 ], [ 8.90125, 50.14852 ], [ 8.90031, 50.14858 ], [ 8.90029, 50.14969 ], [ 8.89822, 50.15216 ], [ 8.89975, 50.15306 ], [ 8.90058, 50.15474 ], [ 8.90294, 50.15671 ], [ 8.90125, 50.1596 ], [ 8.90133, 50.16064 ], [ 8.90357, 50.16143 ], [ 8.90401, 50.16209 ], [ 8.90392, 50.16257 ], [ 8.9048, 50.16346 ], [ 8.90498, 50.16464 ], [ 8.90373, 50.165 ], [ 8.90305, 50.16559 ], [ 8.90307, 50.16632 ], [ 8.90245, 50.1674 ], [ 8.90166, 50.17047 ], [ 8.90319, 50.17152 ], [ 8.90281, 50.17301 ], [ 8.90556, 50.1737 ], [ 8.90618, 50.17303 ], [ 8.90872, 50.17323 ], [ 8.90857, 50.17355 ], [ 8.90892, 50.17378 ], [ 8.90765, 50.17594 ], [ 8.90712, 50.1777 ], [ 8.90745, 50.17837 ], [ 8.90845, 50.17869 ], [ 8.90725, 50.17948 ], [ 8.90724, 50.18006 ], [ 8.90698, 50.18004 ], [ 8.90738, 50.1827 ], [ 8.90878, 50.18537 ], [ 8.90869, 50.18755 ], [ 8.90832, 50.18843 ], [ 8.90468, 50.18796 ], [ 8.90332, 50.19122 ], [ 8.89965, 50.19133 ], [ 8.89951, 50.19297 ], [ 8.89527, 50.19347 ], [ 8.89525, 50.19419 ], [ 8.89324, 50.19425 ], [ 8.89317, 50.1948 ], [ 8.88783, 50.19465 ], [ 8.88775, 50.19499 ], [ 8.8854, 50.19493 ], [ 8.88473, 50.19551 ], [ 8.88244, 50.19391 ], [ 8.88293, 50.1937 ], [ 8.88169, 50.193 ], [ 8.88221, 50.19236 ], [ 8.88, 50.19157 ], [ 8.88019, 50.1914 ], [ 8.87879, 50.19072 ], [ 8.87526, 50.18797 ], [ 8.87166, 50.18775 ], [ 8.87109, 50.1867 ], [ 8.86805, 50.18726 ], [ 8.86569, 50.18464 ], [ 8.86609, 50.18461 ], [ 8.86573, 50.18207 ], [ 8.86244, 50.18286 ], [ 8.86198, 50.18239 ], [ 8.86516, 50.18194 ], [ 8.86479, 50.18083 ], [ 8.86532, 50.18066 ], [ 8.87009, 50.18043 ], [ 8.87141, 50.17859 ], [ 8.87154, 50.17746 ], [ 8.87224, 50.17753 ], [ 8.87263, 50.17669 ], [ 8.87344, 50.17681 ], [ 8.87496, 50.17461 ], [ 8.87429, 50.17438 ], [ 8.87524, 50.17279 ], [ 8.87437, 50.17251 ], [ 8.87493, 50.17162 ], [ 8.87523, 50.17172 ], [ 8.87571, 50.17117 ], [ 8.87688, 50.16936 ], [ 8.87661, 50.16927 ], [ 8.87771, 50.16705 ], [ 8.87805, 50.16538 ], [ 8.87945, 50.16409 ], [ 8.88047, 50.162 ], [ 8.88156, 50.16072 ], [ 8.88216, 50.15874 ], [ 8.88235, 50.15676 ], [ 8.87413, 50.15448 ], [ 8.86912, 50.15221 ], [ 8.86379, 50.14753 ], [ 8.86933, 50.14627 ], [ 8.87618, 50.14606 ], [ 8.87624, 50.14578 ], [ 8.87575, 50.14566 ], [ 8.87556, 50.1452 ], [ 8.8754, 50.14424 ], [ 8.87455, 50.14422 ], [ 8.87377, 50.14313 ], [ 8.87321, 50.14135 ], [ 8.87438, 50.13851 ], [ 8.87647, 50.13662 ], [ 8.87659, 50.13343 ], [ 8.87838, 50.13071 ], [ 8.87759, 50.12856 ], [ 8.88079, 50.12814 ], [ 8.88006, 50.12498 ], [ 8.88684, 50.12448 ], [ 8.88624, 50.12238 ], [ 8.88624, 50.12094 ], [ 8.88417, 50.11328 ], [ 8.88363, 50.11351 ], [ 8.88119, 50.11015 ], [ 8.88081, 50.10725 ], [ 8.8799, 50.10419 ], [ 8.8795, 50.10419 ], [ 8.87913, 50.10342 ], [ 8.87849, 50.10337 ], [ 8.87899, 50.10164 ], [ 8.8774, 50.0998 ], [ 8.87531, 50.09985 ], [ 8.87495, 50.09961 ], [ 8.87516, 50.09735 ], [ 8.87396, 50.09503 ], [ 8.87991, 50.0933 ], [ 8.88137, 50.09364 ], [ 8.88228, 50.08725 ], [ 8.88359, 50.0871 ], [ 8.88145, 50.08616 ], [ 8.88153, 50.08567 ], [ 8.88581, 50.08296 ], [ 8.88478, 50.08231 ], [ 8.88426, 50.08149 ], [ 8.88401, 50.0802 ], [ 8.88993, 50.0785 ], [ 8.89546, 50.07755 ], [ 8.9009, 50.07731 ], [ 8.90073, 50.07615 ], [ 8.909, 50.07533 ], [ 8.90916, 50.07633 ], [ 8.91146, 50.07631 ], [ 8.91469, 50.07775 ], [ 8.9171, 50.08013 ], [ 8.91598, 50.08294 ], [ 8.91345, 50.08547 ], [ 8.91367, 50.08628 ], [ 8.91501, 50.08572 ], [ 8.91625, 50.0862 ], [ 8.92693, 50.08703 ], [ 8.9269, 50.08665 ], [ 8.93382, 50.08609 ], [ 8.93406, 50.0862 ], [ 8.9341, 50.08733 ], [ 8.93845, 50.08797 ], [ 8.93729, 50.08951 ], [ 8.94318, 50.09043 ], [ 8.94226, 50.09703 ], [ 8.94585, 50.09708 ], [ 8.94596, 50.09594 ], [ 8.94673, 50.09455 ], [ 8.94718, 50.09472 ], [ 8.94973, 50.09271 ], [ 8.9502, 50.09272 ], [ 8.95509, 50.09016 ], [ 8.95562, 50.09008 ], [ 8.95603, 50.09057 ], [ 8.95646, 50.0899 ], [ 8.95683, 50.08984 ], [ 8.95619, 50.08904 ], [ 8.95673, 50.08861 ], [ 8.95897, 50.08831 ], [ 8.96157, 50.08855 ], [ 8.96768, 50.09013 ], [ 8.96894, 50.09005 ], [ 8.9707, 50.0909 ], [ 8.96943, 50.09216 ], [ 8.97745, 50.09485 ], [ 8.98175, 50.09666 ], [ 8.9861, 50.09682 ], [ 8.99178, 50.09566 ], [ 8.99848, 50.09969 ], [ 9.00292, 50.09745 ], [ 9.00455, 50.09913 ], [ 9.0091, 50.10519 ], [ 9.01072, 50.1062 ], [ 9.01375, 50.10911 ], [ 9.01837, 50.11154 ], [ 9.02176, 50.11215 ], [ 9.02977, 50.11261 ], [ 9.03024, 50.11332 ], [ 9.02983, 50.11559 ], [ 9.02928, 50.11681 ], [ 9.02924, 50.11835 ], [ 9.02646, 50.11981 ], [ 9.02407, 50.12011 ], [ 9.02334, 50.11967 ], [ 9.02116, 50.11957 ], [ 9.02179, 50.1209 ], [ 9.02285, 50.12715 ], [ 9.02196, 50.12781 ], [ 9.02316, 50.12922 ], [ 9.02325, 50.13052 ], [ 9.02281, 50.13102 ], [ 9.02327, 50.13122 ], [ 9.02311, 50.13156 ], [ 9.02138, 50.1309 ], [ 9.01777, 50.13632 ], [ 9.01421, 50.13829 ], [ 9.01299, 50.14197 ], [ 9.0111, 50.14119 ], [ 9.01033, 50.142 ], [ 9.01211, 50.14252 ], [ 9.01116, 50.14243 ], [ 9.01105, 50.14266 ], [ 9.00975, 50.1423 ], [ 9.0091, 50.14414 ], [ 9.00654, 50.14478 ], [ 9.00467, 50.1441 ], [ 9.00257, 50.14497 ], [ 8.99509, 50.14199 ], [ 8.99173, 50.14374 ], [ 8.99135, 50.14428 ], [ 8.99219, 50.14527 ], [ 8.98858, 50.14849 ], [ 8.98659, 50.14769 ], [ 8.98588, 50.14763 ], [ 8.98435, 50.14823 ], [ 8.98363, 50.14805 ], [ 8.98367, 50.1475 ], [ 8.98243, 50.14775 ], [ 8.9822, 50.14803 ], [ 8.98272, 50.14896 ], [ 8.98232, 50.14982 ], [ 8.98339, 50.15006 ], [ 8.9837, 50.15092 ], [ 8.98413, 50.15121 ], [ 8.98399, 50.15224 ], [ 8.98194, 50.15225 ], [ 8.98155, 50.15206 ], [ 8.98157, 50.15135 ], [ 8.98006, 50.15171 ], [ 8.97894, 50.15122 ], [ 8.97911, 50.14955 ], [ 8.97831, 50.1492 ], [ 8.97916, 50.14882 ], [ 8.97917, 50.14854 ], [ 8.97865, 50.14839 ], [ 8.97804, 50.1473 ], [ 8.97661, 50.14746 ], [ 8.97792, 50.14607 ], [ 8.97631, 50.14552 ], [ 8.97617, 50.14511 ], [ 8.97653, 50.14476 ], [ 8.97618, 50.14454 ], [ 8.97424, 50.14469 ], [ 8.97475, 50.14412 ], [ 8.97555, 50.14402 ], [ 8.97577, 50.14361 ], [ 8.97384, 50.14319 ], [ 8.97426, 50.14246 ], [ 8.97328, 50.14142 ], [ 8.97386, 50.14124 ], [ 8.97425, 50.14059 ], [ 8.97349, 50.14001 ], [ 8.97336, 50.13919 ], [ 8.97414, 50.13915 ], [ 8.97504, 50.1396 ], [ 8.97543, 50.13905 ], [ 8.97356, 50.13839 ], [ 8.9735, 50.13751 ], [ 8.97208, 50.13736 ], [ 8.97288, 50.13692 ], [ 8.97353, 50.13695 ], [ 8.97363, 50.13665 ], [ 8.97199, 50.13613 ], [ 8.97197, 50.13528 ], [ 8.96983, 50.13451 ], [ 8.96839, 50.135 ], [ 8.96786, 50.13486 ], [ 8.9677, 50.1342 ], [ 8.96843, 50.13402 ], [ 8.96851, 50.13361 ], [ 8.96596, 50.13355 ], [ 8.96515, 50.1329 ], [ 8.96417, 50.13309 ], [ 8.96409, 50.13244 ], [ 8.96561, 50.13214 ], [ 8.96566, 50.13168 ], [ 8.96496, 50.1315 ], [ 8.96252, 50.13238 ], [ 8.96178, 50.13145 ], [ 8.96063, 50.13112 ], [ 8.95788, 50.13222 ], [ 8.95638, 50.1321 ], [ 8.95633, 50.1326 ], [ 8.95707, 50.13282 ], [ 8.95902, 50.1346 ], [ 8.96108, 50.13532 ], [ 8.9612, 50.13566 ], [ 8.96084, 50.13638 ], [ 8.95936, 50.13762 ], [ 8.96128, 50.13912 ], [ 8.96159, 50.14112 ], [ 8.96291, 50.14282 ], [ 8.96206, 50.1437 ], [ 8.96048, 50.14462 ], [ 8.95793, 50.14501 ], [ 8.95487, 50.14489 ], [ 8.95703, 50.1469 ], [ 8.9568, 50.1478 ], [ 8.95613, 50.14856 ], [ 8.95491, 50.14922 ], [ 8.95473, 50.14985 ], [ 8.95525, 50.1501 ], [ 8.95656, 50.14997 ], [ 8.95791, 50.15061 ], [ 8.95802, 50.15101 ], [ 8.95733, 50.15196 ], [ 8.9557, 50.15277 ], [ 8.95427, 50.15414 ], [ 8.95542, 50.15575 ], [ 8.95542, 50.15619 ], [ 8.95588, 50.15652 ], [ 8.95614, 50.15634 ], [ 8.95675, 50.15713 ], [ 8.95621, 50.15731 ], [ 8.9556, 50.15863 ], [ 8.95598, 50.15902 ], [ 8.95142, 50.1587 ], [ 8.95144, 50.15824 ], [ 8.94983, 50.15809 ], [ 8.94974, 50.15844 ], [ 8.94711, 50.15789 ], [ 8.9445, 50.15659 ], [ 8.94079, 50.15571 ], [ 8.93948, 50.15584 ], [ 8.93921, 50.15628 ], [ 8.93733, 50.15675 ], [ 8.93637, 50.15766 ], [ 8.93355, 50.15675 ], [ 8.93151, 50.15686 ], [ 8.92748, 50.15484 ], [ 8.92507, 50.15452 ], [ 8.92333, 50.15505 ], [ 8.92063, 50.15493 ] ] ] } },
{ "type": "Feature", "properties": { "stadt": "Siegen" }, "geometry": { "type": "Polygon", "coordinates": [ [ [ 7.93948, 50.92755 ], [ 7.93958, 50.92621 ], [ 7.94135, 50.92622 ], [ 7.94136, 50.92559 ], [ 7.94205, 50.92493 ], [ 7.9442, 50.92384 ], [ 7.94517, 50.92451 ], [ 7.9471, 50.92393 ], [ 7.94739, 50.92351 ], [ 7.95104, 50.92303 ], [ 7.95085, 50.92117 ], [ 7.95191, 50.92048 ], [ 7.95254, 50.91946 ], [ 7.95505, 50.91733 ], [ 7.95539, 50.91646 ], [ 7.95647, 50.91531 ], [ 7.95874, 50.91364 ], [ 7.95865, 50.91317 ], [ 7.95593, 50.91281 ], [ 7.9563, 50.91269 ], [ 7.95575, 50.91171 ], [ 7.95602, 50.91145 ], [ 7.95656, 50.91193 ], [ 7.9588, 50.91217 ], [ 7.95753, 50.90965 ], [ 7.95697, 50.90935 ], [ 7.95711, 50.90878 ], [ 7.95632, 50.90832 ], [ 7.95814, 50.90758 ], [ 7.96011, 50.90776 ], [ 7.96062, 50.907 ], [ 7.95955, 50.90639 ], [ 7.95776, 50.90712 ], [ 7.95605, 50.90571 ], [ 7.95577, 50.90466 ], [ 7.95636, 50.90381 ], [ 7.95632, 50.90307 ], [ 7.95479, 50.90193 ], [ 7.95446, 50.90064 ], [ 7.95476, 50.89913 ], [ 7.95577, 50.89788 ], [ 7.95614, 50.89638 ], [ 7.95248, 50.895 ], [ 7.95168, 50.8928 ], [ 7.95319, 50.8922 ], [ 7.95283, 50.89183 ], [ 7.95435, 50.89053 ], [ 7.9535, 50.88996 ], [ 7.95399, 50.88938 ], [ 7.95286, 50.88996 ], [ 7.94956, 50.88938 ], [ 7.94926, 50.89059 ], [ 7.9483, 50.89035 ], [ 7.94776, 50.89096 ], [ 7.94713, 50.89098 ], [ 7.94511, 50.89242 ], [ 7.94305, 50.89158 ], [ 7.94528, 50.88983 ], [ 7.94074, 50.88902 ], [ 7.93909, 50.8878 ], [ 7.93877, 50.88722 ], [ 7.9396, 50.88711 ], [ 7.93893, 50.88532 ], [ 7.93784, 50.88457 ], [ 7.93935, 50.88303 ], [ 7.93908, 50.88297 ], [ 7.93997, 50.88131 ], [ 7.93876, 50.88071 ], [ 7.93925, 50.87978 ], [ 7.93826, 50.87913 ], [ 7.93771, 50.87752 ], [ 7.93561, 50.87615 ], [ 7.93598, 50.87588 ], [ 7.93497, 50.87535 ], [ 7.93418, 50.87445 ], [ 7.9347, 50.87382 ], [ 7.93459, 50.87311 ], [ 7.9351, 50.87266 ], [ 7.93399, 50.87056 ], [ 7.93579, 50.86804 ], [ 7.93495, 50.86749 ], [ 7.93235, 50.86757 ], [ 7.93191, 50.86611 ], [ 7.93131, 50.86608 ], [ 7.93188, 50.86531 ], [ 7.93255, 50.86501 ], [ 7.93177, 50.86399 ], [ 7.93207, 50.86331 ], [ 7.93459, 50.86377 ], [ 7.93519, 50.86018 ], [ 7.9384, 50.86016 ], [ 7.93811, 50.8596 ], [ 7.93921, 50.85703 ], [ 7.93829, 50.85491 ], [ 7.93583, 50.853 ], [ 7.93649, 50.85267 ], [ 7.93573, 50.85201 ], [ 7.93237, 50.8507 ], [ 7.93062, 50.84925 ], [ 7.92535, 50.84638 ], [ 7.925, 50.84592 ], [ 7.92569, 50.8448 ], [ 7.92619, 50.84487 ], [ 7.92739, 50.84544 ], [ 7.92775, 50.84622 ], [ 7.9293, 50.8462 ], [ 7.92951, 50.84675 ], [ 7.93441, 50.84701 ], [ 7.93777, 50.84859 ], [ 7.9419, 50.84815 ], [ 7.94179, 50.84786 ], [ 7.94206, 50.8478 ], [ 7.94255, 50.84808 ], [ 7.94334, 50.84798 ], [ 7.94443, 50.84739 ], [ 7.94485, 50.84776 ], [ 7.94471, 50.84802 ], [ 7.94595, 50.84751 ], [ 7.94722, 50.84635 ], [ 7.94987, 50.84579 ], [ 7.95273, 50.84596 ], [ 7.9535, 50.84639 ], [ 7.95409, 50.84629 ], [ 7.9547, 50.84706 ], [ 7.95702, 50.84827 ], [ 7.9571, 50.84882 ], [ 7.9576, 50.84888 ], [ 7.9604, 50.84811 ], [ 7.96402, 50.84601 ], [ 7.96488, 50.84479 ], [ 7.96716, 50.84403 ], [ 7.9673, 50.8424 ], [ 7.96818, 50.8413 ], [ 7.96837, 50.83933 ], [ 7.96714, 50.83816 ], [ 7.96853, 50.83719 ], [ 7.96799, 50.83695 ], [ 7.96819, 50.83578 ], [ 7.96957, 50.83562 ], [ 7.97002, 50.83499 ], [ 7.97204, 50.8345 ], [ 7.9736, 50.83344 ], [ 7.97798, 50.83384 ], [ 7.97819, 50.83347 ], [ 7.97733, 50.83252 ], [ 7.97741, 50.83176 ], [ 7.97621, 50.83016 ], [ 7.97384, 50.82863 ], [ 7.97527, 50.8272 ], [ 7.97631, 50.8255 ], [ 7.97645, 50.82492 ], [ 7.97554, 50.82336 ], [ 7.97623, 50.82076 ], [ 7.97426, 50.81862 ], [ 7.97343, 50.81637 ], [ 7.97238, 50.81465 ], [ 7.97477, 50.81407 ], [ 7.97941, 50.81419 ], [ 7.98177, 50.81393 ], [ 7.98709, 50.81141 ], [ 7.99247, 50.81171 ], [ 7.99399, 50.81228 ], [ 7.99544, 50.81331 ], [ 7.99795, 50.81375 ], [ 7.99901, 50.8147 ], [ 8.00088, 50.8155 ], [ 8.00202, 50.81502 ], [ 8.00343, 50.8155 ], [ 8.004, 50.81601 ], [ 8.01865, 50.81993 ], [ 8.02196, 50.82015 ], [ 8.02637, 50.81945 ], [ 8.03286, 50.81756 ], [ 8.0373, 50.81713 ], [ 8.04378, 50.81511 ], [ 8.04675, 50.81551 ], [ 8.05152, 50.81673 ], [ 8.05161, 50.81868 ], [ 8.05125, 50.81939 ], [ 8.05204, 50.81967 ], [ 8.05138, 50.82046 ], [ 8.0512, 50.82152 ], [ 8.05188, 50.82308 ], [ 8.05148, 50.82348 ], [ 8.05014, 50.82381 ], [ 8.05191, 50.82605 ], [ 8.05313, 50.82707 ], [ 8.05179, 50.8275 ], [ 8.05268, 50.82878 ], [ 8.04933, 50.82945 ], [ 8.04934, 50.82995 ], [ 8.04994, 50.83049 ], [ 8.05103, 50.83473 ], [ 8.05248, 50.83516 ], [ 8.0509, 50.83982 ], [ 8.05004, 50.83977 ], [ 8.0492, 50.84095 ], [ 8.05195, 50.84315 ], [ 8.05334, 50.84329 ], [ 8.05278, 50.84462 ], [ 8.05021, 50.84446 ], [ 8.05032, 50.84494 ], [ 8.05169, 50.84496 ], [ 8.04952, 50.84696 ], [ 8.04738, 50.84805 ], [ 8.045, 50.84821 ], [ 8.04636, 50.85046 ], [ 8.0477, 50.85046 ], [ 8.04836, 50.85143 ], [ 8.05081, 50.85097 ], [ 8.05152, 50.85163 ], [ 8.05093, 50.85215 ], [ 8.05132, 50.85253 ], [ 8.0508, 50.85288 ], [ 8.05041, 50.85567 ], [ 8.05173, 50.85747 ], [ 8.05216, 50.85742 ], [ 8.05344, 50.85604 ], [ 8.05442, 50.85442 ], [ 8.05532, 50.85414 ], [ 8.056, 50.85457 ], [ 8.05619, 50.85527 ], [ 8.05554, 50.85615 ], [ 8.05691, 50.85678 ], [ 8.05922, 50.85709 ], [ 8.05918, 50.85869 ], [ 8.06178, 50.86012 ], [ 8.06702, 50.86121 ], [ 8.06919, 50.85971 ], [ 8.06977, 50.86023 ], [ 8.07032, 50.86011 ], [ 8.07062, 50.86063 ], [ 8.07891, 50.86188 ], [ 8.07987, 50.8623 ], [ 8.08157, 50.86202 ], [ 8.07909, 50.86512 ], [ 8.07973, 50.86676 ], [ 8.08101, 50.86787 ], [ 8.08592, 50.86789 ], [ 8.08669, 50.86593 ], [ 8.08844, 50.86627 ], [ 8.09174, 50.86602 ], [ 8.0933, 50.86714 ], [ 8.09242, 50.86775 ], [ 8.09275, 50.86796 ], [ 8.09207, 50.86861 ], [ 8.09334, 50.86855 ], [ 8.09831, 50.87157 ], [ 8.10141, 50.87217 ], [ 8.10292, 50.87104 ], [ 8.10478, 50.87047 ], [ 8.10555, 50.87102 ], [ 8.10784, 50.87121 ], [ 8.10809, 50.87163 ], [ 8.11077, 50.87145 ], [ 8.11596, 50.87272 ], [ 8.11926, 50.87301 ], [ 8.12094, 50.87251 ], [ 8.12295, 50.87239 ], [ 8.12535, 50.87326 ], [ 8.12698, 50.87473 ], [ 8.12766, 50.87577 ], [ 8.12792, 50.87702 ], [ 8.12767, 50.87766 ], [ 8.12416, 50.88045 ], [ 8.11977, 50.88552 ], [ 8.11852, 50.88607 ], [ 8.11466, 50.88932 ], [ 8.11255, 50.88913 ], [ 8.11188, 50.89105 ], [ 8.11236, 50.89114 ], [ 8.11207, 50.89164 ], [ 8.10817, 50.89437 ], [ 8.1068, 50.89768 ], [ 8.10456, 50.89806 ], [ 8.10367, 50.89875 ], [ 8.1005, 50.89946 ], [ 8.09895, 50.90068 ], [ 8.09506, 50.89851 ], [ 8.08925, 50.89813 ], [ 8.0868, 50.89896 ], [ 8.08553, 50.89875 ], [ 8.08426, 50.89899 ], [ 8.08386, 50.89749 ], [ 8.08128, 50.89694 ], [ 8.07583, 50.89645 ], [ 8.07405, 50.89636 ], [ 8.07288, 50.8969 ], [ 8.0718, 50.89846 ], [ 8.06328, 50.89895 ], [ 8.05846, 50.89793 ], [ 8.05666, 50.89788 ], [ 8.05355, 50.90035 ], [ 8.05262, 50.9014 ], [ 8.05245, 50.90209 ], [ 8.05065, 50.90322 ], [ 8.04783, 50.90399 ], [ 8.04703, 50.90707 ], [ 8.04338, 50.90908 ], [ 8.04164, 50.90888 ], [ 8.04111, 50.91107 ], [ 8.03805, 50.91275 ], [ 8.03762, 50.91374 ], [ 8.03519, 50.91607 ], [ 8.03245, 50.91747 ], [ 8.03467, 50.91874 ], [ 8.03686, 50.91907 ], [ 8.0438, 50.91872 ], [ 8.04702, 50.91971 ], [ 8.04714, 50.92121 ], [ 8.05014, 50.92315 ], [ 8.04968, 50.92327 ], [ 8.04957, 50.92399 ], [ 8.05046, 50.92502 ], [ 8.05098, 50.92502 ], [ 8.05108, 50.92621 ], [ 8.05153, 50.926 ], [ 8.05212, 50.92686 ], [ 8.05618, 50.92866 ], [ 8.05736, 50.92965 ], [ 8.05629, 50.93016 ], [ 8.05595, 50.93075 ], [ 8.05639, 50.93198 ], [ 8.05702, 50.93259 ], [ 8.0582, 50.93285 ], [ 8.05722, 50.93345 ], [ 8.05638, 50.93339 ], [ 8.05551, 50.93382 ], [ 8.05463, 50.93534 ], [ 8.05392, 50.93794 ], [ 8.04777, 50.94021 ], [ 8.04715, 50.94074 ], [ 8.04569, 50.94265 ], [ 8.04547, 50.94515 ], [ 8.0431, 50.94781 ], [ 8.04272, 50.94904 ], [ 8.04174, 50.94992 ], [ 8.04125, 50.94965 ], [ 8.03576, 50.94957 ], [ 8.0311, 50.95107 ], [ 8.02798, 50.95131 ], [ 8.02695, 50.95007 ], [ 8.02578, 50.95077 ], [ 8.02248, 50.95078 ], [ 8.01965, 50.94841 ], [ 8.01824, 50.9441 ], [ 8.0184, 50.94298 ], [ 8.02066, 50.94075 ], [ 8.0234, 50.93666 ], [ 8.02343, 50.9332 ], [ 8.02181, 50.93141 ], [ 8.0215, 50.9303 ], [ 8.02159, 50.9291 ], [ 8.02226, 50.92815 ], [ 8.02176, 50.92718 ], [ 8.01932, 50.92552 ], [ 8.01477, 50.92423 ], [ 8.01316, 50.9261 ], [ 8.01239, 50.92763 ], [ 8.01163, 50.92786 ], [ 8.00929, 50.92734 ], [ 8.00777, 50.92738 ], [ 8.00746, 50.9279 ], [ 8.00765, 50.92806 ], [ 8.00649, 50.92925 ], [ 8.00451, 50.93029 ], [ 8.0018, 50.93293 ], [ 8.00053, 50.93263 ], [ 7.99745, 50.93585 ], [ 7.99602, 50.93816 ], [ 7.99531, 50.93875 ], [ 7.99664, 50.93968 ], [ 7.99353, 50.94292 ], [ 7.98999, 50.94278 ], [ 7.98904, 50.94298 ], [ 7.98809, 50.94366 ], [ 7.98777, 50.94346 ], [ 7.98341, 50.94433 ], [ 7.98122, 50.94418 ], [ 7.9795, 50.94529 ], [ 7.9788, 50.94495 ], [ 7.97838, 50.94349 ], [ 7.97795, 50.94334 ], [ 7.97618, 50.94345 ], [ 7.97515, 50.94548 ], [ 7.96694, 50.9448 ], [ 7.96791, 50.9436 ], [ 7.96954, 50.9428 ], [ 7.97027, 50.94145 ], [ 7.97023, 50.9408 ], [ 7.96993, 50.94093 ], [ 7.96928, 50.94005 ], [ 7.9684, 50.9398 ], [ 7.96663, 50.9398 ], [ 7.96475, 50.94056 ], [ 7.96083, 50.93882 ], [ 7.9612, 50.9381 ], [ 7.95987, 50.94065 ], [ 7.95959, 50.93935 ], [ 7.95789, 50.93854 ], [ 7.95565, 50.93855 ], [ 7.95293, 50.93797 ], [ 7.95161, 50.93836 ], [ 7.95054, 50.94017 ], [ 7.94995, 50.94205 ], [ 7.94938, 50.94224 ], [ 7.94733, 50.94066 ], [ 7.94587, 50.94051 ], [ 7.94463, 50.93974 ], [ 7.94289, 50.9399 ], [ 7.94136, 50.9405 ], [ 7.94068, 50.94033 ], [ 7.94149, 50.9399 ], [ 7.94147, 50.93801 ], [ 7.94072, 50.93782 ], [ 7.94065, 50.93751 ], [ 7.93676, 50.93665 ], [ 7.93451, 50.93563 ], [ 7.93301, 50.93688 ], [ 7.93132, 50.93635 ], [ 7.93062, 50.93668 ], [ 7.92961, 50.93578 ], [ 7.9294, 50.93587 ], [ 7.92982, 50.93662 ], [ 7.92908, 50.93688 ], [ 7.92742, 50.93655 ], [ 7.92676, 50.93715 ], [ 7.92475, 50.93661 ], [ 7.92318, 50.93754 ], [ 7.92377, 50.93799 ], [ 7.92279, 50.93844 ], [ 7.92159, 50.9377 ], [ 7.92223, 50.93729 ], [ 7.92259, 50.9362 ], [ 7.92382, 50.93487 ], [ 7.92663, 50.93425 ], [ 7.92747, 50.93303 ], [ 7.93858, 50.93037 ], [ 7.93907, 50.93004 ], [ 7.93915, 50.92936 ], [ 7.94082, 50.92876 ], [ 7.94035, 50.92832 ], [ 7.93897, 50.92794 ], [ 7.93948, 50.92755 ] ] ] } },
{ "type": "Feature", "properties": { "stadt": "Flensburg" }, "geometry": { "type": "Polygon", "coordinates": [ [ [ 9.46295, 54.83166 ], [ 9.46011, 54.83331 ], [ 9.44943, 54.83281 ], [ 9.43748, 54.82798 ], [ 9.44752, 54.82554 ], [ 9.42151, 54.82294 ], [ 9.41998, 54.82301 ], [ 9.41875, 54.82258 ], [ 9.41799, 54.82192 ], [ 9.41577, 54.82193 ], [ 9.41515, 54.82128 ], [ 9.41327, 54.82099 ], [ 9.41264, 54.82374 ], [ 9.41195, 54.82433 ], [ 9.41102, 54.82417 ], [ 9.41088, 54.82344 ], [ 9.41047, 54.82319 ], [ 9.40967, 54.82333 ], [ 9.40861, 54.82284 ], [ 9.40822, 54.82202 ], [ 9.40459, 54.82255 ], [ 9.40486, 54.82152 ], [ 9.40676, 54.81983 ], [ 9.41137, 54.81878 ], [ 9.41218, 54.81748 ], [ 9.41196, 54.81702 ], [ 9.41025, 54.81606 ], [ 9.41041, 54.81493 ], [ 9.40926, 54.8145 ], [ 9.40862, 54.81261 ], [ 9.41009, 54.81239 ], [ 9.40703, 54.81004 ], [ 9.40532, 54.80802 ], [ 9.4048, 54.80633 ], [ 9.40533, 54.80386 ], [ 9.40826, 54.80043 ], [ 9.40932, 54.79854 ], [ 9.40782, 54.7979 ], [ 9.40812, 54.79782 ], [ 9.40784, 54.79766 ], [ 9.40727, 54.79769 ], [ 9.40737, 54.79731 ], [ 9.40144, 54.79515 ], [ 9.38504, 54.79033 ], [ 9.37824, 54.78918 ], [ 9.37858, 54.78857 ], [ 9.37825, 54.78775 ], [ 9.37738, 54.78721 ], [ 9.37701, 54.78645 ], [ 9.37353, 54.78411 ], [ 9.37321, 54.78398 ], [ 9.37274, 54.7844 ], [ 9.3573, 54.78094 ], [ 9.35736, 54.77942 ], [ 9.36479, 54.77146 ], [ 9.36787, 54.76567 ], [ 9.37128, 54.76143 ], [ 9.37028, 54.76069 ], [ 9.37315, 54.75922 ], [ 9.37436, 54.75763 ], [ 9.37644, 54.75662 ], [ 9.37857, 54.75314 ], [ 9.40738, 54.75341 ], [ 9.4141, 54.75315 ], [ 9.42671, 54.75362 ], [ 9.43205, 54.75315 ], [ 9.43772, 54.75362 ], [ 9.44494, 54.75289 ], [ 9.44887, 54.7518 ], [ 9.45988, 54.75322 ], [ 9.46033, 54.75423 ], [ 9.46114, 54.75494 ], [ 9.46142, 54.75625 ], [ 9.46133, 54.75795 ], [ 9.45971, 54.76086 ], [ 9.46014, 54.76133 ], [ 9.46001, 54.76187 ], [ 9.46583, 54.76528 ], [ 9.47033, 54.76634 ], [ 9.47383, 54.7697 ], [ 9.47446, 54.76995 ], [ 9.47445, 54.77164 ], [ 9.48111, 54.77054 ], [ 9.48661, 54.77075 ], [ 9.48787, 54.77041 ], [ 9.48902, 54.76967 ], [ 9.49237, 54.76987 ], [ 9.49372, 54.76919 ], [ 9.49457, 54.76977 ], [ 9.49484, 54.77028 ], [ 9.49452, 54.77066 ], [ 9.49459, 54.77113 ], [ 9.49494, 54.77128 ], [ 9.49567, 54.77131 ], [ 9.49671, 54.77052 ], [ 9.49678, 54.77098 ], [ 9.5015, 54.7716 ], [ 9.50614, 54.77302 ], [ 9.50539, 54.77344 ], [ 9.50377, 54.77319 ], [ 9.50324, 54.77378 ], [ 9.50388, 54.77566 ], [ 9.50493, 54.77584 ], [ 9.50498, 54.77618 ], [ 9.5026, 54.77832 ], [ 9.5023, 54.77909 ], [ 9.5031, 54.78056 ], [ 9.50277, 54.78058 ], [ 9.50309, 54.78151 ], [ 9.50362, 54.78173 ], [ 9.50379, 54.78295 ], [ 9.50427, 54.78335 ], [ 9.50424, 54.78366 ], [ 9.50381, 54.78366 ], [ 9.50411, 54.78468 ], [ 9.50306, 54.78739 ], [ 9.50419, 54.78698 ], [ 9.50451, 54.78731 ], [ 9.50445, 54.78823 ], [ 9.5049, 54.78868 ], [ 9.5044, 54.78933 ], [ 9.50586, 54.79025 ], [ 9.50677, 54.79118 ], [ 9.50681, 54.79165 ], [ 9.50604, 54.79234 ], [ 9.50259, 54.79372 ], [ 9.50139, 54.7946 ], [ 9.50049, 54.79595 ], [ 9.49974, 54.79598 ], [ 9.50006, 54.79681 ], [ 9.49897, 54.79859 ], [ 9.50137, 54.79847 ], [ 9.50365, 54.79953 ], [ 9.50496, 54.79939 ], [ 9.5056, 54.7997 ], [ 9.50556, 54.8007 ], [ 9.50319, 54.80096 ], [ 9.50363, 54.80136 ], [ 9.50348, 54.80199 ], [ 9.49958, 54.80366 ], [ 9.49981, 54.80377 ], [ 9.49966, 54.80443 ], [ 9.50051, 54.80487 ], [ 9.5038, 54.80535 ], [ 9.50614, 54.80521 ], [ 9.50715, 54.80702 ], [ 9.50425, 54.80754 ], [ 9.50475, 54.80837 ], [ 9.50452, 54.80945 ], [ 9.50524, 54.80992 ], [ 9.50105, 54.81285 ], [ 9.49771, 54.81397 ], [ 9.49711, 54.81457 ], [ 9.49584, 54.81397 ], [ 9.49436, 54.81482 ], [ 9.49224, 54.81482 ], [ 9.49151, 54.81615 ], [ 9.49141, 54.81824 ], [ 9.49104, 54.81941 ], [ 9.4933, 54.81926 ], [ 9.49222, 54.82008 ], [ 9.49176, 54.82154 ], [ 9.4928, 54.82156 ], [ 9.49271, 54.82187 ], [ 9.48293, 54.83707 ], [ 9.46295, 54.83166 ] ] ] } },
{ "type": "Feature", "properties": { "stadt": "Cottbus" }, "geometry": { "type": "MultiPolygon", "coordinates": [ [ [ [ 14.4679, 51.75663 ], [ 14.47104, 51.75764 ], [ 14.46981, 51.75927 ], [ 14.4679, 51.75663 ] ] ], [ [ [ 14.28494, 51.75183 ], [ 14.2796, 51.75118 ], [ 14.28123, 51.74836 ], [ 14.28054, 51.74831 ], [ 14.28065, 51.74782 ], [ 14.27565, 51.74767 ], [ 14.2753, 51.74467 ], [ 14.2756, 51.74453 ], [ 14.27577, 51.73775 ], [ 14.28549, 51.7359 ], [ 14.28722, 51.73444 ], [ 14.29034, 51.7339 ], [ 14.28541, 51.72894 ], [ 14.28581, 51.72775 ], [ 14.28981, 51.72833 ], [ 14.29008, 51.72558 ], [ 14.28756, 51.72537 ], [ 14.28761, 51.72494 ], [ 14.29677, 51.72508 ], [ 14.29819, 51.7258 ], [ 14.29907, 51.72582 ], [ 14.30219, 51.72511 ], [ 14.30088, 51.72443 ], [ 14.30967, 51.72219 ], [ 14.30754, 51.71432 ], [ 14.30835, 51.70992 ], [ 14.3078, 51.708 ], [ 14.30837, 51.70789 ], [ 14.30811, 51.70668 ], [ 14.30615, 51.70561 ], [ 14.30433, 51.70333 ], [ 14.30235, 51.70214 ], [ 14.30464, 51.70046 ], [ 14.30476, 51.70076 ], [ 14.31089, 51.70056 ], [ 14.31125, 51.70126 ], [ 14.31852, 51.70023 ], [ 14.32064, 51.6997 ], [ 14.32169, 51.69859 ], [ 14.3302, 51.69632 ], [ 14.33354, 51.69583 ], [ 14.33348, 51.69496 ], [ 14.33823, 51.69613 ], [ 14.33846, 51.69423 ], [ 14.33928, 51.69253 ], [ 14.3433, 51.69355 ], [ 14.34419, 51.69408 ], [ 14.34507, 51.69594 ], [ 14.34665, 51.69595 ], [ 14.3489, 51.69697 ], [ 14.36022, 51.6978 ], [ 14.36803, 51.69788 ], [ 14.37628, 51.69676 ], [ 14.37773, 51.69739 ], [ 14.3772, 51.69884 ], [ 14.37553, 51.70014 ], [ 14.37326, 51.7008 ], [ 14.37284, 51.7015 ], [ 14.37287, 51.70215 ], [ 14.37554, 51.7038 ], [ 14.37647, 51.70571 ], [ 14.37578, 51.70653 ], [ 14.3825, 51.7089 ], [ 14.38213, 51.71165 ], [ 14.3832, 51.7122 ], [ 14.38357, 51.71312 ], [ 14.38527, 51.71265 ], [ 14.38887, 51.71074 ], [ 14.38981, 51.71009 ], [ 14.39083, 51.70834 ], [ 14.39319, 51.70858 ], [ 14.39444, 51.70749 ], [ 14.39676, 51.70636 ], [ 14.397, 51.70595 ], [ 14.39914, 51.70547 ], [ 14.39905, 51.70499 ], [ 14.40032, 51.70488 ], [ 14.40295, 51.7035 ], [ 14.40365, 51.70275 ], [ 14.42005, 51.70479 ], [ 14.43545, 51.70423 ], [ 14.44339, 51.70332 ], [ 14.44517, 51.70803 ], [ 14.44868, 51.71465 ], [ 14.44952, 51.71878 ], [ 14.45071, 51.72145 ], [ 14.44727, 51.72369 ], [ 14.43461, 51.72927 ], [ 14.43237, 51.73007 ], [ 14.4213, 51.73086 ], [ 14.41669, 51.73284 ], [ 14.41439, 51.73456 ], [ 14.40883, 51.73709 ], [ 14.40033, 51.74005 ], [ 14.395, 51.7424 ], [ 14.39521, 51.74389 ], [ 14.39462, 51.74519 ], [ 14.39507, 51.74754 ], [ 14.39489, 51.74873 ], [ 14.39396, 51.75052 ], [ 14.39273, 51.7512 ], [ 14.39176, 51.75261 ], [ 14.39156, 51.75357 ], [ 14.39656, 51.75242 ], [ 14.40206, 51.75194 ], [ 14.40354, 51.75209 ], [ 14.40873, 51.7536 ], [ 14.41642, 51.7543 ], [ 14.41789, 51.75384 ], [ 14.42852, 51.7531 ], [ 14.43419, 51.75226 ], [ 14.43781, 51.7499 ], [ 14.44373, 51.74924 ], [ 14.45015, 51.7476 ], [ 14.45572, 51.74842 ], [ 14.46353, 51.7486 ], [ 14.46436, 51.75308 ], [ 14.46353, 51.75608 ], [ 14.46347, 51.75765 ], [ 14.46668, 51.76273 ], [ 14.47282, 51.77668 ], [ 14.48112, 51.77613 ], [ 14.48186, 51.77788 ], [ 14.48323, 51.77882 ], [ 14.48336, 51.77938 ], [ 14.48654, 51.77973 ], [ 14.49017, 51.77491 ], [ 14.4921, 51.77477 ], [ 14.49469, 51.77783 ], [ 14.50113, 51.77812 ], [ 14.50055, 51.78015 ], [ 14.50129, 51.78058 ], [ 14.49915, 51.78459 ], [ 14.49348, 51.78379 ], [ 14.49202, 51.78325 ], [ 14.48959, 51.78678 ], [ 14.49132, 51.78766 ], [ 14.49332, 51.7898 ], [ 14.49512, 51.79096 ], [ 14.49068, 51.79516 ], [ 14.49355, 51.79774 ], [ 14.49048, 51.79862 ], [ 14.48834, 51.79876 ], [ 14.48843, 51.79907 ], [ 14.48946, 51.79899 ], [ 14.48978, 51.7994 ], [ 14.48857, 51.7995 ], [ 14.48876, 51.80018 ], [ 14.48945, 51.79999 ], [ 14.49003, 51.80201 ], [ 14.49103, 51.80264 ], [ 14.4925, 51.80515 ], [ 14.49001, 51.80531 ], [ 14.48743, 51.80342 ], [ 14.48387, 51.80194 ], [ 14.48006, 51.80212 ], [ 14.47559, 51.80163 ], [ 14.47601, 51.80036 ], [ 14.47525, 51.80039 ], [ 14.475, 51.79949 ], [ 14.4727, 51.79923 ], [ 14.47239, 51.8004 ], [ 14.47155, 51.80046 ], [ 14.4678, 51.79994 ], [ 14.46739, 51.79954 ], [ 14.46679, 51.79952 ], [ 14.46681, 51.79989 ], [ 14.46404, 51.79983 ], [ 14.46016, 51.80022 ], [ 14.45851, 51.80067 ], [ 14.4525, 51.80352 ], [ 14.45155, 51.8053 ], [ 14.45357, 51.80848 ], [ 14.4506, 51.81283 ], [ 14.4463, 51.81512 ], [ 14.43119, 51.80471 ], [ 14.43099, 51.80407 ], [ 14.43027, 51.80405 ], [ 14.4286, 51.80281 ], [ 14.42623, 51.80212 ], [ 14.42257, 51.80045 ], [ 14.41769, 51.8009 ], [ 14.4135, 51.80168 ], [ 14.41109, 51.80166 ], [ 14.4112, 51.80123 ], [ 14.40583, 51.80048 ], [ 14.40143, 51.80567 ], [ 14.3977, 51.80554 ], [ 14.39775, 51.80659 ], [ 14.39857, 51.80767 ], [ 14.39868, 51.80923 ], [ 14.39721, 51.80928 ], [ 14.39594, 51.80859 ], [ 14.39582, 51.81109 ], [ 14.39337, 51.8108 ], [ 14.3971, 51.81138 ], [ 14.39237, 51.81512 ], [ 14.39172, 51.81648 ], [ 14.39152, 51.818 ], [ 14.38689, 51.81698 ], [ 14.38595, 51.81938 ], [ 14.38612, 51.82047 ], [ 14.38314, 51.82003 ], [ 14.3816, 51.82201 ], [ 14.37967, 51.82194 ], [ 14.378, 51.82249 ], [ 14.37654, 51.82492 ], [ 14.37292, 51.82761 ], [ 14.37235, 51.82838 ], [ 14.372, 51.82974 ], [ 14.37092, 51.8307 ], [ 14.37765, 51.83671 ], [ 14.37858, 51.84104 ], [ 14.37811, 51.84185 ], [ 14.38305, 51.84171 ], [ 14.38605, 51.83985 ], [ 14.38719, 51.84435 ], [ 14.38836, 51.84442 ], [ 14.38816, 51.84454 ], [ 14.38865, 51.84516 ], [ 14.38948, 51.84869 ], [ 14.39107, 51.84854 ], [ 14.39152, 51.85046 ], [ 14.39359, 51.85035 ], [ 14.39374, 51.85253 ], [ 14.37814, 51.8544 ], [ 14.3762, 51.85438 ], [ 14.37444, 51.85321 ], [ 14.37265, 51.85302 ], [ 14.36682, 51.85338 ], [ 14.36506, 51.85418 ], [ 14.36076, 51.85307 ], [ 14.35639, 51.85337 ], [ 14.35162, 51.85283 ], [ 14.34902, 51.85323 ], [ 14.34682, 51.85219 ], [ 14.33565, 51.84976 ], [ 14.33418, 51.85002 ], [ 14.3348, 51.85203 ], [ 14.33624, 51.85361 ], [ 14.32606, 51.85589 ], [ 14.32333, 51.85728 ], [ 14.32325, 51.85704 ], [ 14.31971, 51.85735 ], [ 14.3212, 51.86247 ], [ 14.31501, 51.86304 ], [ 14.31024, 51.86415 ], [ 14.30674, 51.86395 ], [ 14.30355, 51.86422 ], [ 14.30126, 51.85713 ], [ 14.30114, 51.855 ], [ 14.30196, 51.85495 ], [ 14.30171, 51.85343 ], [ 14.30088, 51.8535 ], [ 14.30019, 51.84918 ], [ 14.29694, 51.8475 ], [ 14.29775, 51.84599 ], [ 14.29787, 51.84456 ], [ 14.30503, 51.83596 ], [ 14.30303, 51.82859 ], [ 14.30287, 51.82532 ], [ 14.30564, 51.82492 ], [ 14.3115, 51.82274 ], [ 14.31226, 51.82153 ], [ 14.3058, 51.81904 ], [ 14.30599, 51.8178 ], [ 14.30715, 51.81638 ], [ 14.30474, 51.81392 ], [ 14.29887, 51.80897 ], [ 14.28761, 51.80522 ], [ 14.28505, 51.80501 ], [ 14.2828, 51.80415 ], [ 14.27479, 51.80339 ], [ 14.27364, 51.80111 ], [ 14.27329, 51.79498 ], [ 14.27507, 51.7923 ], [ 14.27738, 51.79214 ], [ 14.27843, 51.78713 ], [ 14.28238, 51.78363 ], [ 14.28259, 51.78234 ], [ 14.28205, 51.78197 ], [ 14.28182, 51.78077 ], [ 14.283, 51.78005 ], [ 14.28316, 51.77955 ], [ 14.28259, 51.77914 ], [ 14.28309, 51.77853 ], [ 14.28284, 51.77802 ], [ 14.28357, 51.77768 ], [ 14.28274, 51.77694 ], [ 14.2834, 51.77632 ], [ 14.2828, 51.77563 ], [ 14.28351, 51.77532 ], [ 14.28404, 51.77456 ], [ 14.28508, 51.7743 ], [ 14.28541, 51.77387 ], [ 14.28662, 51.77369 ], [ 14.28758, 51.77249 ], [ 14.28808, 51.77046 ], [ 14.2869, 51.77057 ], [ 14.27885, 51.76844 ], [ 14.27901, 51.76759 ], [ 14.27493, 51.76711 ], [ 14.2757, 51.76462 ], [ 14.2794, 51.76506 ], [ 14.2797, 51.7635 ], [ 14.28, 51.76351 ], [ 14.27818, 51.76337 ], [ 14.27885, 51.75885 ], [ 14.27802, 51.75857 ], [ 14.28025, 51.75497 ], [ 14.28101, 51.75542 ], [ 14.2817, 51.7545 ], [ 14.28336, 51.75489 ], [ 14.28494, 51.75183 ] ] ] ] } },
{ "type": "Feature", "properties": { "stadt": "Schwerin" }, "geometry": { "type": "Polygon", "coordinates": [ [ [ 11.33987, 53.67394 ], [ 11.33898, 53.67445 ], [ 11.33649, 53.67144 ], [ 11.33544, 53.67162 ], [ 11.33379, 53.67249 ], [ 11.33373, 53.67175 ], [ 11.33301, 53.67064 ], [ 11.3285, 53.6696 ], [ 11.32201, 53.67141 ], [ 11.31953, 53.67073 ], [ 11.3199, 53.67049 ], [ 11.31947, 53.67006 ], [ 11.32005, 53.66975 ], [ 11.31957, 53.66932 ], [ 11.31961, 53.66669 ], [ 11.31678, 53.66297 ], [ 11.31386, 53.66325 ], [ 11.30511, 53.66253 ], [ 11.30344, 53.6626 ], [ 11.30313, 53.66297 ], [ 11.3026, 53.66287 ], [ 11.3028, 53.66244 ], [ 11.29603, 53.66127 ], [ 11.29606, 53.66091 ], [ 11.29631, 53.65993 ], [ 11.29746, 53.66012 ], [ 11.30345, 53.65827 ], [ 11.30171, 53.65248 ], [ 11.30488, 53.65007 ], [ 11.3063, 53.64965 ], [ 11.30678, 53.64764 ], [ 11.30744, 53.64727 ], [ 11.3105, 53.64682 ], [ 11.31677, 53.64734 ], [ 11.3185, 53.64703 ], [ 11.31997, 53.64631 ], [ 11.32207, 53.6465 ], [ 11.32793, 53.64504 ], [ 11.32618, 53.64386 ], [ 11.32668, 53.64365 ], [ 11.32574, 53.64288 ], [ 11.33165, 53.64034 ], [ 11.33055, 53.6395 ], [ 11.33086, 53.63926 ], [ 11.33503, 53.63723 ], [ 11.34033, 53.63325 ], [ 11.34171, 53.63313 ], [ 11.34276, 53.63356 ], [ 11.34542, 53.63285 ], [ 11.3463, 53.63214 ], [ 11.34953, 53.62763 ], [ 11.3515, 53.62701 ], [ 11.35614, 53.6245 ], [ 11.35993, 53.62414 ], [ 11.35773, 53.6232 ], [ 11.35767, 53.62057 ], [ 11.35653, 53.62058 ], [ 11.35585, 53.61616 ], [ 11.35593, 53.61343 ], [ 11.36038, 53.61341 ], [ 11.36204, 53.6116 ], [ 11.36611, 53.60887 ], [ 11.36629, 53.60846 ], [ 11.36539, 53.60754 ], [ 11.36522, 53.6062 ], [ 11.364, 53.60517 ], [ 11.3627, 53.60117 ], [ 11.36259, 53.60169 ], [ 11.36127, 53.60157 ], [ 11.36174, 53.59749 ], [ 11.35616, 53.5968 ], [ 11.35688, 53.59394 ], [ 11.35813, 53.59437 ], [ 11.35974, 53.5933 ], [ 11.37392, 53.58372 ], [ 11.37954, 53.57862 ], [ 11.36772, 53.55938 ], [ 11.36593, 53.55582 ], [ 11.3713, 53.55512 ], [ 11.37103, 53.5544 ], [ 11.37876, 53.55329 ], [ 11.38059, 53.55479 ], [ 11.38496, 53.55417 ], [ 11.38474, 53.55441 ], [ 11.38599, 53.55593 ], [ 11.38677, 53.55527 ], [ 11.38747, 53.5561 ], [ 11.3888, 53.55574 ], [ 11.38661, 53.55264 ], [ 11.39089, 53.55214 ], [ 11.38955, 53.54944 ], [ 11.3886, 53.54932 ], [ 11.38841, 53.54651 ], [ 11.38365, 53.54592 ], [ 11.38355, 53.54436 ], [ 11.42301, 53.54947 ], [ 11.42453, 53.54538 ], [ 11.46173, 53.5502 ], [ 11.46131, 53.55186 ], [ 11.4685, 53.55262 ], [ 11.46586, 53.55652 ], [ 11.48369, 53.55844 ], [ 11.4816, 53.56094 ], [ 11.48201, 53.5611 ], [ 11.47199, 53.56421 ], [ 11.45196, 53.56978 ], [ 11.44989, 53.57296 ], [ 11.45932, 53.57549 ], [ 11.47033, 53.57914 ], [ 11.47065, 53.57858 ], [ 11.4732, 53.57939 ], [ 11.47462, 53.58004 ], [ 11.47508, 53.58281 ], [ 11.47554, 53.58363 ], [ 11.4836, 53.58274 ], [ 11.48194, 53.57808 ], [ 11.48764, 53.57969 ], [ 11.48915, 53.58384 ], [ 11.49054, 53.58961 ], [ 11.49001, 53.59199 ], [ 11.49038, 53.59317 ], [ 11.49178, 53.59511 ], [ 11.493, 53.59604 ], [ 11.49437, 53.59665 ], [ 11.49585, 53.59614 ], [ 11.49707, 53.59634 ], [ 11.49709, 53.59975 ], [ 11.49651, 53.5999 ], [ 11.49582, 53.6007 ], [ 11.49619, 53.60107 ], [ 11.49604, 53.60166 ], [ 11.49526, 53.6015 ], [ 11.49492, 53.60173 ], [ 11.49487, 53.60263 ], [ 11.49518, 53.60273 ], [ 11.49501, 53.60381 ], [ 11.49719, 53.60457 ], [ 11.49964, 53.60242 ], [ 11.50083, 53.60249 ], [ 11.50498, 53.60549 ], [ 11.50548, 53.60632 ], [ 11.50547, 53.60724 ], [ 11.50488, 53.608 ], [ 11.50371, 53.60889 ], [ 11.50283, 53.61038 ], [ 11.50159, 53.61111 ], [ 11.50397, 53.61364 ], [ 11.50426, 53.61461 ], [ 11.50429, 53.61511 ], [ 11.50396, 53.6153 ], [ 11.50422, 53.61623 ], [ 11.50402, 53.61796 ], [ 11.50472, 53.62098 ], [ 11.50395, 53.62273 ], [ 11.50054, 53.62592 ], [ 11.49927, 53.62808 ], [ 11.49752, 53.62901 ], [ 11.49139, 53.63096 ], [ 11.48846, 53.63239 ], [ 11.48774, 53.63242 ], [ 11.48503, 53.63375 ], [ 11.48436, 53.63444 ], [ 11.48422, 53.63518 ], [ 11.48474, 53.63701 ], [ 11.4839, 53.64125 ], [ 11.48454, 53.64444 ], [ 11.48491, 53.64502 ], [ 11.48331, 53.64838 ], [ 11.48369, 53.64849 ], [ 11.48402, 53.64939 ], [ 11.48583, 53.65157 ], [ 11.48584, 53.65281 ], [ 11.48488, 53.65632 ], [ 11.48496, 53.65717 ], [ 11.48394, 53.65993 ], [ 11.48535, 53.66226 ], [ 11.48538, 53.66365 ], [ 11.48565, 53.66373 ], [ 11.48601, 53.66514 ], [ 11.48489, 53.66799 ], [ 11.48323, 53.66961 ], [ 11.48181, 53.67037 ], [ 11.48089, 53.67181 ], [ 11.4799, 53.67232 ], [ 11.48018, 53.67603 ], [ 11.47681, 53.6791 ], [ 11.47661, 53.67961 ], [ 11.47683, 53.68034 ], [ 11.47518, 53.68218 ], [ 11.47423, 53.68255 ], [ 11.47194, 53.68434 ], [ 11.46869, 53.68536 ], [ 11.46495, 53.68418 ], [ 11.46333, 53.68208 ], [ 11.46308, 53.68125 ], [ 11.46186, 53.68029 ], [ 11.4599, 53.67892 ], [ 11.45683, 53.67788 ], [ 11.45548, 53.6788 ], [ 11.4534, 53.67941 ], [ 11.45107, 53.67904 ], [ 11.45026, 53.68018 ], [ 11.44937, 53.68044 ], [ 11.44902, 53.68044 ], [ 11.449, 53.67972 ], [ 11.44865, 53.67958 ], [ 11.44694, 53.67993 ], [ 11.4464, 53.68062 ], [ 11.44465, 53.68024 ], [ 11.44273, 53.68067 ], [ 11.44084, 53.67997 ], [ 11.43886, 53.67982 ], [ 11.43636, 53.68032 ], [ 11.43511, 53.68119 ], [ 11.43446, 53.68293 ], [ 11.43463, 53.68355 ], [ 11.43614, 53.68502 ], [ 11.42984, 53.68553 ], [ 11.43017, 53.68726 ], [ 11.4293, 53.68734 ], [ 11.42914, 53.68653 ], [ 11.42029, 53.68723 ], [ 11.41996, 53.68608 ], [ 11.41053, 53.6869 ], [ 11.40758, 53.68067 ], [ 11.40698, 53.67875 ], [ 11.40523, 53.6774 ], [ 11.40025, 53.67697 ], [ 11.39904, 53.67857 ], [ 11.39811, 53.67873 ], [ 11.39527, 53.68023 ], [ 11.39592, 53.67954 ], [ 11.39021, 53.67557 ], [ 11.38655, 53.67952 ], [ 11.37617, 53.67984 ], [ 11.37314, 53.67915 ], [ 11.36645, 53.67324 ], [ 11.36827, 53.6724 ], [ 11.36752, 53.67045 ], [ 11.36843, 53.66927 ], [ 11.36826, 53.66873 ], [ 11.36634, 53.66816 ], [ 11.36385, 53.66786 ], [ 11.36116, 53.66891 ], [ 11.36156, 53.66964 ], [ 11.36025, 53.67052 ], [ 11.36033, 53.6716 ], [ 11.35943, 53.67193 ], [ 11.35836, 53.67321 ], [ 11.3589, 53.67486 ], [ 11.356, 53.67538 ], [ 11.35672, 53.67609 ], [ 11.35706, 53.67749 ], [ 11.35771, 53.67742 ], [ 11.35842, 53.67886 ], [ 11.35837, 53.68072 ], [ 11.35563, 53.6806 ], [ 11.35565, 53.67915 ], [ 11.35692, 53.67909 ], [ 11.35694, 53.67863 ], [ 11.35419, 53.67789 ], [ 11.35431, 53.6774 ], [ 11.3569, 53.67741 ], [ 11.35664, 53.67612 ], [ 11.35581, 53.6754 ], [ 11.35361, 53.67557 ], [ 11.35205, 53.67517 ], [ 11.35111, 53.67428 ], [ 11.34968, 53.67438 ], [ 11.34844, 53.67499 ], [ 11.34591, 53.67552 ], [ 11.34506, 53.67603 ], [ 11.34456, 53.67707 ], [ 11.34387, 53.67749 ], [ 11.34352, 53.67737 ], [ 11.34342, 53.67666 ], [ 11.34281, 53.67642 ], [ 11.34092, 53.67735 ], [ 11.34051, 53.67713 ], [ 11.34077, 53.67641 ], [ 11.34153, 53.67589 ], [ 11.33987, 53.67394 ] ], [ [ 11.36974, 53.62049 ], [ 11.36826, 53.61886 ], [ 11.36111, 53.61965 ], [ 11.36191, 53.62102 ], [ 11.36375, 53.62239 ], [ 11.36802, 53.62066 ], [ 11.36974, 53.62049 ] ] ] } },
{ "type": "Feature", "properties": { "stadt": "Hildesheim" }, "geometry": { "type": "Polygon", "coordinates": [ [ [ 9.97856, 52.18782 ], [ 9.96313, 52.18529 ], [ 9.95223, 52.18406 ], [ 9.9507, 52.18789 ], [ 9.94798, 52.19269 ], [ 9.93587, 52.1911 ], [ 9.93457, 52.19112 ], [ 9.93289, 52.19165 ], [ 9.93209, 52.19082 ], [ 9.9238, 52.19001 ], [ 9.92453, 52.18895 ], [ 9.92401, 52.18933 ], [ 9.92315, 52.18927 ], [ 9.92378, 52.18617 ], [ 9.91962, 52.18382 ], [ 9.92017, 52.18285 ], [ 9.92069, 52.18269 ], [ 9.92241, 52.183 ], [ 9.9225, 52.18244 ], [ 9.92335, 52.18166 ], [ 9.91881, 52.18065 ], [ 9.91835, 52.18162 ], [ 9.91472, 52.18095 ], [ 9.90735, 52.18326 ], [ 9.9101, 52.18373 ], [ 9.90967, 52.1846 ], [ 9.90462, 52.18324 ], [ 9.90254, 52.18404 ], [ 9.90193, 52.18374 ], [ 9.90294, 52.18259 ], [ 9.90192, 52.18232 ], [ 9.89803, 52.1859 ], [ 9.89776, 52.18584 ], [ 9.89699, 52.18556 ], [ 9.89726, 52.18447 ], [ 9.89859, 52.1828 ], [ 9.89743, 52.18223 ], [ 9.89723, 52.18309 ], [ 9.89669, 52.18341 ], [ 9.89585, 52.18283 ], [ 9.89625, 52.18216 ], [ 9.89595, 52.1816 ], [ 9.8942, 52.18167 ], [ 9.89263, 52.18131 ], [ 9.89346, 52.17886 ], [ 9.89188, 52.17825 ], [ 9.89386, 52.17483 ], [ 9.89586, 52.16989 ], [ 9.89607, 52.16668 ], [ 9.89572, 52.16644 ], [ 9.89568, 52.16501 ], [ 9.89453, 52.16467 ], [ 9.89373, 52.1639 ], [ 9.89375, 52.16356 ], [ 9.89311, 52.16336 ], [ 9.8935, 52.16182 ], [ 9.89453, 52.15983 ], [ 9.88231, 52.15993 ], [ 9.87723, 52.16027 ], [ 9.87835, 52.15778 ], [ 9.87581, 52.15752 ], [ 9.87572, 52.1579 ], [ 9.87326, 52.15813 ], [ 9.87357, 52.1586 ], [ 9.87271, 52.15903 ], [ 9.86636, 52.15999 ], [ 9.86312, 52.16012 ], [ 9.86294, 52.15959 ], [ 9.86125, 52.15974 ], [ 9.86412, 52.15642 ], [ 9.85782, 52.15585 ], [ 9.86131, 52.15103 ], [ 9.8555, 52.15073 ], [ 9.85689, 52.14712 ], [ 9.85538, 52.14674 ], [ 9.85495, 52.1462 ], [ 9.85233, 52.14474 ], [ 9.8561, 52.14336 ], [ 9.85804, 52.14303 ], [ 9.85703, 52.1411 ], [ 9.85822, 52.14084 ], [ 9.84655, 52.12739 ], [ 9.84891, 52.12485 ], [ 9.85038, 52.12387 ], [ 9.85212, 52.12354 ], [ 9.856, 52.12173 ], [ 9.85931, 52.11872 ], [ 9.85975, 52.11708 ], [ 9.86188, 52.11566 ], [ 9.86206, 52.11532 ], [ 9.86166, 52.11514 ], [ 9.87025, 52.10949 ], [ 9.87101, 52.10756 ], [ 9.87329, 52.10708 ], [ 9.8741, 52.10607 ], [ 9.8742, 52.1054 ], [ 9.87471, 52.10546 ], [ 9.87481, 52.1046 ], [ 9.87555, 52.10469 ], [ 9.86508, 52.09795 ], [ 9.86686, 52.09582 ], [ 9.87029, 52.09818 ], [ 9.87108, 52.10092 ], [ 9.87284, 52.10236 ], [ 9.88071, 52.09993 ], [ 9.88298, 52.10114 ], [ 9.88373, 52.10074 ], [ 9.88427, 52.10094 ], [ 9.8881, 52.09933 ], [ 9.89313, 52.09784 ], [ 9.89626, 52.09733 ], [ 9.89766, 52.0978 ], [ 9.89812, 52.09757 ], [ 9.89773, 52.09515 ], [ 9.91023, 52.09358 ], [ 9.91352, 52.09713 ], [ 9.91342, 52.09798 ], [ 9.91423, 52.09816 ], [ 9.91529, 52.09769 ], [ 9.91639, 52.09781 ], [ 9.91414, 52.09987 ], [ 9.91827, 52.10304 ], [ 9.91729, 52.10421 ], [ 9.92238, 52.10676 ], [ 9.92302, 52.10573 ], [ 9.92377, 52.1063 ], [ 9.92567, 52.10677 ], [ 9.929, 52.10934 ], [ 9.92818, 52.11006 ], [ 9.92945, 52.11051 ], [ 9.93009, 52.10999 ], [ 9.93072, 52.11039 ], [ 9.93512, 52.11463 ], [ 9.93807, 52.11663 ], [ 9.94087, 52.11784 ], [ 9.94373, 52.11859 ], [ 9.94768, 52.11915 ], [ 9.94823, 52.11881 ], [ 9.94869, 52.11912 ], [ 9.95465, 52.12008 ], [ 9.95878, 52.11749 ], [ 9.96049, 52.12062 ], [ 9.97544, 52.11106 ], [ 9.98105, 52.10787 ], [ 9.9822, 52.1069 ], [ 9.98418, 52.10415 ], [ 9.9857, 52.1072 ], [ 9.98631, 52.10755 ], [ 9.98715, 52.10625 ], [ 9.99274, 52.10407 ], [ 9.99585, 52.10334 ], [ 9.99861, 52.10368 ], [ 9.99964, 52.10332 ], [ 10.0009, 52.10237 ], [ 10.00377, 52.10277 ], [ 10.00571, 52.1036 ], [ 10.00606, 52.10405 ], [ 10.00169, 52.10696 ], [ 10.00192, 52.10712 ], [ 10.00274, 52.10659 ], [ 10.00336, 52.10802 ], [ 10.00506, 52.10764 ], [ 10.00654, 52.11018 ], [ 10.00387, 52.11077 ], [ 10.00452, 52.11289 ], [ 10.00579, 52.11339 ], [ 10.006, 52.1156 ], [ 10.00723, 52.11566 ], [ 10.0079, 52.11925 ], [ 10.0085, 52.12077 ], [ 10.00949, 52.12097 ], [ 10.01162, 52.12067 ], [ 10.0117, 52.1223 ], [ 10.01069, 52.12237 ], [ 10.01161, 52.12812 ], [ 10.01347, 52.13115 ], [ 10.01399, 52.13076 ], [ 10.02695, 52.12806 ], [ 10.03017, 52.12792 ], [ 10.03358, 52.12829 ], [ 10.03187, 52.1302 ], [ 10.03341, 52.13274 ], [ 10.03575, 52.13325 ], [ 10.03667, 52.13327 ], [ 10.03713, 52.13291 ], [ 10.03722, 52.13507 ], [ 10.04037, 52.13386 ], [ 10.04041, 52.13578 ], [ 10.04259, 52.13599 ], [ 10.0428, 52.13666 ], [ 10.04149, 52.13658 ], [ 10.03685, 52.13731 ], [ 10.03751, 52.13788 ], [ 10.03209, 52.13938 ], [ 10.03096, 52.14311 ], [ 10.02977, 52.14326 ], [ 10.0307, 52.14549 ], [ 10.03258, 52.147 ], [ 10.03313, 52.14783 ], [ 10.03421, 52.15147 ], [ 10.03704, 52.15816 ], [ 10.03679, 52.16222 ], [ 10.03602, 52.16495 ], [ 10.02826, 52.16421 ], [ 10.02704, 52.16687 ], [ 10.02579, 52.16653 ], [ 10.02336, 52.16513 ], [ 10.02182, 52.17232 ], [ 10.01255, 52.17395 ], [ 10.01261, 52.1744 ], [ 10.01464, 52.17437 ], [ 10.0145, 52.17814 ], [ 9.99203, 52.18319 ], [ 9.99261, 52.18519 ], [ 9.99081, 52.18543 ], [ 9.98898, 52.19357 ], [ 9.98594, 52.1939 ], [ 9.98309, 52.19342 ], [ 9.97741, 52.19308 ], [ 9.97856, 52.18782 ] ] ] } },
{ "type": "Feature", "properties": { "stadt": "Kaiserslautern" }, "geometry": { "type": "Polygon", "coordinates": [ [ [ 7.81801, 49.39031 ], [ 7.81517, 49.39552 ], [ 7.8213, 49.39584 ], [ 7.82441, 49.39641 ], [ 7.83038, 49.39599 ], [ 7.83455, 49.39682 ], [ 7.83658, 49.3969 ], [ 7.83742, 49.39732 ], [ 7.83796, 49.39845 ], [ 7.84006, 49.398 ], [ 7.84333, 49.39863 ], [ 7.84693, 49.39869 ], [ 7.84676, 49.39993 ], [ 7.8489, 49.40147 ], [ 7.85034, 49.40192 ], [ 7.85068, 49.40165 ], [ 7.85542, 49.40333 ], [ 7.85879, 49.40572 ], [ 7.8603, 49.40581 ], [ 7.86437, 49.40724 ], [ 7.8673, 49.40943 ], [ 7.86906, 49.4103 ], [ 7.86984, 49.41548 ], [ 7.87061, 49.41767 ], [ 7.87068, 49.42119 ], [ 7.86779, 49.42648 ], [ 7.8666, 49.43203 ], [ 7.86281, 49.43567 ], [ 7.86195, 49.43832 ], [ 7.8634, 49.44127 ], [ 7.85716, 49.44369 ], [ 7.85737, 49.44523 ], [ 7.85863, 49.44779 ], [ 7.85887, 49.4511 ], [ 7.85594, 49.45404 ], [ 7.84932, 49.45889 ], [ 7.84819, 49.46045 ], [ 7.84612, 49.46237 ], [ 7.84512, 49.46422 ], [ 7.84384, 49.46499 ], [ 7.84453, 49.46538 ], [ 7.84439, 49.46556 ], [ 7.83853, 49.4632 ], [ 7.83758, 49.46326 ], [ 7.83833, 49.46408 ], [ 7.8385, 49.46486 ], [ 7.8347, 49.4637 ], [ 7.83051, 49.46193 ], [ 7.8272, 49.46107 ], [ 7.82625, 49.46196 ], [ 7.82646, 49.46345 ], [ 7.82572, 49.46354 ], [ 7.82426, 49.46181 ], [ 7.82275, 49.46171 ], [ 7.82275, 49.46138 ], [ 7.81549, 49.46074 ], [ 7.81276, 49.46161 ], [ 7.81065, 49.46337 ], [ 7.80695, 49.46409 ], [ 7.80319, 49.46651 ], [ 7.79968, 49.46757 ], [ 7.79913, 49.46808 ], [ 7.79931, 49.46901 ], [ 7.79836, 49.47073 ], [ 7.79992, 49.47367 ], [ 7.80664, 49.47773 ], [ 7.80257, 49.48036 ], [ 7.80118, 49.48372 ], [ 7.79962, 49.48623 ], [ 7.79463, 49.48456 ], [ 7.79273, 49.48433 ], [ 7.78868, 49.4848 ], [ 7.7856, 49.48595 ], [ 7.78656, 49.48688 ], [ 7.78697, 49.48822 ], [ 7.78445, 49.48858 ], [ 7.77832, 49.49062 ], [ 7.77615, 49.49036 ], [ 7.7763, 49.49014 ], [ 7.77562, 49.49005 ], [ 7.77273, 49.48782 ], [ 7.76986, 49.48916 ], [ 7.76915, 49.49089 ], [ 7.76662, 49.4901 ], [ 7.7634, 49.49068 ], [ 7.76218, 49.49142 ], [ 7.75846, 49.48897 ], [ 7.75737, 49.48867 ], [ 7.75769, 49.48678 ], [ 7.75487, 49.48548 ], [ 7.75524, 49.48461 ], [ 7.75512, 49.48255 ], [ 7.75393, 49.48212 ], [ 7.75349, 49.48062 ], [ 7.75441, 49.47961 ], [ 7.75553, 49.4761 ], [ 7.74931, 49.4745 ], [ 7.74722, 49.47444 ], [ 7.74499, 49.47371 ], [ 7.74368, 49.47385 ], [ 7.74012, 49.47343 ], [ 7.73845, 49.47303 ], [ 7.73809, 49.47266 ], [ 7.73694, 49.4732 ], [ 7.73665, 49.47412 ], [ 7.73683, 49.47458 ], [ 7.73655, 49.47481 ], [ 7.73671, 49.47568 ], [ 7.736, 49.47615 ], [ 7.73594, 49.47667 ], [ 7.7351, 49.47728 ], [ 7.73479, 49.47795 ], [ 7.73345, 49.47837 ], [ 7.72945, 49.48181 ], [ 7.72725, 49.48272 ], [ 7.72627, 49.48384 ], [ 7.72565, 49.48596 ], [ 7.72058, 49.48717 ], [ 7.72004, 49.48773 ], [ 7.72047, 49.488 ], [ 7.72045, 49.48889 ], [ 7.71933, 49.48986 ], [ 7.71466, 49.49057 ], [ 7.71436, 49.48982 ], [ 7.71312, 49.48958 ], [ 7.70963, 49.49005 ], [ 7.70873, 49.49065 ], [ 7.71045, 49.49191 ], [ 7.70846, 49.49247 ], [ 7.70772, 49.49319 ], [ 7.70413, 49.49396 ], [ 7.70271, 49.49513 ], [ 7.7008, 49.49442 ], [ 7.69824, 49.49294 ], [ 7.69789, 49.49248 ], [ 7.69808, 49.49232 ], [ 7.69596, 49.49149 ], [ 7.69572, 49.49182 ], [ 7.69401, 49.49142 ], [ 7.69412, 49.49118 ], [ 7.69272, 49.49056 ], [ 7.69236, 49.49101 ], [ 7.68923, 49.49019 ], [ 7.67951, 49.48716 ], [ 7.68014, 49.47962 ], [ 7.68168, 49.47759 ], [ 7.68293, 49.47423 ], [ 7.67969, 49.47204 ], [ 7.67688, 49.46899 ], [ 7.67621, 49.46729 ], [ 7.67783, 49.46632 ], [ 7.67887, 49.46531 ], [ 7.67914, 49.4646 ], [ 7.681, 49.46328 ], [ 7.679, 49.4606 ], [ 7.68038, 49.4599 ], [ 7.68249, 49.45963 ], [ 7.69449, 49.45332 ], [ 7.69589, 49.45303 ], [ 7.70096, 49.45314 ], [ 7.70198, 49.4529 ], [ 7.70371, 49.4488 ], [ 7.70492, 49.44243 ], [ 7.70314, 49.44236 ], [ 7.70249, 49.44186 ], [ 7.70141, 49.44222 ], [ 7.69843, 49.44408 ], [ 7.69338, 49.44461 ], [ 7.68233, 49.44734 ], [ 7.67089, 49.44939 ], [ 7.66578, 49.44752 ], [ 7.65808, 49.44643 ], [ 7.64729, 49.44758 ], [ 7.63586, 49.44674 ], [ 7.63522, 49.44658 ], [ 7.63481, 49.44174 ], [ 7.63479, 49.43676 ], [ 7.63548, 49.43543 ], [ 7.63423, 49.43476 ], [ 7.63422, 49.43352 ], [ 7.62897, 49.43357 ], [ 7.62769, 49.43315 ], [ 7.6271, 49.43339 ], [ 7.63038, 49.42409 ], [ 7.64995, 49.42905 ], [ 7.65148, 49.42766 ], [ 7.65185, 49.42649 ], [ 7.65241, 49.42604 ], [ 7.65887, 49.42779 ], [ 7.65944, 49.42694 ], [ 7.6608, 49.42708 ], [ 7.66176, 49.42609 ], [ 7.66236, 49.42601 ], [ 7.66751, 49.41991 ], [ 7.67155, 49.41262 ], [ 7.67293, 49.41217 ], [ 7.67687, 49.40937 ], [ 7.67643, 49.40812 ], [ 7.67662, 49.40543 ], [ 7.67734, 49.40441 ], [ 7.67856, 49.40346 ], [ 7.67877, 49.40263 ], [ 7.6799, 49.40174 ], [ 7.68006, 49.40101 ], [ 7.67976, 49.40026 ], [ 7.67849, 49.39947 ], [ 7.67891, 49.39835 ], [ 7.68005, 49.39834 ], [ 7.68123, 49.3972 ], [ 7.68474, 49.39565 ], [ 7.68826, 49.395 ], [ 7.69227, 49.39368 ], [ 7.69296, 49.39265 ], [ 7.69253, 49.39096 ], [ 7.69187, 49.39064 ], [ 7.68861, 49.39057 ], [ 7.68827, 49.3901 ], [ 7.69208, 49.38983 ], [ 7.69289, 49.3889 ], [ 7.69282, 49.38844 ], [ 7.69169, 49.38783 ], [ 7.6929, 49.38748 ], [ 7.6938, 49.3861 ], [ 7.69495, 49.3855 ], [ 7.69692, 49.38569 ], [ 7.69778, 49.38512 ], [ 7.69814, 49.38529 ], [ 7.69849, 49.38551 ], [ 7.69702, 49.38616 ], [ 7.69703, 49.38679 ], [ 7.69999, 49.38808 ], [ 7.70267, 49.39051 ], [ 7.70724, 49.3927 ], [ 7.70877, 49.39409 ], [ 7.71069, 49.3945 ], [ 7.71388, 49.3945 ], [ 7.71665, 49.39508 ], [ 7.72221, 49.39482 ], [ 7.72506, 49.3934 ], [ 7.72858, 49.39332 ], [ 7.72913, 49.39292 ], [ 7.73055, 49.39304 ], [ 7.73625, 49.39182 ], [ 7.73973, 49.39186 ], [ 7.74218, 49.39213 ], [ 7.74577, 49.39355 ], [ 7.74681, 49.39315 ], [ 7.74855, 49.39328 ], [ 7.75615, 49.39591 ], [ 7.76294, 49.39503 ], [ 7.76527, 49.39546 ], [ 7.76743, 49.39652 ], [ 7.76869, 49.39634 ], [ 7.77571, 49.38832 ], [ 7.77749, 49.38737 ], [ 7.78405, 49.38539 ], [ 7.79038, 49.38214 ], [ 7.79524, 49.38011 ], [ 7.79932, 49.37552 ], [ 7.80885, 49.36836 ], [ 7.8128, 49.369 ], [ 7.81515, 49.3687 ], [ 7.81694, 49.36202 ], [ 7.82125, 49.36007 ], [ 7.83074, 49.35871 ], [ 7.8378, 49.35942 ], [ 7.84638, 49.36199 ], [ 7.84764, 49.36326 ], [ 7.84837, 49.36415 ], [ 7.84834, 49.36602 ], [ 7.84319, 49.36816 ], [ 7.83812, 49.36902 ], [ 7.83664, 49.36969 ], [ 7.83569, 49.37064 ], [ 7.83345, 49.37149 ], [ 7.83111, 49.37168 ], [ 7.82747, 49.37257 ], [ 7.82683, 49.37298 ], [ 7.82601, 49.37456 ], [ 7.82423, 49.37519 ], [ 7.82393, 49.37561 ], [ 7.82402, 49.37724 ], [ 7.82445, 49.37826 ], [ 7.82423, 49.37835 ], [ 7.82674, 49.37928 ], [ 7.8268, 49.37971 ], [ 7.82822, 49.37999 ], [ 7.82833, 49.38034 ], [ 7.82995, 49.3805 ], [ 7.83138, 49.3797 ], [ 7.83221, 49.3801 ], [ 7.83624, 49.37969 ], [ 7.83624, 49.3791 ], [ 7.83678, 49.37895 ], [ 7.83733, 49.37951 ], [ 7.83705, 49.38023 ], [ 7.8341, 49.38072 ], [ 7.83254, 49.38141 ], [ 7.83301, 49.38318 ], [ 7.83391, 49.38477 ], [ 7.83118, 49.38374 ], [ 7.82665, 49.38308 ], [ 7.82018, 49.38147 ], [ 7.81794, 49.38156 ], [ 7.81638, 49.38213 ], [ 7.81588, 49.38313 ], [ 7.81627, 49.38474 ], [ 7.81725, 49.3857 ], [ 7.81729, 49.38628 ], [ 7.81959, 49.38991 ], [ 7.81801, 49.39031 ] ] ] } },
{ "type": "Feature", "properties": { "stadt": "Wien" }, "geometry": { "type": "Polygon", "coordinates": [ [ [ 16.25648, 48.24119 ], [ 16.25662, 48.23988 ], [ 16.25454, 48.24023 ], [ 16.25012, 48.24029 ], [ 16.24666, 48.23907 ], [ 16.24238, 48.23878 ], [ 16.24155, 48.23832 ], [ 16.23992, 48.2393 ], [ 16.23996, 48.23972 ], [ 16.23803, 48.24049 ], [ 16.23748, 48.24155 ], [ 16.2373, 48.24277 ], [ 16.23753, 48.24337 ], [ 16.2387, 48.24403 ], [ 16.23907, 48.24546 ], [ 16.23975, 48.24585 ], [ 16.23975, 48.2464 ], [ 16.24105, 48.24837 ], [ 16.23934, 48.24922 ], [ 16.23383, 48.25027 ], [ 16.23278, 48.25119 ], [ 16.23143, 48.25163 ], [ 16.22995, 48.25305 ], [ 16.22699, 48.25449 ], [ 16.22617, 48.25458 ], [ 16.22647, 48.25503 ], [ 16.22364, 48.25626 ], [ 16.22134, 48.25819 ], [ 16.2155, 48.25993 ], [ 16.21455, 48.25982 ], [ 16.21454, 48.26081 ], [ 16.21289, 48.26162 ], [ 16.20995, 48.26375 ], [ 16.20896, 48.26418 ], [ 16.20819, 48.26413 ], [ 16.20602, 48.26308 ], [ 16.20515, 48.26203 ], [ 16.20568, 48.2614 ], [ 16.20566, 48.26009 ], [ 16.20476, 48.25922 ], [ 16.20493, 48.25891 ], [ 16.2047, 48.25877 ], [ 16.20484, 48.2576 ], [ 16.20534, 48.25737 ], [ 16.20568, 48.25627 ], [ 16.20481, 48.25617 ], [ 16.20478, 48.25578 ], [ 16.20333, 48.25531 ], [ 16.20283, 48.2547 ], [ 16.20207, 48.2546 ], [ 16.20188, 48.25425 ], [ 16.1999, 48.25346 ], [ 16.19782, 48.25095 ], [ 16.19631, 48.24992 ], [ 16.19593, 48.24853 ], [ 16.19628, 48.24765 ], [ 16.19528, 48.2457 ], [ 16.19392, 48.2444 ], [ 16.19352, 48.24325 ], [ 16.19383, 48.24296 ], [ 16.19388, 48.24208 ], [ 16.19448, 48.24186 ], [ 16.19388, 48.24137 ], [ 16.19415, 48.24108 ], [ 16.19385, 48.24074 ], [ 16.19449, 48.24048 ], [ 16.19397, 48.23917 ], [ 16.1943, 48.23843 ], [ 16.19407, 48.23765 ], [ 16.19347, 48.2369 ], [ 16.19252, 48.23677 ], [ 16.19295, 48.23665 ], [ 16.19278, 48.2363 ], [ 16.19364, 48.23598 ], [ 16.19299, 48.23473 ], [ 16.19342, 48.23432 ], [ 16.19367, 48.23444 ], [ 16.1936, 48.2334 ], [ 16.19955, 48.23086 ], [ 16.19827, 48.23039 ], [ 16.19889, 48.22981 ], [ 16.1991, 48.22859 ], [ 16.19778, 48.22975 ], [ 16.19672, 48.22988 ], [ 16.19617, 48.22932 ], [ 16.19449, 48.22863 ], [ 16.19349, 48.22737 ], [ 16.19207, 48.22633 ], [ 16.19041, 48.22543 ], [ 16.18768, 48.22511 ], [ 16.18641, 48.22457 ], [ 16.18517, 48.2232 ], [ 16.18998, 48.22308 ], [ 16.19245, 48.2235 ], [ 16.1961, 48.22337 ], [ 16.19778, 48.22288 ], [ 16.19828, 48.22235 ], [ 16.19823, 48.2218 ], [ 16.19504, 48.21956 ], [ 16.19622, 48.21798 ], [ 16.19636, 48.21716 ], [ 16.19609, 48.21686 ], [ 16.19686, 48.21608 ], [ 16.19672, 48.21586 ], [ 16.19707, 48.21575 ], [ 16.19778, 48.21428 ], [ 16.19948, 48.21317 ], [ 16.20139, 48.21255 ], [ 16.20508, 48.21211 ], [ 16.2057, 48.21143 ], [ 16.20648, 48.21151 ], [ 16.20844, 48.21099 ], [ 16.20962, 48.20963 ], [ 16.20754, 48.20854 ], [ 16.20652, 48.20724 ], [ 16.20549, 48.20649 ], [ 16.20382, 48.20598 ], [ 16.20265, 48.20604 ], [ 16.20335, 48.20501 ], [ 16.20193, 48.2048 ], [ 16.20227, 48.20407 ], [ 16.20395, 48.20313 ], [ 16.20575, 48.20243 ], [ 16.20739, 48.20234 ], [ 16.20592, 48.19974 ], [ 16.20528, 48.19774 ], [ 16.20397, 48.19638 ], [ 16.20394, 48.19389 ], [ 16.20306, 48.19094 ], [ 16.19981, 48.18616 ], [ 16.19592, 48.18381 ], [ 16.19324, 48.18062 ], [ 16.19016, 48.17892 ], [ 16.1878, 48.17711 ], [ 16.18756, 48.17387 ], [ 16.18183, 48.17112 ], [ 16.18293, 48.16975 ], [ 16.18461, 48.16893 ], [ 16.19373, 48.16635 ], [ 16.19619, 48.16396 ], [ 16.19744, 48.16091 ], [ 16.1967, 48.15657 ], [ 16.19824, 48.15414 ], [ 16.20346, 48.15551 ], [ 16.22321, 48.15319 ], [ 16.22321, 48.15271 ], [ 16.22352, 48.15254 ], [ 16.22335, 48.15203 ], [ 16.21947, 48.15334 ], [ 16.21911, 48.15221 ], [ 16.2183, 48.15162 ], [ 16.2169, 48.15124 ], [ 16.21432, 48.15105 ], [ 16.21397, 48.15127 ], [ 16.21328, 48.15098 ], [ 16.21158, 48.14968 ], [ 16.21047, 48.14927 ], [ 16.20986, 48.14762 ], [ 16.21235, 48.14666 ], [ 16.21308, 48.14505 ], [ 16.21445, 48.14394 ], [ 16.21473, 48.14278 ], [ 16.21598, 48.14209 ], [ 16.21599, 48.14137 ], [ 16.2164, 48.14097 ], [ 16.21874, 48.14053 ], [ 16.21971, 48.13966 ], [ 16.22027, 48.13825 ], [ 16.22091, 48.13795 ], [ 16.22166, 48.13623 ], [ 16.22073, 48.13601 ], [ 16.22079, 48.13556 ], [ 16.22254, 48.13548 ], [ 16.22753, 48.13628 ], [ 16.23843, 48.13716 ], [ 16.23768, 48.13566 ], [ 16.23617, 48.13483 ], [ 16.2387, 48.13397 ], [ 16.2384, 48.13281 ], [ 16.23862, 48.13205 ], [ 16.23212, 48.13101 ], [ 16.22686, 48.12957 ], [ 16.2181, 48.12807 ], [ 16.21772, 48.12719 ], [ 16.21467, 48.12589 ], [ 16.21487, 48.12535 ], [ 16.21608, 48.12518 ], [ 16.21891, 48.12376 ], [ 16.22085, 48.12463 ], [ 16.22382, 48.12487 ], [ 16.22531, 48.12534 ], [ 16.22755, 48.12664 ], [ 16.2311, 48.12764 ], [ 16.23276, 48.12872 ], [ 16.23607, 48.13001 ], [ 16.24713, 48.13143 ], [ 16.24859, 48.13101 ], [ 16.25017, 48.13102 ], [ 16.25351, 48.12982 ], [ 16.25422, 48.13005 ], [ 16.25739, 48.12964 ], [ 16.25776, 48.12992 ], [ 16.25964, 48.13 ], [ 16.26177, 48.13085 ], [ 16.26388, 48.13233 ], [ 16.26719, 48.13358 ], [ 16.2711, 48.13385 ], [ 16.27399, 48.13352 ], [ 16.27843, 48.13218 ], [ 16.28076, 48.13198 ], [ 16.28388, 48.13016 ], [ 16.28746, 48.13086 ], [ 16.29785, 48.12949 ], [ 16.2984, 48.12722 ], [ 16.29904, 48.12687 ], [ 16.29855, 48.12532 ], [ 16.30067, 48.1246 ], [ 16.30359, 48.12244 ], [ 16.30812, 48.12016 ], [ 16.30966, 48.11963 ], [ 16.31181, 48.11945 ], [ 16.31259, 48.11963 ], [ 16.31304, 48.12295 ], [ 16.31393, 48.12559 ], [ 16.31828, 48.12487 ], [ 16.3185, 48.12456 ], [ 16.32271, 48.13271 ], [ 16.32489, 48.13598 ], [ 16.3246, 48.13779 ], [ 16.34596, 48.13334 ], [ 16.35089, 48.13259 ], [ 16.35804, 48.1294 ], [ 16.36599, 48.12864 ], [ 16.36589, 48.1284 ], [ 16.36751, 48.12796 ], [ 16.37157, 48.12729 ], [ 16.38448, 48.12619 ], [ 16.39065, 48.1249 ], [ 16.39102, 48.1245 ], [ 16.40511, 48.12198 ], [ 16.40484, 48.12093 ], [ 16.40714, 48.12021 ], [ 16.4083, 48.11791 ], [ 16.41282, 48.11824 ], [ 16.4117, 48.12036 ], [ 16.4205, 48.12064 ], [ 16.42211, 48.12184 ], [ 16.42291, 48.12306 ], [ 16.42823, 48.12148 ], [ 16.43702, 48.11993 ], [ 16.43428, 48.12472 ], [ 16.43392, 48.13098 ], [ 16.43332, 48.13098 ], [ 16.43344, 48.13156 ], [ 16.43278, 48.13171 ], [ 16.43313, 48.13788 ], [ 16.45102, 48.13868 ], [ 16.45449, 48.1392 ], [ 16.46102, 48.14279 ], [ 16.46192, 48.1429 ], [ 16.4667, 48.14626 ], [ 16.46608, 48.14654 ], [ 16.46627, 48.14672 ], [ 16.47712, 48.15415 ], [ 16.47815, 48.15613 ], [ 16.47763, 48.15744 ], [ 16.47795, 48.15681 ], [ 16.48018, 48.15612 ], [ 16.48006, 48.15655 ], [ 16.48814, 48.15518 ], [ 16.49344, 48.15881 ], [ 16.49843, 48.15621 ], [ 16.51379, 48.15893 ], [ 16.51654, 48.15845 ], [ 16.52567, 48.15446 ], [ 16.54024, 48.14462 ], [ 16.54301, 48.14333 ], [ 16.55939, 48.13962 ], [ 16.57603, 48.13522 ], [ 16.57646, 48.13701 ], [ 16.57745, 48.15132 ], [ 16.57599, 48.15323 ], [ 16.57392, 48.15453 ], [ 16.57394, 48.15502 ], [ 16.57331, 48.15517 ], [ 16.57469, 48.15635 ], [ 16.57638, 48.15893 ], [ 16.57591, 48.16078 ], [ 16.57523, 48.16173 ], [ 16.57306, 48.16319 ], [ 16.57107, 48.16373 ], [ 16.56982, 48.16348 ], [ 16.56815, 48.16361 ], [ 16.5637, 48.16201 ], [ 16.56249, 48.16072 ], [ 16.56161, 48.16037 ], [ 16.55786, 48.16411 ], [ 16.55567, 48.16446 ], [ 16.55422, 48.16417 ], [ 16.554, 48.16367 ], [ 16.55629, 48.16171 ], [ 16.55306, 48.16204 ], [ 16.55126, 48.16373 ], [ 16.54989, 48.16446 ], [ 16.55022, 48.16604 ], [ 16.54835, 48.16707 ], [ 16.54739, 48.16997 ], [ 16.54686, 48.17073 ], [ 16.54665, 48.17162 ], [ 16.54758, 48.17133 ], [ 16.54971, 48.1714 ], [ 16.55065, 48.17173 ], [ 16.55096, 48.17306 ], [ 16.55, 48.17473 ], [ 16.54963, 48.17622 ], [ 16.54978, 48.17675 ], [ 16.54946, 48.17706 ], [ 16.54786, 48.17782 ], [ 16.54575, 48.17789 ], [ 16.54462, 48.17691 ], [ 16.54167, 48.17695 ], [ 16.54103, 48.17657 ], [ 16.54094, 48.17607 ], [ 16.54167, 48.17543 ], [ 16.5438, 48.17503 ], [ 16.54475, 48.17286 ], [ 16.54133, 48.17353 ], [ 16.54008, 48.17284 ], [ 16.53898, 48.17282 ], [ 16.53669, 48.17345 ], [ 16.53639, 48.17461 ], [ 16.54082, 48.17376 ], [ 16.53911, 48.17475 ], [ 16.5363, 48.17707 ], [ 16.53631, 48.17755 ], [ 16.53769, 48.18252 ], [ 16.54116, 48.1808 ], [ 16.54183, 48.18208 ], [ 16.54118, 48.18265 ], [ 16.53799, 48.18338 ], [ 16.53864, 48.1867 ], [ 16.53969, 48.18883 ], [ 16.54177, 48.19144 ], [ 16.53983, 48.19471 ], [ 16.5388, 48.19715 ], [ 16.53627, 48.20044 ], [ 16.53803, 48.20469 ], [ 16.54012, 48.20698 ], [ 16.54343, 48.21143 ], [ 16.54599, 48.2162 ], [ 16.54659, 48.21872 ], [ 16.54645, 48.22116 ], [ 16.5469, 48.22336 ], [ 16.54994, 48.23268 ], [ 16.55274, 48.239 ], [ 16.54786, 48.24028 ], [ 16.5482, 48.24269 ], [ 16.53941, 48.24284 ], [ 16.53995, 48.24507 ], [ 16.54115, 48.24776 ], [ 16.54247, 48.25395 ], [ 16.54697, 48.263 ], [ 16.53861, 48.26424 ], [ 16.53304, 48.2629 ], [ 16.53263, 48.2621 ], [ 16.53026, 48.26242 ], [ 16.52082, 48.26459 ], [ 16.51917, 48.26699 ], [ 16.51285, 48.26784 ], [ 16.51412, 48.27102 ], [ 16.5093, 48.27311 ], [ 16.50667, 48.27361 ], [ 16.50884, 48.27732 ], [ 16.51058, 48.27953 ], [ 16.51156, 48.2807 ], [ 16.51282, 48.28128 ], [ 16.51491, 48.28554 ], [ 16.51288, 48.28635 ], [ 16.51321, 48.28718 ], [ 16.50778, 48.28845 ], [ 16.50424, 48.28985 ], [ 16.49615, 48.29189 ], [ 16.49645, 48.29249 ], [ 16.48121, 48.29353 ], [ 16.48103, 48.28956 ], [ 16.48224, 48.28446 ], [ 16.4828, 48.28431 ], [ 16.48259, 48.28359 ], [ 16.48289, 48.28351 ], [ 16.48293, 48.2827 ], [ 16.48266, 48.28174 ], [ 16.4835, 48.27971 ], [ 16.48319, 48.27857 ], [ 16.48132, 48.27523 ], [ 16.48123, 48.27343 ], [ 16.47812, 48.27399 ], [ 16.4743, 48.27547 ], [ 16.47439, 48.2758 ], [ 16.47228, 48.27639 ], [ 16.46063, 48.28246 ], [ 16.44041, 48.29192 ], [ 16.44027, 48.30355 ], [ 16.43954, 48.30652 ], [ 16.43809, 48.30938 ], [ 16.43785, 48.31193 ], [ 16.4383, 48.31452 ], [ 16.43803, 48.31628 ], [ 16.43775, 48.31681 ], [ 16.43112, 48.3191 ], [ 16.42481, 48.32182 ], [ 16.42179, 48.32246 ], [ 16.41863, 48.32267 ], [ 16.4129, 48.32168 ], [ 16.40422, 48.31932 ], [ 16.40287, 48.31676 ], [ 16.39412, 48.31926 ], [ 16.3945, 48.31998 ], [ 16.39516, 48.31996 ], [ 16.3953, 48.32027 ], [ 16.39518, 48.32257 ], [ 16.391, 48.32236 ], [ 16.39133, 48.32092 ], [ 16.38881, 48.32103 ], [ 16.38881, 48.32036 ], [ 16.3901, 48.32032 ], [ 16.38938, 48.31905 ], [ 16.38624, 48.31965 ], [ 16.3852, 48.31945 ], [ 16.3817, 48.31711 ], [ 16.38043, 48.31507 ], [ 16.38058, 48.31287 ], [ 16.3814, 48.31163 ], [ 16.38265, 48.3115 ], [ 16.38245, 48.31044 ], [ 16.38346, 48.30863 ], [ 16.38385, 48.30721 ], [ 16.38307, 48.3053 ], [ 16.38484, 48.30392 ], [ 16.38416, 48.30338 ], [ 16.3839, 48.30272 ], [ 16.38623, 48.30174 ], [ 16.38478, 48.30128 ], [ 16.37982, 48.30201 ], [ 16.37772, 48.29853 ], [ 16.37556, 48.29593 ], [ 16.37696, 48.29476 ], [ 16.37889, 48.29204 ], [ 16.37895, 48.28984 ], [ 16.37787, 48.28832 ], [ 16.36989, 48.28774 ], [ 16.36714, 48.28685 ], [ 16.36679, 48.28544 ], [ 16.36783, 48.28322 ], [ 16.36923, 48.28206 ], [ 16.37059, 48.2817 ], [ 16.36689, 48.28104 ], [ 16.36318, 48.2823 ], [ 16.35351, 48.2837 ], [ 16.34813, 48.29048 ], [ 16.3412, 48.28897 ], [ 16.34316, 48.28763 ], [ 16.34518, 48.28559 ], [ 16.33667, 48.28182 ], [ 16.33428, 48.28111 ], [ 16.33223, 48.2809 ], [ 16.33054, 48.27898 ], [ 16.3302, 48.27778 ], [ 16.32898, 48.27719 ], [ 16.32512, 48.27745 ], [ 16.32231, 48.27817 ], [ 16.32072, 48.27819 ], [ 16.31797, 48.27713 ], [ 16.3146, 48.27399 ], [ 16.3116, 48.27392 ], [ 16.30837, 48.27244 ], [ 16.30721, 48.27234 ], [ 16.30587, 48.27174 ], [ 16.30455, 48.27177 ], [ 16.30121, 48.27268 ], [ 16.30166, 48.27313 ], [ 16.30035, 48.27331 ], [ 16.29929, 48.27288 ], [ 16.29891, 48.27241 ], [ 16.29732, 48.272 ], [ 16.29449, 48.27217 ], [ 16.29335, 48.27167 ], [ 16.29131, 48.27136 ], [ 16.28868, 48.27033 ], [ 16.28771, 48.26854 ], [ 16.28588, 48.26737 ], [ 16.28617, 48.2667 ], [ 16.2868, 48.26641 ], [ 16.29132, 48.26669 ], [ 16.29409, 48.26453 ], [ 16.29409, 48.264 ], [ 16.29272, 48.26276 ], [ 16.2921, 48.26223 ], [ 16.28947, 48.26174 ], [ 16.28627, 48.25967 ], [ 16.28576, 48.2584 ], [ 16.28449, 48.25789 ], [ 16.2822, 48.25763 ], [ 16.27943, 48.25665 ], [ 16.27551, 48.25702 ], [ 16.26872, 48.25488 ], [ 16.26406, 48.25492 ], [ 16.2642, 48.25454 ], [ 16.26953, 48.25392 ], [ 16.27062, 48.25282 ], [ 16.27042, 48.25194 ], [ 16.26472, 48.2493 ], [ 16.26534, 48.2483 ], [ 16.26498, 48.24772 ], [ 16.26379, 48.24721 ], [ 16.26381, 48.24686 ], [ 16.263, 48.24706 ], [ 16.26258, 48.24634 ], [ 16.26199, 48.24599 ], [ 16.26152, 48.24616 ], [ 16.26101, 48.24549 ], [ 16.25871, 48.24607 ], [ 16.25817, 48.24397 ], [ 16.25681, 48.24298 ], [ 16.25702, 48.2415 ], [ 16.2568, 48.24107 ], [ 16.25648, 48.24119 ] ] ] } },
{ "type": "Feature", "properties": { "stadt": "Graz" }, "geometry": { "type": "Polygon", "coordinates": [ [ [ 15.36627, 47.11883 ], [ 15.35921, 47.11949 ], [ 15.35919, 47.11743 ], [ 15.35962, 47.11585 ], [ 15.3611, 47.11531 ], [ 15.36257, 47.11406 ], [ 15.36345, 47.11095 ], [ 15.36333, 47.10975 ], [ 15.35896, 47.10889 ], [ 15.35571, 47.10773 ], [ 15.35464, 47.10789 ], [ 15.35344, 47.10716 ], [ 15.35219, 47.10755 ], [ 15.34988, 47.10659 ], [ 15.35026, 47.10601 ], [ 15.34973, 47.10447 ], [ 15.35242, 47.10222 ], [ 15.35083, 47.1012 ], [ 15.35322, 47.10077 ], [ 15.35438, 47.10147 ], [ 15.35816, 47.10245 ], [ 15.35937, 47.10165 ], [ 15.36025, 47.10146 ], [ 15.3604, 47.10051 ], [ 15.36074, 47.10028 ], [ 15.36169, 47.09989 ], [ 15.36292, 47.09995 ], [ 15.36377, 47.09928 ], [ 15.36467, 47.09687 ], [ 15.36616, 47.09495 ], [ 15.36601, 47.09425 ], [ 15.36455, 47.09213 ], [ 15.36579, 47.09016 ], [ 15.36628, 47.0883 ], [ 15.3666, 47.08802 ], [ 15.36834, 47.08834 ], [ 15.37189, 47.08729 ], [ 15.37288, 47.08728 ], [ 15.37174, 47.08583 ], [ 15.37091, 47.08563 ], [ 15.37087, 47.08499 ], [ 15.36899, 47.08387 ], [ 15.36787, 47.08196 ], [ 15.36783, 47.08138 ], [ 15.36687, 47.08048 ], [ 15.37007, 47.07918 ], [ 15.37143, 47.07811 ], [ 15.37218, 47.07789 ], [ 15.37699, 47.07869 ], [ 15.37653, 47.07818 ], [ 15.37752, 47.07682 ], [ 15.37789, 47.07682 ], [ 15.37981, 47.07487 ], [ 15.37991, 47.07385 ], [ 15.37935, 47.0729 ], [ 15.38044, 47.07148 ], [ 15.37998, 47.0699 ], [ 15.37484, 47.07069 ], [ 15.37445, 47.06838 ], [ 15.37536, 47.06724 ], [ 15.37585, 47.066 ], [ 15.37653, 47.06569 ], [ 15.36965, 47.06078 ], [ 15.37015, 47.06017 ], [ 15.37052, 47.05879 ], [ 15.37036, 47.05766 ], [ 15.36999, 47.0573 ], [ 15.36944, 47.05434 ], [ 15.36813, 47.05087 ], [ 15.36596, 47.05 ], [ 15.36005, 47.05145 ], [ 15.36169, 47.05023 ], [ 15.3615, 47.04764 ], [ 15.36384, 47.04478 ], [ 15.36478, 47.04248 ], [ 15.36786, 47.04037 ], [ 15.36714, 47.03583 ], [ 15.36772, 47.03429 ], [ 15.36881, 47.03277 ], [ 15.3689, 47.03204 ], [ 15.36854, 47.03126 ], [ 15.36903, 47.03006 ], [ 15.36923, 47.02794 ], [ 15.37137, 47.02528 ], [ 15.37297, 47.02491 ], [ 15.37293, 47.02312 ], [ 15.37654, 47.02293 ], [ 15.37849, 47.0225 ], [ 15.38002, 47.02151 ], [ 15.38328, 47.02098 ], [ 15.38324, 47.02066 ], [ 15.38543, 47.01992 ], [ 15.38821, 47.01978 ], [ 15.38961, 47.02031 ], [ 15.39252, 47.01749 ], [ 15.39431, 47.01725 ], [ 15.39572, 47.01639 ], [ 15.40512, 47.01641 ], [ 15.41329, 47.01718 ], [ 15.41325, 47.01739 ], [ 15.41472, 47.01732 ], [ 15.41527, 47.01759 ], [ 15.42013, 47.01771 ], [ 15.42005, 47.01802 ], [ 15.43087, 47.01964 ], [ 15.43745, 47.02102 ], [ 15.43913, 47.0183 ], [ 15.4391, 47.01728 ], [ 15.43998, 47.01709 ], [ 15.44078, 47.01585 ], [ 15.44219, 47.01634 ], [ 15.44276, 47.01531 ], [ 15.44762, 47.01649 ], [ 15.44716, 47.01736 ], [ 15.44657, 47.0177 ], [ 15.44687, 47.01825 ], [ 15.44768, 47.01814 ], [ 15.4487, 47.01859 ], [ 15.45053, 47.01731 ], [ 15.45578, 47.02151 ], [ 15.45983, 47.01419 ], [ 15.4608, 47.01189 ], [ 15.46578, 47.0129 ], [ 15.4673, 47.01288 ], [ 15.46783, 47.01325 ], [ 15.46787, 47.01371 ], [ 15.46872, 47.01322 ], [ 15.46928, 47.01422 ], [ 15.46972, 47.01398 ], [ 15.47372, 47.01522 ], [ 15.47409, 47.01474 ], [ 15.48864, 47.02067 ], [ 15.48825, 47.02103 ], [ 15.48852, 47.0214 ], [ 15.48806, 47.0218 ], [ 15.48848, 47.02198 ], [ 15.4882, 47.02249 ], [ 15.48556, 47.02146 ], [ 15.48242, 47.0245 ], [ 15.48656, 47.02615 ], [ 15.48485, 47.02932 ], [ 15.48517, 47.02941 ], [ 15.48476, 47.03024 ], [ 15.4854, 47.03052 ], [ 15.48427, 47.03126 ], [ 15.49115, 47.0343 ], [ 15.49088, 47.03462 ], [ 15.49282, 47.03546 ], [ 15.49583, 47.03598 ], [ 15.49854, 47.03803 ], [ 15.50223, 47.03906 ], [ 15.50425, 47.04019 ], [ 15.50615, 47.04057 ], [ 15.50366, 47.04303 ], [ 15.5002, 47.04489 ], [ 15.49953, 47.04554 ], [ 15.49861, 47.04791 ], [ 15.49914, 47.05088 ], [ 15.4998, 47.05234 ], [ 15.49906, 47.0536 ], [ 15.49792, 47.05441 ], [ 15.49728, 47.05449 ], [ 15.49705, 47.05489 ], [ 15.5005, 47.05653 ], [ 15.50198, 47.05782 ], [ 15.50152, 47.0581 ], [ 15.50187, 47.05868 ], [ 15.50422, 47.06153 ], [ 15.50515, 47.06446 ], [ 15.50527, 47.06654 ], [ 15.50864, 47.06767 ], [ 15.50818, 47.06991 ], [ 15.50928, 47.07113 ], [ 15.50894, 47.07258 ], [ 15.50929, 47.0734 ], [ 15.50765, 47.07336 ], [ 15.5076, 47.0741 ], [ 15.50653, 47.07422 ], [ 15.50676, 47.0747 ], [ 15.50653, 47.07573 ], [ 15.5071, 47.07695 ], [ 15.50698, 47.07787 ], [ 15.50811, 47.07875 ], [ 15.50791, 47.07928 ], [ 15.51076, 47.08039 ], [ 15.5115, 47.08166 ], [ 15.51293, 47.08272 ], [ 15.51303, 47.08371 ], [ 15.51257, 47.0854 ], [ 15.51447, 47.08898 ], [ 15.51391, 47.09042 ], [ 15.51272, 47.09046 ], [ 15.51182, 47.09118 ], [ 15.51654, 47.09245 ], [ 15.51984, 47.09392 ], [ 15.52069, 47.09496 ], [ 15.52243, 47.09608 ], [ 15.52408, 47.09669 ], [ 15.52661, 47.09859 ], [ 15.52923, 47.09815 ], [ 15.53372, 47.09917 ], [ 15.5342, 47.09954 ], [ 15.53211, 47.10175 ], [ 15.53184, 47.10138 ], [ 15.5315, 47.10146 ], [ 15.5301, 47.10333 ], [ 15.52793, 47.10294 ], [ 15.52569, 47.103 ], [ 15.52587, 47.10346 ], [ 15.52694, 47.10391 ], [ 15.52773, 47.10518 ], [ 15.52725, 47.10562 ], [ 15.53021, 47.10688 ], [ 15.53004, 47.10727 ], [ 15.53072, 47.10741 ], [ 15.53025, 47.10992 ], [ 15.53078, 47.1104 ], [ 15.52851, 47.11072 ], [ 15.5281, 47.1101 ], [ 15.52501, 47.10909 ], [ 15.52421, 47.10825 ], [ 15.52294, 47.10758 ], [ 15.52204, 47.1075 ], [ 15.52121, 47.10697 ], [ 15.51759, 47.10738 ], [ 15.51765, 47.10684 ], [ 15.51726, 47.10648 ], [ 15.51631, 47.10633 ], [ 15.51488, 47.1065 ], [ 15.51505, 47.10687 ], [ 15.51356, 47.10691 ], [ 15.51016, 47.10807 ], [ 15.51043, 47.10895 ], [ 15.5133, 47.11134 ], [ 15.5146, 47.11416 ], [ 15.51494, 47.11574 ], [ 15.51574, 47.11689 ], [ 15.52025, 47.11908 ], [ 15.5212, 47.12013 ], [ 15.52053, 47.12038 ], [ 15.52029, 47.12083 ], [ 15.52062, 47.12224 ], [ 15.51955, 47.12406 ], [ 15.51728, 47.12571 ], [ 15.51706, 47.12622 ], [ 15.51746, 47.12645 ], [ 15.51665, 47.12736 ], [ 15.51617, 47.12772 ], [ 15.51573, 47.12753 ], [ 15.51511, 47.1284 ], [ 15.5146, 47.12798 ], [ 15.51383, 47.12854 ], [ 15.51261, 47.12851 ], [ 15.51098, 47.12926 ], [ 15.50973, 47.12796 ], [ 15.50795, 47.12783 ], [ 15.50727, 47.12736 ], [ 15.50294, 47.12759 ], [ 15.49945, 47.12731 ], [ 15.4962, 47.12466 ], [ 15.49483, 47.12395 ], [ 15.49489, 47.12485 ], [ 15.49351, 47.12584 ], [ 15.49391, 47.12683 ], [ 15.49194, 47.12692 ], [ 15.49113, 47.12766 ], [ 15.48954, 47.12833 ], [ 15.48685, 47.1282 ], [ 15.48292, 47.12942 ], [ 15.48259, 47.1291 ], [ 15.48064, 47.1288 ], [ 15.48004, 47.12842 ], [ 15.4794, 47.12775 ], [ 15.48045, 47.12642 ], [ 15.47915, 47.12632 ], [ 15.47427, 47.12759 ], [ 15.4695, 47.12741 ], [ 15.46519, 47.12943 ], [ 15.46537, 47.13065 ], [ 15.46577, 47.13114 ], [ 15.4655, 47.13127 ], [ 15.45647, 47.13032 ], [ 15.45493, 47.12985 ], [ 15.45239, 47.12816 ], [ 15.45175, 47.12833 ], [ 15.45059, 47.128 ], [ 15.45004, 47.12754 ], [ 15.44726, 47.12663 ], [ 15.4463, 47.12688 ], [ 15.44561, 47.12654 ], [ 15.44364, 47.12693 ], [ 15.44327, 47.12665 ], [ 15.43787, 47.12816 ], [ 15.43741, 47.12768 ], [ 15.43561, 47.12751 ], [ 15.43468, 47.12639 ], [ 15.43005, 47.12685 ], [ 15.42865, 47.1261 ], [ 15.42765, 47.12614 ], [ 15.42713, 47.1257 ], [ 15.42494, 47.1262 ], [ 15.42499, 47.12774 ], [ 15.42271, 47.12843 ], [ 15.42225, 47.12803 ], [ 15.42, 47.12764 ], [ 15.41884, 47.12705 ], [ 15.41664, 47.12668 ], [ 15.41245, 47.12983 ], [ 15.41335, 47.13107 ], [ 15.41317, 47.13219 ], [ 15.41232, 47.13196 ], [ 15.41117, 47.13279 ], [ 15.4107, 47.13237 ], [ 15.41003, 47.13273 ], [ 15.40941, 47.13243 ], [ 15.40837, 47.13353 ], [ 15.40523, 47.13351 ], [ 15.40289, 47.13433 ], [ 15.40084, 47.1345 ], [ 15.4, 47.13392 ], [ 15.3989, 47.13373 ], [ 15.39837, 47.13334 ], [ 15.39809, 47.13253 ], [ 15.39754, 47.13237 ], [ 15.39934, 47.12831 ], [ 15.39934, 47.12707 ], [ 15.39995, 47.12602 ], [ 15.39977, 47.12543 ], [ 15.39765, 47.12493 ], [ 15.39759, 47.12381 ], [ 15.39634, 47.12273 ], [ 15.39709, 47.12148 ], [ 15.39659, 47.1199 ], [ 15.39567, 47.11893 ], [ 15.39497, 47.11876 ], [ 15.39469, 47.11733 ], [ 15.3936, 47.11517 ], [ 15.39164, 47.1129 ], [ 15.38644, 47.11313 ], [ 15.38636, 47.11344 ], [ 15.38124, 47.11286 ], [ 15.38068, 47.11244 ], [ 15.37931, 47.11268 ], [ 15.37893, 47.11219 ], [ 15.37558, 47.11672 ], [ 15.37467, 47.11933 ], [ 15.37368, 47.12048 ], [ 15.3727, 47.11866 ], [ 15.36627, 47.11883 ] ] ] } },
{ "type": "Feature", "properties": { "stadt": "Linz" }, "geometry": { "type": "Polygon", "coordinates": [ [ [ 14.25387, 48.31132 ], [ 14.25488, 48.311 ], [ 14.25455, 48.30933 ], [ 14.24822, 48.30982 ], [ 14.24588, 48.30787 ], [ 14.24572, 48.30726 ], [ 14.25576, 48.3056 ], [ 14.25871, 48.3048 ], [ 14.25904, 48.30369 ], [ 14.25884, 48.30335 ], [ 14.25987, 48.30263 ], [ 14.26008, 48.30132 ], [ 14.26169, 48.29973 ], [ 14.26267, 48.29752 ], [ 14.26215, 48.29727 ], [ 14.26262, 48.29536 ], [ 14.26362, 48.29395 ], [ 14.26532, 48.29246 ], [ 14.26825, 48.29078 ], [ 14.26372, 48.28903 ], [ 14.2624, 48.28911 ], [ 14.26169, 48.28864 ], [ 14.26171, 48.28799 ], [ 14.26535, 48.28528 ], [ 14.2667, 48.28602 ], [ 14.26826, 48.28482 ], [ 14.27006, 48.28418 ], [ 14.27405, 48.28402 ], [ 14.27772, 48.28149 ], [ 14.27918, 48.28141 ], [ 14.28137, 48.28038 ], [ 14.27614, 48.27721 ], [ 14.27513, 48.27604 ], [ 14.27558, 48.27124 ], [ 14.27611, 48.26991 ], [ 14.27581, 48.26988 ], [ 14.27636, 48.2661 ], [ 14.27647, 48.26558 ], [ 14.27705, 48.26556 ], [ 14.27648, 48.2655 ], [ 14.27689, 48.26104 ], [ 14.27343, 48.26 ], [ 14.27448, 48.25944 ], [ 14.2711, 48.25917 ], [ 14.2785, 48.25438 ], [ 14.27935, 48.25295 ], [ 14.26892, 48.24941 ], [ 14.26271, 48.24673 ], [ 14.26621, 48.24611 ], [ 14.26697, 48.2465 ], [ 14.26763, 48.24564 ], [ 14.26837, 48.24581 ], [ 14.2704, 48.24361 ], [ 14.27906, 48.2385 ], [ 14.28003, 48.23765 ], [ 14.27989, 48.23737 ], [ 14.28165, 48.23419 ], [ 14.28471, 48.23508 ], [ 14.28549, 48.23408 ], [ 14.2895, 48.23441 ], [ 14.292, 48.2309 ], [ 14.29827, 48.23198 ], [ 14.29997, 48.23068 ], [ 14.30137, 48.23144 ], [ 14.30356, 48.23149 ], [ 14.30432, 48.23184 ], [ 14.30743, 48.22938 ], [ 14.31249, 48.22354 ], [ 14.31444, 48.22183 ], [ 14.31407, 48.22175 ], [ 14.31482, 48.22108 ], [ 14.31194, 48.21883 ], [ 14.31959, 48.21544 ], [ 14.31851, 48.21401 ], [ 14.32465, 48.21137 ], [ 14.3253, 48.21183 ], [ 14.32571, 48.21367 ], [ 14.32814, 48.21294 ], [ 14.32827, 48.2133 ], [ 14.33162, 48.21433 ], [ 14.332, 48.2149 ], [ 14.33568, 48.21754 ], [ 14.33702, 48.21733 ], [ 14.33805, 48.2181 ], [ 14.33835, 48.21891 ], [ 14.34037, 48.2188 ], [ 14.3392, 48.21987 ], [ 14.34079, 48.22102 ], [ 14.3383, 48.22317 ], [ 14.33744, 48.2243 ], [ 14.33947, 48.22462 ], [ 14.33983, 48.22597 ], [ 14.34192, 48.22696 ], [ 14.34221, 48.22852 ], [ 14.34572, 48.22849 ], [ 14.3459, 48.22705 ], [ 14.34931, 48.22703 ], [ 14.35593, 48.2277 ], [ 14.35555, 48.22839 ], [ 14.36027, 48.22961 ], [ 14.35988, 48.23062 ], [ 14.36209, 48.23088 ], [ 14.36176, 48.23151 ], [ 14.36196, 48.23202 ], [ 14.36479, 48.23252 ], [ 14.36524, 48.23334 ], [ 14.36633, 48.23417 ], [ 14.36611, 48.2346 ], [ 14.36771, 48.23568 ], [ 14.36892, 48.23541 ], [ 14.3721, 48.23596 ], [ 14.37406, 48.23504 ], [ 14.38065, 48.2333 ], [ 14.38359, 48.23145 ], [ 14.3857, 48.23068 ], [ 14.38616, 48.23086 ], [ 14.38688, 48.23062 ], [ 14.38796, 48.23167 ], [ 14.38778, 48.2322 ], [ 14.38853, 48.23341 ], [ 14.38903, 48.23336 ], [ 14.3898, 48.23417 ], [ 14.39034, 48.2354 ], [ 14.39018, 48.23565 ], [ 14.39221, 48.23765 ], [ 14.39203, 48.23854 ], [ 14.39057, 48.23907 ], [ 14.39077, 48.23945 ], [ 14.39529, 48.2416 ], [ 14.3944, 48.24221 ], [ 14.39294, 48.24248 ], [ 14.39298, 48.24305 ], [ 14.39668, 48.24306 ], [ 14.39836, 48.24348 ], [ 14.39888, 48.24384 ], [ 14.39927, 48.24472 ], [ 14.40127, 48.24612 ], [ 14.40887, 48.2484 ], [ 14.40922, 48.24887 ], [ 14.40377, 48.25231 ], [ 14.39849, 48.25294 ], [ 14.40368, 48.25707 ], [ 14.3953, 48.26012 ], [ 14.38959, 48.2636 ], [ 14.38491, 48.26724 ], [ 14.38191, 48.26867 ], [ 14.37788, 48.26995 ], [ 14.36761, 48.27142 ], [ 14.35999, 48.27366 ], [ 14.35118, 48.27778 ], [ 14.3472, 48.28092 ], [ 14.34448, 48.28362 ], [ 14.343, 48.28632 ], [ 14.33988, 48.2965 ], [ 14.33665, 48.3015 ], [ 14.33381, 48.30883 ], [ 14.3256, 48.31436 ], [ 14.32246, 48.31696 ], [ 14.31683, 48.32086 ], [ 14.31474, 48.32172 ], [ 14.31538, 48.32369 ], [ 14.31596, 48.32458 ], [ 14.3213, 48.32322 ], [ 14.3236, 48.32311 ], [ 14.32551, 48.32342 ], [ 14.32828, 48.32315 ], [ 14.32844, 48.32358 ], [ 14.32937, 48.32372 ], [ 14.33358, 48.3228 ], [ 14.33489, 48.32212 ], [ 14.33645, 48.32206 ], [ 14.33704, 48.32213 ], [ 14.33557, 48.32338 ], [ 14.33819, 48.32462 ], [ 14.33869, 48.3243 ], [ 14.34016, 48.32472 ], [ 14.34006, 48.32496 ], [ 14.34124, 48.3251 ], [ 14.34122, 48.32543 ], [ 14.34718, 48.32337 ], [ 14.34677, 48.3247 ], [ 14.34871, 48.32494 ], [ 14.35086, 48.3248 ], [ 14.35227, 48.3242 ], [ 14.35316, 48.32433 ], [ 14.35489, 48.3239 ], [ 14.35571, 48.32436 ], [ 14.3575, 48.32423 ], [ 14.36068, 48.32472 ], [ 14.36018, 48.3256 ], [ 14.35719, 48.32859 ], [ 14.35505, 48.3285 ], [ 14.35187, 48.32773 ], [ 14.34792, 48.32781 ], [ 14.34504, 48.3289 ], [ 14.34372, 48.32851 ], [ 14.34352, 48.32955 ], [ 14.34325, 48.32961 ], [ 14.3438, 48.3307 ], [ 14.34064, 48.33066 ], [ 14.34074, 48.33112 ], [ 14.33953, 48.33106 ], [ 14.33954, 48.33136 ], [ 14.34021, 48.3313 ], [ 14.33954, 48.33174 ], [ 14.34055, 48.33324 ], [ 14.33857, 48.33395 ], [ 14.3381, 48.33471 ], [ 14.33573, 48.33596 ], [ 14.33686, 48.33629 ], [ 14.33735, 48.33702 ], [ 14.34027, 48.33691 ], [ 14.34171, 48.33729 ], [ 14.34337, 48.33907 ], [ 14.34427, 48.33918 ], [ 14.34507, 48.33972 ], [ 14.34858, 48.34031 ], [ 14.34871, 48.34301 ], [ 14.34537, 48.34492 ], [ 14.34482, 48.34422 ], [ 14.34407, 48.34405 ], [ 14.34187, 48.34493 ], [ 14.34167, 48.34462 ], [ 14.33913, 48.34506 ], [ 14.33699, 48.34436 ], [ 14.33583, 48.34485 ], [ 14.33461, 48.34456 ], [ 14.33437, 48.34485 ], [ 14.33511, 48.34557 ], [ 14.33473, 48.34652 ], [ 14.33323, 48.34674 ], [ 14.3324, 48.34853 ], [ 14.33199, 48.34866 ], [ 14.33122, 48.35099 ], [ 14.33138, 48.35134 ], [ 14.33082, 48.35119 ], [ 14.32973, 48.35161 ], [ 14.32854, 48.35285 ], [ 14.3252, 48.35363 ], [ 14.32366, 48.35246 ], [ 14.32253, 48.35208 ], [ 14.31994, 48.35218 ], [ 14.31726, 48.353 ], [ 14.31663, 48.35384 ], [ 14.31736, 48.35394 ], [ 14.31736, 48.35499 ], [ 14.31646, 48.35519 ], [ 14.3155, 48.35616 ], [ 14.31491, 48.35585 ], [ 14.31195, 48.35684 ], [ 14.31033, 48.3554 ], [ 14.30984, 48.35566 ], [ 14.30748, 48.35462 ], [ 14.30402, 48.35523 ], [ 14.30385, 48.35817 ], [ 14.29749, 48.35669 ], [ 14.29667, 48.35528 ], [ 14.29544, 48.35461 ], [ 14.29544, 48.35505 ], [ 14.29432, 48.3559 ], [ 14.29411, 48.35831 ], [ 14.29346, 48.35984 ], [ 14.29389, 48.36048 ], [ 14.29313, 48.36149 ], [ 14.293, 48.36241 ], [ 14.29349, 48.36325 ], [ 14.29493, 48.36411 ], [ 14.29619, 48.36642 ], [ 14.29515, 48.36624 ], [ 14.29442, 48.36572 ], [ 14.29244, 48.36544 ], [ 14.29189, 48.36594 ], [ 14.2922, 48.36828 ], [ 14.29195, 48.36913 ], [ 14.29507, 48.36922 ], [ 14.29515, 48.37065 ], [ 14.29445, 48.37096 ], [ 14.29623, 48.37147 ], [ 14.29435, 48.3724 ], [ 14.29412, 48.37331 ], [ 14.2946, 48.37593 ], [ 14.29559, 48.37808 ], [ 14.29545, 48.37869 ], [ 14.29376, 48.37863 ], [ 14.29148, 48.3778 ], [ 14.29133, 48.37706 ], [ 14.29062, 48.37623 ], [ 14.29086, 48.375 ], [ 14.29018, 48.37346 ], [ 14.29099, 48.37285 ], [ 14.29115, 48.37194 ], [ 14.28986, 48.3706 ], [ 14.29149, 48.3678 ], [ 14.29154, 48.36624 ], [ 14.29102, 48.36403 ], [ 14.29025, 48.36296 ], [ 14.29008, 48.36188 ], [ 14.28761, 48.36202 ], [ 14.28446, 48.36043 ], [ 14.28177, 48.36008 ], [ 14.28155, 48.35976 ], [ 14.28315, 48.35918 ], [ 14.2844, 48.35812 ], [ 14.28254, 48.35683 ], [ 14.28276, 48.35598 ], [ 14.2824, 48.35562 ], [ 14.28255, 48.35534 ], [ 14.28177, 48.35461 ], [ 14.28179, 48.3533 ], [ 14.27979, 48.35098 ], [ 14.27868, 48.35047 ], [ 14.27683, 48.34825 ], [ 14.27677, 48.34728 ], [ 14.27436, 48.34816 ], [ 14.27278, 48.3469 ], [ 14.27175, 48.34648 ], [ 14.27086, 48.34482 ], [ 14.27189, 48.34343 ], [ 14.26801, 48.34325 ], [ 14.2661, 48.34417 ], [ 14.26655, 48.34349 ], [ 14.26523, 48.34217 ], [ 14.26532, 48.34181 ], [ 14.26473, 48.34109 ], [ 14.26015, 48.34112 ], [ 14.25672, 48.34069 ], [ 14.25546, 48.34157 ], [ 14.25643, 48.34052 ], [ 14.25591, 48.33899 ], [ 14.25743, 48.33797 ], [ 14.25627, 48.33743 ], [ 14.25648, 48.33676 ], [ 14.25808, 48.33414 ], [ 14.26084, 48.33176 ], [ 14.25962, 48.33146 ], [ 14.2591, 48.33228 ], [ 14.25699, 48.33331 ], [ 14.25487, 48.33323 ], [ 14.25474, 48.33203 ], [ 14.25499, 48.33131 ], [ 14.25591, 48.32991 ], [ 14.2573, 48.3286 ], [ 14.25754, 48.32768 ], [ 14.25683, 48.32618 ], [ 14.25487, 48.32439 ], [ 14.25552, 48.32356 ], [ 14.2557, 48.32205 ], [ 14.25594, 48.32195 ], [ 14.25552, 48.32138 ], [ 14.25471, 48.32113 ], [ 14.25489, 48.32066 ], [ 14.25408, 48.32007 ], [ 14.25426, 48.31933 ], [ 14.25395, 48.31868 ], [ 14.25446, 48.31811 ], [ 14.25608, 48.31783 ], [ 14.25551, 48.31693 ], [ 14.25694, 48.31626 ], [ 14.25626, 48.31526 ], [ 14.25896, 48.31402 ], [ 14.25896, 48.31339 ], [ 14.25819, 48.31282 ], [ 14.25971, 48.31166 ], [ 14.25914, 48.31114 ], [ 14.25884, 48.31014 ], [ 14.25394, 48.31165 ], [ 14.25387, 48.31132 ] ] ] } },
{ "type": "Feature", "properties": { "stadt": "Salzburg" }, "geometry": { "type": "Polygon", "coordinates": [ [ [ 13.07471, 47.76811 ], [ 13.07498, 47.77106 ], [ 13.08168, 47.77092 ], [ 13.08756, 47.77289 ], [ 13.08848, 47.7743 ], [ 13.08825, 47.77886 ], [ 13.09015, 47.77921 ], [ 13.09052, 47.77972 ], [ 13.0912, 47.77969 ], [ 13.09229, 47.77904 ], [ 13.093, 47.77906 ], [ 13.09444, 47.77834 ], [ 13.09833, 47.77938 ], [ 13.10084, 47.7795 ], [ 13.10204, 47.77925 ], [ 13.10289, 47.77974 ], [ 13.10831, 47.78 ], [ 13.11044, 47.78082 ], [ 13.1119, 47.78242 ], [ 13.11299, 47.78308 ], [ 13.11307, 47.78344 ], [ 13.11234, 47.78414 ], [ 13.11231, 47.78461 ], [ 13.11478, 47.78434 ], [ 13.11512, 47.78588 ], [ 13.1157, 47.78669 ], [ 13.11531, 47.78799 ], [ 13.11561, 47.78823 ], [ 13.11557, 47.78972 ], [ 13.11594, 47.78994 ], [ 13.11529, 47.79063 ], [ 13.1151, 47.79202 ], [ 13.11602, 47.79335 ], [ 13.11595, 47.79444 ], [ 13.11625, 47.7949 ], [ 13.11807, 47.79636 ], [ 13.11802, 47.79673 ], [ 13.11681, 47.7973 ], [ 13.11696, 47.79754 ], [ 13.11829, 47.79863 ], [ 13.11859, 47.79791 ], [ 13.11923, 47.79819 ], [ 13.11918, 47.79864 ], [ 13.11978, 47.79897 ], [ 13.12289, 47.79987 ], [ 13.12272, 47.80054 ], [ 13.12302, 47.80082 ], [ 13.12495, 47.80157 ], [ 13.12524, 47.80047 ], [ 13.12753, 47.80072 ], [ 13.12674, 47.80213 ], [ 13.12344, 47.80351 ], [ 13.11604, 47.80467 ], [ 13.11571, 47.80451 ], [ 13.11195, 47.80552 ], [ 13.1098, 47.8041 ], [ 13.10624, 47.80586 ], [ 13.10323, 47.80782 ], [ 13.10338, 47.80889 ], [ 13.10382, 47.80933 ], [ 13.10279, 47.81013 ], [ 13.10253, 47.81183 ], [ 13.10192, 47.81211 ], [ 13.09912, 47.81251 ], [ 13.09636, 47.81235 ], [ 13.09639, 47.81273 ], [ 13.09585, 47.81307 ], [ 13.09449, 47.81186 ], [ 13.08875, 47.80977 ], [ 13.08894, 47.81166 ], [ 13.08835, 47.81301 ], [ 13.08753, 47.81303 ], [ 13.08764, 47.81336 ], [ 13.08608, 47.81329 ], [ 13.08649, 47.81408 ], [ 13.08565, 47.81463 ], [ 13.08717, 47.81523 ], [ 13.0867, 47.81604 ], [ 13.08582, 47.81584 ], [ 13.08485, 47.81755 ], [ 13.08191, 47.81816 ], [ 13.08124, 47.81916 ], [ 13.08148, 47.82011 ], [ 13.08062, 47.82084 ], [ 13.08329, 47.82472 ], [ 13.08828, 47.82739 ], [ 13.08552, 47.82815 ], [ 13.08461, 47.8289 ], [ 13.08228, 47.82994 ], [ 13.08157, 47.82988 ], [ 13.081, 47.83064 ], [ 13.08146, 47.83388 ], [ 13.08012, 47.83431 ], [ 13.08136, 47.83531 ], [ 13.08083, 47.83581 ], [ 13.08012, 47.83541 ], [ 13.07737, 47.83684 ], [ 13.07651, 47.8368 ], [ 13.07444, 47.83595 ], [ 13.07279, 47.8366 ], [ 13.06953, 47.83597 ], [ 13.06599, 47.83622 ], [ 13.06505, 47.8393 ], [ 13.06415, 47.84064 ], [ 13.06052, 47.84285 ], [ 13.0597, 47.84247 ], [ 13.0587, 47.8429 ], [ 13.05815, 47.84268 ], [ 13.06063, 47.84102 ], [ 13.0593, 47.83939 ], [ 13.05852, 47.8389 ], [ 13.05914, 47.83853 ], [ 13.05884, 47.83833 ], [ 13.05935, 47.83737 ], [ 13.05929, 47.83669 ], [ 13.05982, 47.83669 ], [ 13.05975, 47.83622 ], [ 13.05779, 47.83393 ], [ 13.05763, 47.83415 ], [ 13.05651, 47.83319 ], [ 13.05305, 47.83171 ], [ 13.05062, 47.8311 ], [ 13.04397, 47.83048 ], [ 13.04338, 47.8307 ], [ 13.04309, 47.83061 ], [ 13.04373, 47.83045 ], [ 13.03535, 47.82958 ], [ 13.03024, 47.83223 ], [ 13.02807, 47.83462 ], [ 13.0269, 47.83546 ], [ 13.02663, 47.83561 ], [ 13.02684, 47.83507 ], [ 13.02648, 47.83469 ], [ 13.0251, 47.83529 ], [ 13.02244, 47.8376 ], [ 13.0206, 47.84002 ], [ 13.02107, 47.84021 ], [ 13.02081, 47.84065 ], [ 13.01877, 47.8417 ], [ 13.01859, 47.84259 ], [ 13.02021, 47.84305 ], [ 13.02035, 47.84566 ], [ 13.01822, 47.84607 ], [ 13.0167, 47.84732 ], [ 13.01676, 47.84767 ], [ 13.01602, 47.84794 ], [ 13.0153, 47.84778 ], [ 13.01563, 47.8475 ], [ 13.01435, 47.8468 ], [ 13.01199, 47.84663 ], [ 13.01297, 47.84605 ], [ 13.01189, 47.84546 ], [ 13.0014, 47.85439 ], [ 13.00183, 47.85286 ], [ 13.00336, 47.85002 ], [ 13.0041, 47.847 ], [ 13.00402, 47.84468 ], [ 13.00326, 47.84258 ], [ 13.00147, 47.84053 ], [ 12.99686, 47.83677 ], [ 12.98907, 47.83196 ], [ 12.99349, 47.8295 ], [ 13.00613, 47.81973 ], [ 12.99722, 47.81066 ], [ 12.98565, 47.79561 ], [ 12.98764, 47.79445 ], [ 12.99033, 47.79356 ], [ 12.99485, 47.78934 ], [ 12.99555, 47.78907 ], [ 12.99574, 47.78873 ], [ 12.99509, 47.7884 ], [ 12.99891, 47.78511 ], [ 12.99907, 47.78401 ], [ 13.00264, 47.78145 ], [ 13.00246, 47.77962 ], [ 13.0019, 47.77868 ], [ 13.00529, 47.77588 ], [ 13.00294, 47.77324 ], [ 13.00133, 47.77031 ], [ 13.00065, 47.76807 ], [ 13.0, 47.76289 ], [ 13.01041, 47.75433 ], [ 13.01352, 47.75222 ], [ 13.01566, 47.75121 ], [ 13.0162, 47.7515 ], [ 13.01942, 47.75142 ], [ 13.0198, 47.75187 ], [ 13.01993, 47.75335 ], [ 13.02354, 47.75566 ], [ 13.02525, 47.75526 ], [ 13.0284, 47.75548 ], [ 13.03046, 47.75491 ], [ 13.03141, 47.75283 ], [ 13.03505, 47.75434 ], [ 13.03704, 47.75564 ], [ 13.03676, 47.75654 ], [ 13.0466, 47.75883 ], [ 13.04869, 47.75982 ], [ 13.04986, 47.75966 ], [ 13.05941, 47.76201 ], [ 13.05961, 47.76148 ], [ 13.06049, 47.76101 ], [ 13.06249, 47.76053 ], [ 13.06402, 47.75682 ], [ 13.07061, 47.75327 ], [ 13.071, 47.75132 ], [ 13.07425, 47.75312 ], [ 13.07909, 47.75505 ], [ 13.07623, 47.76206 ], [ 13.07471, 47.76811 ] ] ] } },
{ "type": "Feature", "properties": { "stadt": "Innsbruck" }, "geometry": { "type": "Polygon", "coordinates": [ [ [ 11.33872, 47.25253 ], [ 11.34357, 47.25215 ], [ 11.34352, 47.25135 ], [ 11.34305, 47.25067 ], [ 11.34385, 47.25037 ], [ 11.34812, 47.24973 ], [ 11.35209, 47.25001 ], [ 11.35158, 47.24893 ], [ 11.35055, 47.24831 ], [ 11.34828, 47.24765 ], [ 11.34771, 47.24721 ], [ 11.34781, 47.24646 ], [ 11.34679, 47.24579 ], [ 11.34682, 47.24531 ], [ 11.3455, 47.24284 ], [ 11.34585, 47.24273 ], [ 11.34653, 47.2415 ], [ 11.34893, 47.24149 ], [ 11.34996, 47.24182 ], [ 11.35143, 47.24162 ], [ 11.35206, 47.24205 ], [ 11.35452, 47.24242 ], [ 11.35375, 47.24281 ], [ 11.35438, 47.24338 ], [ 11.35396, 47.2438 ], [ 11.35606, 47.24463 ], [ 11.35761, 47.24442 ], [ 11.35727, 47.24377 ], [ 11.35772, 47.24339 ], [ 11.35966, 47.24355 ], [ 11.36067, 47.24429 ], [ 11.36133, 47.24415 ], [ 11.3611, 47.24383 ], [ 11.36177, 47.24282 ], [ 11.36651, 47.24375 ], [ 11.36726, 47.24365 ], [ 11.36769, 47.24424 ], [ 11.36981, 47.24466 ], [ 11.37022, 47.24513 ], [ 11.37204, 47.24573 ], [ 11.37705, 47.24643 ], [ 11.37858, 47.24631 ], [ 11.3812, 47.24683 ], [ 11.38304, 47.24679 ], [ 11.3869, 47.24582 ], [ 11.38922, 47.2443 ], [ 11.39324, 47.24277 ], [ 11.39217, 47.24133 ], [ 11.39434, 47.2396 ], [ 11.39491, 47.23817 ], [ 11.39362, 47.23788 ], [ 11.39128, 47.23824 ], [ 11.38967, 47.23789 ], [ 11.38861, 47.23673 ], [ 11.38913, 47.23405 ], [ 11.39032, 47.23188 ], [ 11.38877, 47.22971 ], [ 11.38874, 47.22833 ], [ 11.38815, 47.2277 ], [ 11.38746, 47.22763 ], [ 11.38732, 47.22718 ], [ 11.38799, 47.2263 ], [ 11.38803, 47.225 ], [ 11.38886, 47.22403 ], [ 11.38908, 47.22166 ], [ 11.39073, 47.22042 ], [ 11.39061, 47.21952 ], [ 11.389, 47.218 ], [ 11.38951, 47.21636 ], [ 11.38878, 47.21579 ], [ 11.39011, 47.21478 ], [ 11.39019, 47.21345 ], [ 11.39289, 47.21208 ], [ 11.39352, 47.21227 ], [ 11.39378, 47.21282 ], [ 11.39456, 47.21236 ], [ 11.39535, 47.21289 ], [ 11.39621, 47.2124 ], [ 11.39743, 47.21237 ], [ 11.39837, 47.21271 ], [ 11.39827, 47.21493 ], [ 11.3975, 47.21598 ], [ 11.39799, 47.21624 ], [ 11.39975, 47.21541 ], [ 11.40087, 47.2153 ], [ 11.40374, 47.21647 ], [ 11.40474, 47.21736 ], [ 11.40488, 47.21797 ], [ 11.40547, 47.21819 ], [ 11.4064, 47.21925 ], [ 11.4065, 47.21955 ], [ 11.40588, 47.22001 ], [ 11.40599, 47.22084 ], [ 11.40661, 47.22136 ], [ 11.40808, 47.22125 ], [ 11.41007, 47.22009 ], [ 11.41337, 47.21918 ], [ 11.41493, 47.21909 ], [ 11.41599, 47.21847 ], [ 11.4172, 47.21706 ], [ 11.41787, 47.21608 ], [ 11.41786, 47.21507 ], [ 11.41841, 47.21486 ], [ 11.41995, 47.21522 ], [ 11.42298, 47.21958 ], [ 11.4255, 47.21871 ], [ 11.42587, 47.21764 ], [ 11.42778, 47.21674 ], [ 11.42778, 47.21565 ], [ 11.43079, 47.21317 ], [ 11.43176, 47.21395 ], [ 11.43615, 47.21448 ], [ 11.44341, 47.21165 ], [ 11.44736, 47.21077 ], [ 11.45062, 47.2127 ], [ 11.45397, 47.21302 ], [ 11.45256, 47.21482 ], [ 11.44992, 47.21628 ], [ 11.44262, 47.22158 ], [ 11.44217, 47.22156 ], [ 11.4397, 47.22308 ], [ 11.43552, 47.22406 ], [ 11.43473, 47.22457 ], [ 11.43477, 47.2256 ], [ 11.43261, 47.22649 ], [ 11.43183, 47.22651 ], [ 11.43082, 47.22604 ], [ 11.42874, 47.2267 ], [ 11.4281, 47.22767 ], [ 11.42724, 47.22799 ], [ 11.42641, 47.23022 ], [ 11.4254, 47.23175 ], [ 11.42491, 47.23414 ], [ 11.42427, 47.23482 ], [ 11.42368, 47.2352 ], [ 11.42201, 47.23546 ], [ 11.41946, 47.23509 ], [ 11.41913, 47.23543 ], [ 11.4181, 47.23702 ], [ 11.4191, 47.23731 ], [ 11.41794, 47.23919 ], [ 11.41866, 47.23936 ], [ 11.41634, 47.23929 ], [ 11.41495, 47.23971 ], [ 11.41324, 47.23866 ], [ 11.41139, 47.23873 ], [ 11.41081, 47.24242 ], [ 11.4103, 47.24317 ], [ 11.41048, 47.24405 ], [ 11.40956, 47.24679 ], [ 11.41399, 47.24804 ], [ 11.41459, 47.24851 ], [ 11.41812, 47.24806 ], [ 11.41893, 47.24757 ], [ 11.43139, 47.24683 ], [ 11.43189, 47.24703 ], [ 11.43222, 47.24892 ], [ 11.43162, 47.24915 ], [ 11.4307, 47.25035 ], [ 11.43089, 47.2512 ], [ 11.42914, 47.25234 ], [ 11.43192, 47.25283 ], [ 11.43237, 47.25224 ], [ 11.43412, 47.25338 ], [ 11.43663, 47.25274 ], [ 11.43793, 47.25328 ], [ 11.43758, 47.25409 ], [ 11.43788, 47.25429 ], [ 11.44145, 47.25572 ], [ 11.441, 47.25642 ], [ 11.44115, 47.25697 ], [ 11.44165, 47.25725 ], [ 11.44376, 47.25801 ], [ 11.45082, 47.25874 ], [ 11.45367, 47.25997 ], [ 11.45429, 47.25984 ], [ 11.45489, 47.26012 ], [ 11.45584, 47.26239 ], [ 11.45596, 47.26313 ], [ 11.4555, 47.26359 ], [ 11.45402, 47.26249 ], [ 11.4527, 47.26345 ], [ 11.45301, 47.26736 ], [ 11.4513, 47.26713 ], [ 11.44739, 47.26791 ], [ 11.44795, 47.26899 ], [ 11.44393, 47.278 ], [ 11.44414, 47.27884 ], [ 11.44568, 47.27888 ], [ 11.44865, 47.27962 ], [ 11.44775, 47.28143 ], [ 11.44768, 47.2823 ], [ 11.44948, 47.28261 ], [ 11.4492, 47.2832 ], [ 11.44961, 47.28335 ], [ 11.44902, 47.28432 ], [ 11.44936, 47.28449 ], [ 11.44792, 47.28634 ], [ 11.44675, 47.28592 ], [ 11.44604, 47.28745 ], [ 11.44374, 47.28692 ], [ 11.44311, 47.28775 ], [ 11.44202, 47.28778 ], [ 11.44063, 47.28886 ], [ 11.43941, 47.29065 ], [ 11.43717, 47.29072 ], [ 11.43552, 47.29231 ], [ 11.43218, 47.2933 ], [ 11.43492, 47.29406 ], [ 11.43499, 47.29452 ], [ 11.43387, 47.29551 ], [ 11.42837, 47.2952 ], [ 11.42478, 47.29536 ], [ 11.42401, 47.29589 ], [ 11.4219, 47.29601 ], [ 11.41969, 47.29572 ], [ 11.41942, 47.29542 ], [ 11.41949, 47.2948 ], [ 11.41859, 47.29456 ], [ 11.41624, 47.29458 ], [ 11.41606, 47.29551 ], [ 11.4153, 47.29609 ], [ 11.41472, 47.29714 ], [ 11.41367, 47.3031 ], [ 11.41184, 47.30403 ], [ 11.39969, 47.31524 ], [ 11.40085, 47.31574 ], [ 11.40336, 47.31574 ], [ 11.40516, 47.31661 ], [ 11.40715, 47.3187 ], [ 11.41701, 47.31878 ], [ 11.42405, 47.3198 ], [ 11.42607, 47.32056 ], [ 11.42716, 47.34307 ], [ 11.42759, 47.34476 ], [ 11.42717, 47.34666 ], [ 11.42566, 47.34732 ], [ 11.42046, 47.34821 ], [ 11.41831, 47.34791 ], [ 11.41386, 47.35088 ], [ 11.41155, 47.35109 ], [ 11.40791, 47.35207 ], [ 11.40625, 47.35187 ], [ 11.40593, 47.35158 ], [ 11.40358, 47.35156 ], [ 11.40292, 47.35109 ], [ 11.40172, 47.35087 ], [ 11.39634, 47.35118 ], [ 11.3943, 47.35101 ], [ 11.39376, 47.35123 ], [ 11.39152, 47.35105 ], [ 11.39018, 47.35155 ], [ 11.38849, 47.35315 ], [ 11.38665, 47.35406 ], [ 11.38615, 47.35469 ], [ 11.38293, 47.35633 ], [ 11.37995, 47.35549 ], [ 11.37816, 47.3552 ], [ 11.37696, 47.35546 ], [ 11.37567, 47.35499 ], [ 11.37483, 47.35547 ], [ 11.3724, 47.35583 ], [ 11.37068, 47.35683 ], [ 11.37017, 47.35646 ], [ 11.36948, 47.35676 ], [ 11.36774, 47.35678 ], [ 11.36694, 47.35722 ], [ 11.36639, 47.35703 ], [ 11.36439, 47.35769 ], [ 11.36368, 47.35846 ], [ 11.36181, 47.35945 ], [ 11.3596, 47.35951 ], [ 11.35776, 47.36013 ], [ 11.35652, 47.35908 ], [ 11.35614, 47.35765 ], [ 11.35553, 47.35693 ], [ 11.35333, 47.35572 ], [ 11.34886, 47.35421 ], [ 11.34645, 47.35256 ], [ 11.34255, 47.34794 ], [ 11.33933, 47.34184 ], [ 11.33879, 47.33963 ], [ 11.33734, 47.33938 ], [ 11.33622, 47.33995 ], [ 11.33602, 47.34045 ], [ 11.33504, 47.34078 ], [ 11.33508, 47.34125 ], [ 11.33417, 47.34196 ], [ 11.3313, 47.34277 ], [ 11.33355, 47.3409 ], [ 11.33486, 47.33503 ], [ 11.33679, 47.32944 ], [ 11.33674, 47.32694 ], [ 11.33863, 47.32313 ], [ 11.33858, 47.32245 ], [ 11.33906, 47.32202 ], [ 11.338, 47.32164 ], [ 11.33751, 47.32052 ], [ 11.3366, 47.31968 ], [ 11.33244, 47.31756 ], [ 11.33231, 47.31644 ], [ 11.33275, 47.31533 ], [ 11.33596, 47.31358 ], [ 11.33049, 47.3097 ], [ 11.32368, 47.30259 ], [ 11.31076, 47.29617 ], [ 11.30751, 47.29373 ], [ 11.30612, 47.29194 ], [ 11.30572, 47.29055 ], [ 11.30583, 47.28847 ], [ 11.30553, 47.28707 ], [ 11.30358, 47.28276 ], [ 11.30231, 47.28141 ], [ 11.30412, 47.2797 ], [ 11.30418, 47.27835 ], [ 11.30164, 47.27044 ], [ 11.3051, 47.26697 ], [ 11.30518, 47.26443 ], [ 11.31312, 47.26517 ], [ 11.31955, 47.26521 ], [ 11.32283, 47.26457 ], [ 11.32425, 47.2636 ], [ 11.32589, 47.26123 ], [ 11.32704, 47.26016 ], [ 11.33258, 47.25599 ], [ 11.33872, 47.25253 ] ] ] } },
{ "type": "Feature", "properties": { "stadt": "Klagenfurt" }, "geometry": { "type": "Polygon", "coordinates": [ [ [ 14.24094, 46.6283 ], [ 14.24211, 46.62705 ], [ 14.23846, 46.62237 ], [ 14.24386, 46.61857 ], [ 14.24208, 46.61184 ], [ 14.24265, 46.61126 ], [ 14.24241, 46.61043 ], [ 14.24335, 46.61017 ], [ 14.24197, 46.60959 ], [ 14.24089, 46.60797 ], [ 14.24085, 46.60704 ], [ 14.23919, 46.60656 ], [ 14.23958, 46.60592 ], [ 14.23929, 46.60374 ], [ 14.24003, 46.6038 ], [ 14.24016, 46.60227 ], [ 14.24141, 46.60206 ], [ 14.24328, 46.6009 ], [ 14.24362, 46.59966 ], [ 14.24263, 46.59915 ], [ 14.24115, 46.59932 ], [ 14.23957, 46.59843 ], [ 14.23936, 46.59793 ], [ 14.23842, 46.59799 ], [ 14.23819, 46.59767 ], [ 14.2365, 46.5974 ], [ 14.23642, 46.59654 ], [ 14.23685, 46.59619 ], [ 14.23789, 46.59624 ], [ 14.23784, 46.59506 ], [ 14.2383, 46.59496 ], [ 14.23847, 46.59391 ], [ 14.24027, 46.59429 ], [ 14.24148, 46.59355 ], [ 14.24133, 46.59305 ], [ 14.24171, 46.59296 ], [ 14.24188, 46.59246 ], [ 14.2415, 46.59234 ], [ 14.24068, 46.59037 ], [ 14.23837, 46.59059 ], [ 14.23744, 46.58876 ], [ 14.23776, 46.58824 ], [ 14.23668, 46.58815 ], [ 14.23658, 46.58771 ], [ 14.2391, 46.58722 ], [ 14.23902, 46.58586 ], [ 14.23823, 46.58539 ], [ 14.23948, 46.58398 ], [ 14.24049, 46.58359 ], [ 14.24045, 46.58281 ], [ 14.24113, 46.58116 ], [ 14.24311, 46.57948 ], [ 14.24361, 46.57866 ], [ 14.24519, 46.57905 ], [ 14.24684, 46.57868 ], [ 14.24807, 46.57896 ], [ 14.24841, 46.57861 ], [ 14.24828, 46.5781 ], [ 14.25268, 46.57821 ], [ 14.25407, 46.57757 ], [ 14.25797, 46.57836 ], [ 14.26036, 46.578 ], [ 14.26154, 46.57865 ], [ 14.26194, 46.5793 ], [ 14.26345, 46.57885 ], [ 14.26424, 46.57896 ], [ 14.26564, 46.5784 ], [ 14.26678, 46.57847 ], [ 14.27073, 46.57958 ], [ 14.27161, 46.58014 ], [ 14.27595, 46.58073 ], [ 14.27585, 46.58264 ], [ 14.27763, 46.58437 ], [ 14.2788, 46.58465 ], [ 14.27921, 46.58415 ], [ 14.27987, 46.58414 ], [ 14.28133, 46.5825 ], [ 14.28255, 46.58189 ], [ 14.28213, 46.58251 ], [ 14.28228, 46.58315 ], [ 14.28188, 46.58327 ], [ 14.28215, 46.5836 ], [ 14.28536, 46.58262 ], [ 14.28481, 46.58219 ], [ 14.28513, 46.5815 ], [ 14.2867, 46.58181 ], [ 14.28592, 46.57984 ], [ 14.28626, 46.57889 ], [ 14.2882, 46.57699 ], [ 14.28815, 46.5759 ], [ 14.28778, 46.57534 ], [ 14.28966, 46.5744 ], [ 14.29036, 46.57462 ], [ 14.29128, 46.57439 ], [ 14.29522, 46.57453 ], [ 14.29485, 46.5753 ], [ 14.29541, 46.57555 ], [ 14.29537, 46.57592 ], [ 14.29606, 46.57595 ], [ 14.29699, 46.57505 ], [ 14.2973, 46.57519 ], [ 14.29817, 46.5745 ], [ 14.29985, 46.57518 ], [ 14.30195, 46.57521 ], [ 14.30226, 46.57494 ], [ 14.30281, 46.57565 ], [ 14.30398, 46.57588 ], [ 14.30774, 46.57527 ], [ 14.30827, 46.57564 ], [ 14.30912, 46.57548 ], [ 14.31118, 46.5771 ], [ 14.31254, 46.57638 ], [ 14.31694, 46.57668 ], [ 14.31737, 46.57712 ], [ 14.31703, 46.57786 ], [ 14.31726, 46.57889 ], [ 14.31629, 46.57943 ], [ 14.31643, 46.57985 ], [ 14.31564, 46.58113 ], [ 14.31627, 46.58188 ], [ 14.31771, 46.58263 ], [ 14.31872, 46.58388 ], [ 14.31876, 46.58539 ], [ 14.31978, 46.58676 ], [ 14.31925, 46.58783 ], [ 14.32008, 46.58791 ], [ 14.32125, 46.58859 ], [ 14.32194, 46.5897 ], [ 14.32283, 46.59033 ], [ 14.32262, 46.59064 ], [ 14.32298, 46.59117 ], [ 14.32416, 46.59187 ], [ 14.32526, 46.59201 ], [ 14.32632, 46.59313 ], [ 14.32641, 46.59361 ], [ 14.32512, 46.59388 ], [ 14.32168, 46.59319 ], [ 14.3212, 46.59462 ], [ 14.31984, 46.59608 ], [ 14.31997, 46.59658 ], [ 14.32292, 46.59694 ], [ 14.32628, 46.59685 ], [ 14.32776, 46.59807 ], [ 14.33624, 46.59847 ], [ 14.33886, 46.59889 ], [ 14.34621, 46.60377 ], [ 14.34717, 46.60527 ], [ 14.35126, 46.60838 ], [ 14.35581, 46.61034 ], [ 14.35677, 46.61012 ], [ 14.35762, 46.60947 ], [ 14.35806, 46.60973 ], [ 14.35461, 46.61127 ], [ 14.35294, 46.61281 ], [ 14.35453, 46.61409 ], [ 14.35485, 46.61398 ], [ 14.35522, 46.61627 ], [ 14.35474, 46.61747 ], [ 14.39074, 46.61906 ], [ 14.38857, 46.62019 ], [ 14.38759, 46.62491 ], [ 14.38792, 46.62653 ], [ 14.39212, 46.62622 ], [ 14.4041, 46.62858 ], [ 14.40709, 46.62977 ], [ 14.40816, 46.62967 ], [ 14.41019, 46.62871 ], [ 14.41077, 46.63043 ], [ 14.41286, 46.63329 ], [ 14.41416, 46.63331 ], [ 14.41403, 46.63636 ], [ 14.4144, 46.63694 ], [ 14.41487, 46.63702 ], [ 14.41626, 46.64016 ], [ 14.41338, 46.6412 ], [ 14.41104, 46.64033 ], [ 14.40937, 46.64045 ], [ 14.40858, 46.64192 ], [ 14.40672, 46.64262 ], [ 14.40072, 46.64245 ], [ 14.39942, 46.6452 ], [ 14.39176, 46.64564 ], [ 14.38975, 46.64447 ], [ 14.38451, 46.64392 ], [ 14.38307, 46.64424 ], [ 14.37747, 46.64387 ], [ 14.37416, 46.64068 ], [ 14.37235, 46.6427 ], [ 14.37209, 46.64349 ], [ 14.37086, 46.64328 ], [ 14.37066, 46.644 ], [ 14.37012, 46.64418 ], [ 14.36911, 46.64553 ], [ 14.36853, 46.64544 ], [ 14.36841, 46.64625 ], [ 14.3711, 46.64623 ], [ 14.37086, 46.64887 ], [ 14.3725, 46.64938 ], [ 14.37334, 46.65018 ], [ 14.37326, 46.6508 ], [ 14.37476, 46.65228 ], [ 14.3747, 46.65361 ], [ 14.37215, 46.65346 ], [ 14.36915, 46.65381 ], [ 14.36796, 46.65617 ], [ 14.366, 46.657 ], [ 14.36448, 46.65833 ], [ 14.36423, 46.66022 ], [ 14.36314, 46.66214 ], [ 14.36055, 46.66476 ], [ 14.35984, 46.66448 ], [ 14.35932, 46.66372 ], [ 14.35818, 46.66325 ], [ 14.35673, 46.66359 ], [ 14.35519, 46.66322 ], [ 14.35512, 46.66287 ], [ 14.35355, 46.66264 ], [ 14.35264, 46.66291 ], [ 14.35187, 46.66419 ], [ 14.35174, 46.6652 ], [ 14.3523, 46.66703 ], [ 14.35234, 46.6695 ], [ 14.3534, 46.67056 ], [ 14.3541, 46.67202 ], [ 14.35536, 46.67327 ], [ 14.35602, 46.67483 ], [ 14.35635, 46.67497 ], [ 14.35514, 46.6751 ], [ 14.35287, 46.67629 ], [ 14.34958, 46.6758 ], [ 14.34706, 46.67601 ], [ 14.34377, 46.67558 ], [ 14.34294, 46.67585 ], [ 14.33787, 46.67404 ], [ 14.33647, 46.67483 ], [ 14.33675, 46.6756 ], [ 14.33627, 46.67602 ], [ 14.33246, 46.67539 ], [ 14.32966, 46.67363 ], [ 14.32861, 46.67352 ], [ 14.3273, 46.67257 ], [ 14.3221, 46.67035 ], [ 14.32209, 46.66944 ], [ 14.31888, 46.66712 ], [ 14.3188, 46.66416 ], [ 14.31824, 46.66397 ], [ 14.31786, 46.66341 ], [ 14.31577, 46.66387 ], [ 14.31608, 46.66594 ], [ 14.31674, 46.66727 ], [ 14.31811, 46.66814 ], [ 14.3174, 46.66923 ], [ 14.31406, 46.66759 ], [ 14.30913, 46.66767 ], [ 14.30417, 46.66704 ], [ 14.30277, 46.66635 ], [ 14.3012, 46.66483 ], [ 14.29807, 46.66644 ], [ 14.29745, 46.66599 ], [ 14.29314, 46.66631 ], [ 14.3005, 46.67088 ], [ 14.30008, 46.67132 ], [ 14.29917, 46.67098 ], [ 14.29835, 46.67147 ], [ 14.29705, 46.67148 ], [ 14.29447, 46.6725 ], [ 14.29379, 46.6737 ], [ 14.29286, 46.67375 ], [ 14.29292, 46.67427 ], [ 14.29215, 46.6743 ], [ 14.29646, 46.67668 ], [ 14.29687, 46.6775 ], [ 14.29753, 46.6779 ], [ 14.29691, 46.67838 ], [ 14.29729, 46.67861 ], [ 14.29677, 46.67928 ], [ 14.29571, 46.6798 ], [ 14.29511, 46.68075 ], [ 14.2941, 46.68119 ], [ 14.29184, 46.68139 ], [ 14.29091, 46.68216 ], [ 14.29063, 46.68257 ], [ 14.29084, 46.68332 ], [ 14.29176, 46.68453 ], [ 14.28727, 46.68335 ], [ 14.28691, 46.68411 ], [ 14.28587, 46.68402 ], [ 14.28402, 46.68455 ], [ 14.28343, 46.68549 ], [ 14.2814, 46.68544 ], [ 14.28151, 46.68634 ], [ 14.28181, 46.68698 ], [ 14.28225, 46.68697 ], [ 14.28332, 46.68914 ], [ 14.2855, 46.69141 ], [ 14.28817, 46.69054 ], [ 14.28972, 46.69236 ], [ 14.2909, 46.69218 ], [ 14.29156, 46.69165 ], [ 14.29178, 46.69185 ], [ 14.29158, 46.69253 ], [ 14.29255, 46.69246 ], [ 14.29341, 46.69284 ], [ 14.29454, 46.69445 ], [ 14.29508, 46.69684 ], [ 14.29576, 46.69662 ], [ 14.29752, 46.69696 ], [ 14.30219, 46.69685 ], [ 14.30602, 46.69869 ], [ 14.3063, 46.69904 ], [ 14.30326, 46.6986 ], [ 14.30107, 46.69926 ], [ 14.29912, 46.69873 ], [ 14.2978, 46.69907 ], [ 14.29812, 46.69947 ], [ 14.29955, 46.69977 ], [ 14.30045, 46.70049 ], [ 14.30109, 46.70159 ], [ 14.3027, 46.70246 ], [ 14.30374, 46.70363 ], [ 14.30398, 46.70429 ], [ 14.30246, 46.70566 ], [ 14.30341, 46.70655 ], [ 14.30481, 46.70716 ], [ 14.30386, 46.70771 ], [ 14.30458, 46.70784 ], [ 14.30472, 46.70867 ], [ 14.29555, 46.70719 ], [ 14.29168, 46.70593 ], [ 14.28939, 46.7066 ], [ 14.28936, 46.70686 ], [ 14.28796, 46.70709 ], [ 14.2869, 46.70605 ], [ 14.28293, 46.70535 ], [ 14.28199, 46.70574 ], [ 14.28041, 46.70523 ], [ 14.27857, 46.70751 ], [ 14.27679, 46.70761 ], [ 14.27441, 46.70658 ], [ 14.27344, 46.70699 ], [ 14.27306, 46.70751 ], [ 14.26881, 46.7053 ], [ 14.2678, 46.70395 ], [ 14.26703, 46.70433 ], [ 14.26519, 46.70302 ], [ 14.26378, 46.70281 ], [ 14.26222, 46.70201 ], [ 14.26181, 46.70086 ], [ 14.25513, 46.69902 ], [ 14.2546, 46.69818 ], [ 14.25383, 46.6979 ], [ 14.25349, 46.6968 ], [ 14.24987, 46.69758 ], [ 14.24885, 46.6989 ], [ 14.24732, 46.6997 ], [ 14.24501, 46.69903 ], [ 14.24331, 46.70069 ], [ 14.23718, 46.70009 ], [ 14.23644, 46.69928 ], [ 14.23636, 46.69754 ], [ 14.2356, 46.69707 ], [ 14.2357, 46.69594 ], [ 14.23265, 46.69708 ], [ 14.23193, 46.69647 ], [ 14.23136, 46.69674 ], [ 14.23073, 46.69564 ], [ 14.22964, 46.69477 ], [ 14.22858, 46.69301 ], [ 14.22747, 46.69211 ], [ 14.22709, 46.6902 ], [ 14.22638, 46.68939 ], [ 14.22709, 46.68812 ], [ 14.22459, 46.68708 ], [ 14.2243, 46.68568 ], [ 14.22292, 46.68441 ], [ 14.22284, 46.68339 ], [ 14.22182, 46.68295 ], [ 14.22182, 46.68234 ], [ 14.21824, 46.68246 ], [ 14.2181, 46.68184 ], [ 14.21722, 46.68112 ], [ 14.21598, 46.68094 ], [ 14.21566, 46.68058 ], [ 14.21499, 46.6793 ], [ 14.2156, 46.67837 ], [ 14.21631, 46.67858 ], [ 14.21636, 46.67811 ], [ 14.21591, 46.67765 ], [ 14.21632, 46.67748 ], [ 14.21627, 46.67706 ], [ 14.21663, 46.67714 ], [ 14.21621, 46.67648 ], [ 14.21708, 46.67587 ], [ 14.21605, 46.67485 ], [ 14.21591, 46.67423 ], [ 14.21428, 46.67277 ], [ 14.21199, 46.67201 ], [ 14.21215, 46.67145 ], [ 14.21373, 46.67011 ], [ 14.2103, 46.66948 ], [ 14.21076, 46.66912 ], [ 14.21161, 46.66945 ], [ 14.21279, 46.66901 ], [ 14.21314, 46.66924 ], [ 14.2134, 46.66909 ], [ 14.21325, 46.66867 ], [ 14.21486, 46.66848 ], [ 14.21536, 46.66605 ], [ 14.21356, 46.66549 ], [ 14.21355, 46.66487 ], [ 14.21824, 46.66547 ], [ 14.2194, 46.66601 ], [ 14.21978, 46.66547 ], [ 14.21923, 46.66474 ], [ 14.21772, 46.66396 ], [ 14.21886, 46.66412 ], [ 14.21883, 46.66345 ], [ 14.21965, 46.66313 ], [ 14.21949, 46.6617 ], [ 14.22007, 46.66141 ], [ 14.21919, 46.6587 ], [ 14.21843, 46.65815 ], [ 14.21801, 46.65825 ], [ 14.21644, 46.65759 ], [ 14.21706, 46.6571 ], [ 14.21814, 46.6574 ], [ 14.21929, 46.65469 ], [ 14.2207, 46.65487 ], [ 14.22024, 46.65422 ], [ 14.22092, 46.65379 ], [ 14.23034, 46.65399 ], [ 14.23323, 46.6546 ], [ 14.23695, 46.65408 ], [ 14.24146, 46.65458 ], [ 14.24317, 46.65387 ], [ 14.24204, 46.65279 ], [ 14.23914, 46.65217 ], [ 14.23782, 46.65125 ], [ 14.23735, 46.65168 ], [ 14.23447, 46.65106 ], [ 14.2335, 46.65015 ], [ 14.23143, 46.64916 ], [ 14.2308, 46.64788 ], [ 14.22942, 46.64662 ], [ 14.22886, 46.64728 ], [ 14.22792, 46.64752 ], [ 14.22679, 46.64707 ], [ 14.22587, 46.64628 ], [ 14.22457, 46.6463 ], [ 14.2259, 46.64502 ], [ 14.22592, 46.64437 ], [ 14.22402, 46.64355 ], [ 14.22694, 46.64322 ], [ 14.23028, 46.64363 ], [ 14.23132, 46.64302 ], [ 14.23283, 46.64313 ], [ 14.23297, 46.64268 ], [ 14.23223, 46.64132 ], [ 14.2308, 46.64065 ], [ 14.2319, 46.63866 ], [ 14.23339, 46.63695 ], [ 14.23571, 46.63583 ], [ 14.23527, 46.63548 ], [ 14.23956, 46.63539 ], [ 14.24095, 46.63504 ], [ 14.23916, 46.6335 ], [ 14.23774, 46.6317 ], [ 14.23846, 46.63097 ], [ 14.2394, 46.62878 ], [ 14.24094, 46.6283 ] ] ] } },
{ "type": "Feature", "properties": { "stadt": "St. Pölten" }, "geometry": { "type": "Polygon", "coordinates": [ [ [ 15.73418, 48.25587 ], [ 15.73255, 48.25765 ], [ 15.73476, 48.25814 ], [ 15.73263, 48.26051 ], [ 15.73487, 48.26146 ], [ 15.73918, 48.26223 ], [ 15.73722, 48.26361 ], [ 15.73619, 48.26651 ], [ 15.72517, 48.26344 ], [ 15.7245, 48.26429 ], [ 15.71669, 48.26275 ], [ 15.71637, 48.26346 ], [ 15.71636, 48.26483 ], [ 15.71458, 48.26469 ], [ 15.71447, 48.26541 ], [ 15.71255, 48.2655 ], [ 15.71146, 48.26643 ], [ 15.71194, 48.26692 ], [ 15.71181, 48.26786 ], [ 15.71118, 48.26787 ], [ 15.71025, 48.26647 ], [ 15.70953, 48.26661 ], [ 15.70907, 48.26755 ], [ 15.70762, 48.2683 ], [ 15.70705, 48.26741 ], [ 15.70599, 48.26764 ], [ 15.70301, 48.26635 ], [ 15.7039, 48.26369 ], [ 15.69991, 48.26335 ], [ 15.69625, 48.26163 ], [ 15.68032, 48.26294 ], [ 15.67862, 48.26256 ], [ 15.67121, 48.26255 ], [ 15.66958, 48.26217 ], [ 15.66902, 48.26182 ], [ 15.66905, 48.26147 ], [ 15.66914, 48.26124 ], [ 15.67105, 48.2613 ], [ 15.67178, 48.25902 ], [ 15.66925, 48.25812 ], [ 15.66657, 48.25767 ], [ 15.66798, 48.25505 ], [ 15.66726, 48.25492 ], [ 15.66758, 48.2547 ], [ 15.66536, 48.25494 ], [ 15.66587, 48.25323 ], [ 15.66551, 48.25254 ], [ 15.66718, 48.25248 ], [ 15.66927, 48.25317 ], [ 15.66968, 48.2518 ], [ 15.66481, 48.25095 ], [ 15.66298, 48.25101 ], [ 15.66538, 48.24842 ], [ 15.66503, 48.24774 ], [ 15.66357, 48.24673 ], [ 15.66344, 48.24571 ], [ 15.66384, 48.24501 ], [ 15.66355, 48.24499 ], [ 15.66262, 48.24255 ], [ 15.65702, 48.24374 ], [ 15.65687, 48.24478 ], [ 15.65104, 48.24478 ], [ 15.65183, 48.2464 ], [ 15.64148, 48.24639 ], [ 15.64205, 48.24711 ], [ 15.63778, 48.24797 ], [ 15.63747, 48.24697 ], [ 15.63562, 48.24538 ], [ 15.63271, 48.24204 ], [ 15.62853, 48.24186 ], [ 15.62818, 48.24029 ], [ 15.62709, 48.24024 ], [ 15.62708, 48.23884 ], [ 15.61835, 48.23847 ], [ 15.61709, 48.23813 ], [ 15.61449, 48.23656 ], [ 15.61205, 48.23586 ], [ 15.61348, 48.23237 ], [ 15.60733, 48.23132 ], [ 15.60475, 48.23316 ], [ 15.60237, 48.23286 ], [ 15.59753, 48.23173 ], [ 15.59762, 48.23123 ], [ 15.59229, 48.22939 ], [ 15.59353, 48.22819 ], [ 15.59275, 48.22771 ], [ 15.59163, 48.22965 ], [ 15.58864, 48.23056 ], [ 15.58605, 48.23192 ], [ 15.58577, 48.23243 ], [ 15.58639, 48.22839 ], [ 15.58054, 48.22782 ], [ 15.58098, 48.22531 ], [ 15.58268, 48.2241 ], [ 15.57911, 48.22311 ], [ 15.58016, 48.22267 ], [ 15.58294, 48.21825 ], [ 15.57845, 48.21655 ], [ 15.57549, 48.21253 ], [ 15.57543, 48.21034 ], [ 15.57651, 48.20854 ], [ 15.57721, 48.2093 ], [ 15.57912, 48.20997 ], [ 15.58129, 48.21069 ], [ 15.58188, 48.21037 ], [ 15.58071, 48.2092 ], [ 15.57897, 48.20824 ], [ 15.57771, 48.20694 ], [ 15.57568, 48.2062 ], [ 15.57659, 48.20531 ], [ 15.57777, 48.20483 ], [ 15.57772, 48.20425 ], [ 15.57613, 48.20408 ], [ 15.57745, 48.19859 ], [ 15.57475, 48.19862 ], [ 15.57263, 48.19821 ], [ 15.57373, 48.19742 ], [ 15.57397, 48.19676 ], [ 15.57392, 48.19306 ], [ 15.5745, 48.19035 ], [ 15.57232, 48.1891 ], [ 15.56299, 48.18716 ], [ 15.56166, 48.18714 ], [ 15.56183, 48.18442 ], [ 15.56132, 48.18441 ], [ 15.56125, 48.18232 ], [ 15.55747, 48.18287 ], [ 15.55599, 48.18212 ], [ 15.55609, 48.17594 ], [ 15.55651, 48.17458 ], [ 15.55604, 48.17444 ], [ 15.55772, 48.1732 ], [ 15.55818, 48.17339 ], [ 15.55819, 48.17298 ], [ 15.55766, 48.17265 ], [ 15.5606, 48.17086 ], [ 15.56095, 48.17043 ], [ 15.56075, 48.17013 ], [ 15.5623, 48.16961 ], [ 15.56128, 48.16776 ], [ 15.56141, 48.16653 ], [ 15.55896, 48.16627 ], [ 15.56354, 48.1639 ], [ 15.56443, 48.16282 ], [ 15.57028, 48.16375 ], [ 15.56956, 48.16607 ], [ 15.56985, 48.16779 ], [ 15.57147, 48.16787 ], [ 15.57653, 48.16628 ], [ 15.57732, 48.16669 ], [ 15.58004, 48.16716 ], [ 15.58149, 48.16688 ], [ 15.58283, 48.16611 ], [ 15.5885, 48.16627 ], [ 15.59021, 48.166 ], [ 15.59194, 48.16221 ], [ 15.59184, 48.1599 ], [ 15.5908, 48.15612 ], [ 15.59192, 48.15327 ], [ 15.59293, 48.14929 ], [ 15.58691, 48.14862 ], [ 15.58759, 48.14669 ], [ 15.58721, 48.14557 ], [ 15.58324, 48.14656 ], [ 15.58223, 48.14384 ], [ 15.57943, 48.14434 ], [ 15.57841, 48.14407 ], [ 15.57888, 48.14134 ], [ 15.57965, 48.14145 ], [ 15.58044, 48.13916 ], [ 15.58007, 48.13645 ], [ 15.57941, 48.13643 ], [ 15.57875, 48.13416 ], [ 15.57901, 48.13203 ], [ 15.58422, 48.13122 ], [ 15.58438, 48.12952 ], [ 15.58409, 48.12921 ], [ 15.58434, 48.12892 ], [ 15.58712, 48.12837 ], [ 15.58825, 48.12853 ], [ 15.58864, 48.12767 ], [ 15.58994, 48.12743 ], [ 15.59047, 48.12766 ], [ 15.5908, 48.12721 ], [ 15.59041, 48.12581 ], [ 15.59245, 48.12598 ], [ 15.59352, 48.12561 ], [ 15.59461, 48.12606 ], [ 15.59537, 48.1251 ], [ 15.59592, 48.12502 ], [ 15.5979, 48.12545 ], [ 15.60096, 48.12545 ], [ 15.60144, 48.12322 ], [ 15.60195, 48.12333 ], [ 15.60207, 48.12289 ], [ 15.60558, 48.12244 ], [ 15.60574, 48.1212 ], [ 15.6074, 48.12116 ], [ 15.60747, 48.12024 ], [ 15.60792, 48.1212 ], [ 15.6074, 48.1222 ], [ 15.60787, 48.12287 ], [ 15.61228, 48.12286 ], [ 15.61294, 48.12419 ], [ 15.61352, 48.12412 ], [ 15.61312, 48.12368 ], [ 15.6178, 48.12358 ], [ 15.61716, 48.12224 ], [ 15.62315, 48.12203 ], [ 15.62361, 48.12274 ], [ 15.62454, 48.12316 ], [ 15.62474, 48.12273 ], [ 15.62803, 48.12145 ], [ 15.63199, 48.1203 ], [ 15.63194, 48.11989 ], [ 15.63312, 48.11972 ], [ 15.6334, 48.11995 ], [ 15.63513, 48.11919 ], [ 15.63646, 48.11924 ], [ 15.63905, 48.11856 ], [ 15.64108, 48.11864 ], [ 15.64109, 48.11925 ], [ 15.64156, 48.11937 ], [ 15.64144, 48.12 ], [ 15.64198, 48.12226 ], [ 15.64264, 48.12211 ], [ 15.64379, 48.12277 ], [ 15.64521, 48.12242 ], [ 15.64946, 48.12258 ], [ 15.65155, 48.12534 ], [ 15.65332, 48.12671 ], [ 15.65263, 48.12715 ], [ 15.65224, 48.12791 ], [ 15.65264, 48.12814 ], [ 15.65098, 48.12804 ], [ 15.64939, 48.12872 ], [ 15.64873, 48.12922 ], [ 15.64848, 48.13016 ], [ 15.65019, 48.13184 ], [ 15.65001, 48.13216 ], [ 15.65159, 48.13222 ], [ 15.65508, 48.13316 ], [ 15.65294, 48.1377 ], [ 15.65317, 48.13924 ], [ 15.65452, 48.1402 ], [ 15.65498, 48.14292 ], [ 15.64923, 48.14385 ], [ 15.64764, 48.14478 ], [ 15.64942, 48.14815 ], [ 15.65212, 48.14769 ], [ 15.65299, 48.14898 ], [ 15.65526, 48.15061 ], [ 15.65487, 48.15104 ], [ 15.65528, 48.15125 ], [ 15.6546, 48.15134 ], [ 15.6548, 48.15155 ], [ 15.65442, 48.15184 ], [ 15.65396, 48.15157 ], [ 15.65337, 48.15162 ], [ 15.65314, 48.15209 ], [ 15.65241, 48.15191 ], [ 15.6522, 48.15236 ], [ 15.65257, 48.15274 ], [ 15.65172, 48.15257 ], [ 15.65142, 48.15293 ], [ 15.65098, 48.15265 ], [ 15.65023, 48.15289 ], [ 15.65025, 48.15324 ], [ 15.64901, 48.15421 ], [ 15.64935, 48.15452 ], [ 15.64771, 48.1543 ], [ 15.64758, 48.15487 ], [ 15.64711, 48.15478 ], [ 15.6468, 48.15541 ], [ 15.64574, 48.15548 ], [ 15.64553, 48.1558 ], [ 15.64585, 48.15609 ], [ 15.64546, 48.15597 ], [ 15.64486, 48.15656 ], [ 15.64426, 48.15647 ], [ 15.64367, 48.15678 ], [ 15.64356, 48.15765 ], [ 15.64194, 48.15865 ], [ 15.6427, 48.15883 ], [ 15.64349, 48.16017 ], [ 15.64309, 48.16027 ], [ 15.64286, 48.16144 ], [ 15.64131, 48.16275 ], [ 15.6419, 48.16372 ], [ 15.64182, 48.16472 ], [ 15.6422, 48.1654 ], [ 15.64148, 48.16672 ], [ 15.64342, 48.1682 ], [ 15.64493, 48.1685 ], [ 15.64618, 48.17308 ], [ 15.64558, 48.17574 ], [ 15.655, 48.17729 ], [ 15.66554, 48.18068 ], [ 15.66367, 48.18349 ], [ 15.66614, 48.18966 ], [ 15.66336, 48.19013 ], [ 15.66974, 48.1982 ], [ 15.67737, 48.19953 ], [ 15.6926, 48.19667 ], [ 15.69479, 48.20501 ], [ 15.69946, 48.20574 ], [ 15.69847, 48.20638 ], [ 15.69988, 48.20661 ], [ 15.70166, 48.20792 ], [ 15.7024, 48.20808 ], [ 15.71137, 48.20782 ], [ 15.71137, 48.20961 ], [ 15.71529, 48.2088 ], [ 15.72129, 48.20937 ], [ 15.72061, 48.2097 ], [ 15.72257, 48.21033 ], [ 15.72361, 48.21102 ], [ 15.72373, 48.21184 ], [ 15.7229, 48.21303 ], [ 15.72349, 48.21362 ], [ 15.72377, 48.2147 ], [ 15.72461, 48.2151 ], [ 15.72569, 48.21625 ], [ 15.72946, 48.21702 ], [ 15.72945, 48.21775 ], [ 15.72718, 48.21746 ], [ 15.72366, 48.21635 ], [ 15.72281, 48.21636 ], [ 15.72193, 48.21764 ], [ 15.7242, 48.21861 ], [ 15.72691, 48.21924 ], [ 15.73181, 48.21959 ], [ 15.73373, 48.22624 ], [ 15.73384, 48.227 ], [ 15.73342, 48.22706 ], [ 15.73344, 48.22803 ], [ 15.73449, 48.22815 ], [ 15.73634, 48.22898 ], [ 15.73605, 48.2298 ], [ 15.73682, 48.23001 ], [ 15.73577, 48.23151 ], [ 15.73419, 48.23244 ], [ 15.73409, 48.23323 ], [ 15.73445, 48.23432 ], [ 15.73411, 48.23703 ], [ 15.73324, 48.23688 ], [ 15.73276, 48.23848 ], [ 15.73128, 48.23829 ], [ 15.73229, 48.23881 ], [ 15.73223, 48.2394 ], [ 15.73056, 48.2418 ], [ 15.72857, 48.2415 ], [ 15.72799, 48.24259 ], [ 15.72911, 48.24289 ], [ 15.72885, 48.24409 ], [ 15.72648, 48.24848 ], [ 15.72669, 48.24853 ], [ 15.7263, 48.2495 ], [ 15.72882, 48.25131 ], [ 15.7281, 48.25195 ], [ 15.72927, 48.25241 ], [ 15.72753, 48.25422 ], [ 15.73098, 48.25525 ], [ 15.7307, 48.25564 ], [ 15.73356, 48.25637 ], [ 15.73418, 48.25587 ] ] ] } },
{ "type": "Feature", "properties": { "stadt": "Bregenz" }, "geometry": { "type": "Polygon", "coordinates": [ [ [ 9.73935, 47.53014 ], [ 9.73747, 47.53103 ], [ 9.73733, 47.53133 ], [ 9.73772, 47.53194 ], [ 9.73382, 47.5318 ], [ 9.73384, 47.53246 ], [ 9.73329, 47.53248 ], [ 9.73238, 47.53322 ], [ 9.73271, 47.53349 ], [ 9.73053, 47.53408 ], [ 9.68035, 47.52336 ], [ 9.66397, 47.52583 ], [ 9.69298, 47.50519 ], [ 9.71273, 47.49031 ], [ 9.71519, 47.48879 ], [ 9.71812, 47.48767 ], [ 9.71785, 47.48719 ], [ 9.71864, 47.48695 ], [ 9.72457, 47.48675 ], [ 9.72807, 47.48601 ], [ 9.73107, 47.48584 ], [ 9.73283, 47.48532 ], [ 9.73459, 47.4854 ], [ 9.73631, 47.48593 ], [ 9.7421, 47.4855 ], [ 9.74355, 47.4869 ], [ 9.7456, 47.48726 ], [ 9.74666, 47.48839 ], [ 9.74787, 47.48899 ], [ 9.75352, 47.48744 ], [ 9.75912, 47.48705 ], [ 9.76212, 47.48752 ], [ 9.76726, 47.48912 ], [ 9.77397, 47.49135 ], [ 9.77611, 47.49238 ], [ 9.7773, 47.49225 ], [ 9.77779, 47.49004 ], [ 9.77764, 47.48918 ], [ 9.77821, 47.48819 ], [ 9.77946, 47.48775 ], [ 9.77909, 47.48675 ], [ 9.77929, 47.48595 ], [ 9.77742, 47.48537 ], [ 9.77664, 47.48466 ], [ 9.7765, 47.48425 ], [ 9.7772, 47.48399 ], [ 9.7775, 47.48261 ], [ 9.77813, 47.48202 ], [ 9.78023, 47.48178 ], [ 9.78481, 47.48201 ], [ 9.7854, 47.48242 ], [ 9.78684, 47.48151 ], [ 9.78732, 47.48158 ], [ 9.78874, 47.48002 ], [ 9.79106, 47.48129 ], [ 9.79696, 47.48344 ], [ 9.79765, 47.48447 ], [ 9.79782, 47.48585 ], [ 9.8057, 47.48944 ], [ 9.80761, 47.49094 ], [ 9.80759, 47.49154 ], [ 9.80652, 47.49164 ], [ 9.80435, 47.49251 ], [ 9.80237, 47.49257 ], [ 9.80157, 47.49321 ], [ 9.79951, 47.49375 ], [ 9.79655, 47.49525 ], [ 9.79608, 47.49575 ], [ 9.79606, 47.49687 ], [ 9.79506, 47.49722 ], [ 9.79336, 47.49977 ], [ 9.7938, 47.50216 ], [ 9.79651, 47.50364 ], [ 9.79949, 47.50669 ], [ 9.79973, 47.50828 ], [ 9.79881, 47.50931 ], [ 9.7997, 47.50991 ], [ 9.80204, 47.51021 ], [ 9.80194, 47.51088 ], [ 9.80232, 47.51146 ], [ 9.8034, 47.51201 ], [ 9.80349, 47.51297 ], [ 9.80224, 47.51331 ], [ 9.80215, 47.51443 ], [ 9.80168, 47.51496 ], [ 9.8012, 47.51471 ], [ 9.80133, 47.51376 ], [ 9.79988, 47.51365 ], [ 9.79769, 47.5119 ], [ 9.79739, 47.51212 ], [ 9.79762, 47.51236 ], [ 9.79731, 47.51244 ], [ 9.79415, 47.51124 ], [ 9.79382, 47.51169 ], [ 9.79281, 47.51079 ], [ 9.79176, 47.51038 ], [ 9.79161, 47.51097 ], [ 9.78978, 47.51228 ], [ 9.78806, 47.51189 ], [ 9.78935, 47.50994 ], [ 9.78905, 47.50977 ], [ 9.78997, 47.50829 ], [ 9.78953, 47.50858 ], [ 9.78852, 47.50812 ], [ 9.78908, 47.50778 ], [ 9.7887, 47.50752 ], [ 9.78762, 47.50797 ], [ 9.78781, 47.5075 ], [ 9.78706, 47.50745 ], [ 9.78581, 47.50627 ], [ 9.78394, 47.50519 ], [ 9.78474, 47.50497 ], [ 9.78424, 47.50398 ], [ 9.78347, 47.50406 ], [ 9.78332, 47.50439 ], [ 9.78297, 47.50425 ], [ 9.78261, 47.50461 ], [ 9.78199, 47.50437 ], [ 9.78131, 47.50342 ], [ 9.77903, 47.50213 ], [ 9.77869, 47.49996 ], [ 9.77613, 47.49958 ], [ 9.77499, 47.49904 ], [ 9.77401, 47.49986 ], [ 9.77197, 47.50018 ], [ 9.77145, 47.50146 ], [ 9.76986, 47.50186 ], [ 9.76898, 47.50337 ], [ 9.76886, 47.50422 ], [ 9.76916, 47.50452 ], [ 9.76787, 47.50456 ], [ 9.76507, 47.50539 ], [ 9.76379, 47.50529 ], [ 9.76383, 47.50595 ], [ 9.7623, 47.50711 ], [ 9.76231, 47.50742 ], [ 9.75821, 47.50689 ], [ 9.75688, 47.50767 ], [ 9.75537, 47.50775 ], [ 9.75232, 47.50959 ], [ 9.75204, 47.50943 ], [ 9.75368, 47.51362 ], [ 9.75413, 47.51564 ], [ 9.7518, 47.52146 ], [ 9.75089, 47.52253 ], [ 9.74584, 47.52664 ], [ 9.74393, 47.52691 ], [ 9.74341, 47.52729 ], [ 9.74361, 47.52742 ], [ 9.74321, 47.52771 ], [ 9.7431, 47.52843 ], [ 9.74338, 47.5286 ], [ 9.7412, 47.53045 ], [ 9.73935, 47.53014 ] ] ] } },
{ "type": "Feature", "properties": { "stadt": "Eisenstadt" }, "geometry": { "type": "Polygon", "coordinates": [ [ [ 16.53986, 47.79537 ], [ 16.54656, 47.79417 ], [ 16.54569, 47.79663 ], [ 16.54519, 47.7999 ], [ 16.54122, 47.80559 ], [ 16.54141, 47.80567 ], [ 16.53875, 47.81011 ], [ 16.53901, 47.8116 ], [ 16.53963, 47.81216 ], [ 16.53985, 47.81397 ], [ 16.54075, 47.81502 ], [ 16.5394, 47.81696 ], [ 16.53847, 47.82079 ], [ 16.54356, 47.82614 ], [ 16.54666, 47.82879 ], [ 16.55042, 47.83089 ], [ 16.56561, 47.8354 ], [ 16.57621, 47.83768 ], [ 16.58036, 47.83926 ], [ 16.57832, 47.84219 ], [ 16.58068, 47.84263 ], [ 16.58035, 47.84476 ], [ 16.58321, 47.84672 ], [ 16.58525, 47.85098 ], [ 16.58554, 47.85395 ], [ 16.58524, 47.85653 ], [ 16.57936, 47.8657 ], [ 16.57676, 47.86866 ], [ 16.57385, 47.87131 ], [ 16.57358, 47.87247 ], [ 16.5726, 47.87402 ], [ 16.57289, 47.8751 ], [ 16.57254, 47.8776 ], [ 16.57202, 47.87847 ], [ 16.57107, 47.8789 ], [ 16.57086, 47.88003 ], [ 16.56979, 47.88087 ], [ 16.569, 47.88236 ], [ 16.56654, 47.88388 ], [ 16.56297, 47.88376 ], [ 16.56062, 47.88316 ], [ 16.55686, 47.8807 ], [ 16.55197, 47.87872 ], [ 16.55051, 47.87772 ], [ 16.54912, 47.87724 ], [ 16.54409, 47.87648 ], [ 16.54246, 47.8759 ], [ 16.54116, 47.87584 ], [ 16.53973, 47.87656 ], [ 16.53777, 47.87654 ], [ 16.53374, 47.87821 ], [ 16.53212, 47.87753 ], [ 16.53161, 47.87698 ], [ 16.5312, 47.87624 ], [ 16.53146, 47.87531 ], [ 16.52974, 47.87482 ], [ 16.52145, 47.87484 ], [ 16.51887, 47.87372 ], [ 16.51602, 47.87389 ], [ 16.50801, 47.87308 ], [ 16.50441, 47.87171 ], [ 16.50283, 47.87011 ], [ 16.50172, 47.87012 ], [ 16.49908, 47.86948 ], [ 16.49175, 47.86894 ], [ 16.48537, 47.86923 ], [ 16.48386, 47.86904 ], [ 16.48405, 47.86617 ], [ 16.48442, 47.86502 ], [ 16.48403, 47.86366 ], [ 16.48598, 47.86275 ], [ 16.49188, 47.85892 ], [ 16.49199, 47.85591 ], [ 16.49109, 47.8549 ], [ 16.49167, 47.85299 ], [ 16.49128, 47.85199 ], [ 16.49136, 47.85004 ], [ 16.49308, 47.84804 ], [ 16.4939, 47.84754 ], [ 16.49482, 47.84596 ], [ 16.49672, 47.84414 ], [ 16.49727, 47.84245 ], [ 16.49686, 47.84159 ], [ 16.49508, 47.84075 ], [ 16.49532, 47.84023 ], [ 16.49323, 47.83927 ], [ 16.49367, 47.8388 ], [ 16.49329, 47.83853 ], [ 16.4905, 47.83716 ], [ 16.48753, 47.83649 ], [ 16.48932, 47.83207 ], [ 16.48898, 47.82957 ], [ 16.49087, 47.82889 ], [ 16.49196, 47.82808 ], [ 16.49216, 47.82747 ], [ 16.4944, 47.82712 ], [ 16.49334, 47.82531 ], [ 16.49379, 47.82387 ], [ 16.49746, 47.82018 ], [ 16.50297, 47.81636 ], [ 16.50329, 47.81581 ], [ 16.5104, 47.80989 ], [ 16.51818, 47.80407 ], [ 16.5262, 47.80066 ], [ 16.53076, 47.79349 ], [ 16.53256, 47.79457 ], [ 16.53692, 47.79533 ], [ 16.53986, 47.79537 ] ] ] } },
{ "type": "Feature", "properties": { "stadt": "Zürich" }, "geometry": { "type": "Polygon", "coordinates": [ [ [ 8.62258, 47.35983 ], [ 8.6193, 47.36121 ], [ 8.61472, 47.36151 ], [ 8.61483, 47.36263 ], [ 8.61567, 47.36273 ], [ 8.61496, 47.36458 ], [ 8.61684, 47.36534 ], [ 8.6171, 47.36626 ], [ 8.61765, 47.36681 ], [ 8.61646, 47.36841 ], [ 8.61551, 47.36769 ], [ 8.61367, 47.36802 ], [ 8.61201, 47.36684 ], [ 8.60814, 47.36761 ], [ 8.60605, 47.36872 ], [ 8.60328, 47.37129 ], [ 8.60192, 47.37171 ], [ 8.60097, 47.37311 ], [ 8.59814, 47.37447 ], [ 8.59857, 47.37473 ], [ 8.59829, 47.3751 ], [ 8.59706, 47.37589 ], [ 8.59761, 47.3766 ], [ 8.59675, 47.37782 ], [ 8.59723, 47.37849 ], [ 8.59407, 47.38029 ], [ 8.59385, 47.3808 ], [ 8.59152, 47.38244 ], [ 8.59219, 47.3831 ], [ 8.58955, 47.38376 ], [ 8.58967, 47.384 ], [ 8.59014, 47.38381 ], [ 8.59083, 47.38476 ], [ 8.59275, 47.38417 ], [ 8.59356, 47.38522 ], [ 8.593, 47.38523 ], [ 8.59309, 47.38565 ], [ 8.59213, 47.38625 ], [ 8.58699, 47.38793 ], [ 8.58766, 47.38905 ], [ 8.58692, 47.38976 ], [ 8.58697, 47.39017 ], [ 8.58529, 47.39039 ], [ 8.58433, 47.38894 ], [ 8.58438, 47.38833 ], [ 8.58317, 47.3883 ], [ 8.58306, 47.38905 ], [ 8.58443, 47.39195 ], [ 8.5862, 47.3928 ], [ 8.58749, 47.39297 ], [ 8.58996, 47.39477 ], [ 8.58906, 47.39501 ], [ 8.58829, 47.3958 ], [ 8.59149, 47.397 ], [ 8.59336, 47.39614 ], [ 8.59454, 47.39712 ], [ 8.59638, 47.39663 ], [ 8.59726, 47.3985 ], [ 8.59481, 47.39918 ], [ 8.59623, 47.40154 ], [ 8.59379, 47.40222 ], [ 8.59609, 47.40612 ], [ 8.59723, 47.406 ], [ 8.59729, 47.40631 ], [ 8.58895, 47.40756 ], [ 8.57301, 47.41144 ], [ 8.57261, 47.41205 ], [ 8.57371, 47.41303 ], [ 8.5739, 47.41388 ], [ 8.57343, 47.41711 ], [ 8.5738, 47.4178 ], [ 8.57369, 47.42003 ], [ 8.57225, 47.41892 ], [ 8.56946, 47.41926 ], [ 8.56961, 47.41868 ], [ 8.56876, 47.41855 ], [ 8.56736, 47.41649 ], [ 8.56325, 47.41565 ], [ 8.56283, 47.41643 ], [ 8.56236, 47.41632 ], [ 8.5613, 47.41829 ], [ 8.56083, 47.41817 ], [ 8.5542, 47.4208 ], [ 8.55724, 47.4241 ], [ 8.55691, 47.42424 ], [ 8.55737, 47.42472 ], [ 8.55699, 47.4249 ], [ 8.55784, 47.42554 ], [ 8.55685, 47.42624 ], [ 8.55536, 47.43066 ], [ 8.54854, 47.43143 ], [ 8.54312, 47.43288 ], [ 8.54286, 47.43289 ], [ 8.54364, 47.43143 ], [ 8.54034, 47.43186 ], [ 8.54011, 47.4311 ], [ 8.53522, 47.43188 ], [ 8.53375, 47.43251 ], [ 8.53301, 47.43228 ], [ 8.53065, 47.43266 ], [ 8.53031, 47.43206 ], [ 8.5255, 47.43316 ], [ 8.52464, 47.43126 ], [ 8.51873, 47.43189 ], [ 8.51682, 47.43133 ], [ 8.51601, 47.43174 ], [ 8.51273, 47.43085 ], [ 8.51154, 47.43117 ], [ 8.50998, 47.43213 ], [ 8.50208, 47.43467 ], [ 8.50028, 47.43442 ], [ 8.49563, 47.43281 ], [ 8.4858, 47.43103 ], [ 8.48446, 47.42979 ], [ 8.48439, 47.42896 ], [ 8.48483, 47.42784 ], [ 8.48553, 47.42712 ], [ 8.49039, 47.42558 ], [ 8.49009, 47.42524 ], [ 8.49007, 47.42435 ], [ 8.49102, 47.4239 ], [ 8.4902, 47.42233 ], [ 8.48853, 47.42271 ], [ 8.48798, 47.42201 ], [ 8.4861, 47.42155 ], [ 8.48293, 47.42222 ], [ 8.48296, 47.42265 ], [ 8.48172, 47.423 ], [ 8.48132, 47.42134 ], [ 8.47973, 47.42141 ], [ 8.47938, 47.42113 ], [ 8.47896, 47.42172 ], [ 8.47784, 47.42211 ], [ 8.47689, 47.42016 ], [ 8.47721, 47.41974 ], [ 8.4716, 47.41763 ], [ 8.46964, 47.41752 ], [ 8.46914, 47.41693 ], [ 8.46915, 47.41649 ], [ 8.47008, 47.41557 ], [ 8.46858, 47.41408 ], [ 8.46864, 47.41362 ], [ 8.46802, 47.41334 ], [ 8.46877, 47.41225 ], [ 8.47032, 47.41253 ], [ 8.47045, 47.41159 ], [ 8.47086, 47.41167 ], [ 8.47114, 47.41137 ], [ 8.47102, 47.41093 ], [ 8.47269, 47.41058 ], [ 8.47304, 47.41146 ], [ 8.47395, 47.41222 ], [ 8.47489, 47.41241 ], [ 8.47726, 47.41194 ], [ 8.47666, 47.41097 ], [ 8.47584, 47.41077 ], [ 8.47544, 47.4097 ], [ 8.4773, 47.40914 ], [ 8.47707, 47.40619 ], [ 8.47739, 47.40516 ], [ 8.4782, 47.40508 ], [ 8.47816, 47.40387 ], [ 8.47539, 47.4038 ], [ 8.46989, 47.40298 ], [ 8.46771, 47.403 ], [ 8.46616, 47.40006 ], [ 8.46807, 47.39957 ], [ 8.4676, 47.39872 ], [ 8.46569, 47.39922 ], [ 8.46517, 47.39829 ], [ 8.4735, 47.39599 ], [ 8.47302, 47.39506 ], [ 8.47153, 47.3949 ], [ 8.47154, 47.3943 ], [ 8.4721, 47.39407 ], [ 8.47193, 47.39388 ], [ 8.47067, 47.39439 ], [ 8.47019, 47.394 ], [ 8.46855, 47.39461 ], [ 8.4649, 47.39508 ], [ 8.46511, 47.39453 ], [ 8.4674, 47.3929 ], [ 8.46698, 47.39131 ], [ 8.46728, 47.39065 ], [ 8.46519, 47.39132 ], [ 8.46382, 47.39053 ], [ 8.46105, 47.38803 ], [ 8.46089, 47.38704 ], [ 8.46005, 47.38594 ], [ 8.45808, 47.38388 ], [ 8.45757, 47.38371 ], [ 8.45747, 47.38325 ], [ 8.45843, 47.38263 ], [ 8.45843, 47.3823 ], [ 8.45674, 47.38244 ], [ 8.4567, 47.38094 ], [ 8.45613, 47.38072 ], [ 8.4537, 47.38027 ], [ 8.45175, 47.38062 ], [ 8.44802, 47.38025 ], [ 8.45048, 47.37835 ], [ 8.45996, 47.3775 ], [ 8.46545, 47.37443 ], [ 8.46762, 47.37357 ], [ 8.47024, 47.37395 ], [ 8.47043, 47.3726 ], [ 8.46939, 47.37136 ], [ 8.46483, 47.36911 ], [ 8.46419, 47.36838 ], [ 8.46428, 47.36727 ], [ 8.46641, 47.36574 ], [ 8.46952, 47.36438 ], [ 8.47055, 47.36166 ], [ 8.47277, 47.36079 ], [ 8.47699, 47.36029 ], [ 8.4788, 47.36078 ], [ 8.48206, 47.35954 ], [ 8.48427, 47.35736 ], [ 8.48502, 47.35468 ], [ 8.48712, 47.3534 ], [ 8.48729, 47.35311 ], [ 8.48693, 47.35203 ], [ 8.48814, 47.352 ], [ 8.49001, 47.35056 ], [ 8.4909, 47.35067 ], [ 8.49129, 47.34983 ], [ 8.49207, 47.3495 ], [ 8.49286, 47.34828 ], [ 8.4947, 47.34759 ], [ 8.49509, 47.34693 ], [ 8.49637, 47.34648 ], [ 8.49774, 47.34521 ], [ 8.49818, 47.34453 ], [ 8.49811, 47.34387 ], [ 8.4971, 47.34326 ], [ 8.49703, 47.34247 ], [ 8.49809, 47.34169 ], [ 8.49878, 47.33968 ], [ 8.502, 47.33666 ], [ 8.50153, 47.33504 ], [ 8.50222, 47.33364 ], [ 8.50192, 47.33303 ], [ 8.50079, 47.33224 ], [ 8.50113, 47.33183 ], [ 8.50065, 47.3311 ], [ 8.50088, 47.33052 ], [ 8.5007, 47.32979 ], [ 8.50142, 47.32902 ], [ 8.5019, 47.32764 ], [ 8.501, 47.32595 ], [ 8.50061, 47.32278 ], [ 8.50153, 47.32129 ], [ 8.50318, 47.32022 ], [ 8.5053, 47.32143 ], [ 8.50789, 47.32203 ], [ 8.50951, 47.32165 ], [ 8.50958, 47.32202 ], [ 8.51163, 47.32221 ], [ 8.51296, 47.32289 ], [ 8.51473, 47.32272 ], [ 8.51561, 47.32315 ], [ 8.51774, 47.32321 ], [ 8.51933, 47.32401 ], [ 8.52195, 47.32394 ], [ 8.52195, 47.32435 ], [ 8.52373, 47.32416 ], [ 8.52421, 47.32486 ], [ 8.52427, 47.32608 ], [ 8.52564, 47.32574 ], [ 8.5258, 47.32619 ], [ 8.52763, 47.32616 ], [ 8.52756, 47.32639 ], [ 8.52803, 47.32635 ], [ 8.52814, 47.32685 ], [ 8.5297, 47.32686 ], [ 8.52975, 47.32776 ], [ 8.53103, 47.32789 ], [ 8.53182, 47.32951 ], [ 8.53623, 47.33018 ], [ 8.53643, 47.33076 ], [ 8.53881, 47.33208 ], [ 8.54043, 47.33358 ], [ 8.54031, 47.33396 ], [ 8.54074, 47.33376 ], [ 8.54208, 47.33502 ], [ 8.56576, 47.34666 ], [ 8.56564, 47.34684 ], [ 8.56682, 47.34713 ], [ 8.56742, 47.34673 ], [ 8.56969, 47.3476 ], [ 8.5703, 47.34672 ], [ 8.57687, 47.34878 ], [ 8.57852, 47.34873 ], [ 8.58247, 47.35061 ], [ 8.58222, 47.35101 ], [ 8.584, 47.35084 ], [ 8.58439, 47.35116 ], [ 8.58418, 47.35129 ], [ 8.58592, 47.35231 ], [ 8.58631, 47.35288 ], [ 8.58749, 47.35267 ], [ 8.58798, 47.35307 ], [ 8.59048, 47.35271 ], [ 8.59119, 47.35321 ], [ 8.5923, 47.35229 ], [ 8.59351, 47.35211 ], [ 8.59392, 47.35161 ], [ 8.59565, 47.3519 ], [ 8.5969, 47.3514 ], [ 8.59825, 47.35165 ], [ 8.60161, 47.35073 ], [ 8.60263, 47.35072 ], [ 8.60301, 47.35076 ], [ 8.60306, 47.35219 ], [ 8.60382, 47.353 ], [ 8.60507, 47.35359 ], [ 8.61043, 47.35337 ], [ 8.61256, 47.35436 ], [ 8.61388, 47.35402 ], [ 8.61521, 47.3541 ], [ 8.61564, 47.35441 ], [ 8.6184, 47.35425 ], [ 8.61846, 47.35382 ], [ 8.62209, 47.35334 ], [ 8.62422, 47.35399 ], [ 8.62545, 47.35466 ], [ 8.62355, 47.3556 ], [ 8.62352, 47.35592 ], [ 8.62131, 47.35752 ], [ 8.62188, 47.35946 ], [ 8.62258, 47.35983 ] ] ] } },
{ "type": "Feature", "properties": { "stadt": "Genf" }, "geometry": { "type": "Polygon", "coordinates": [ [ [ 6.1619, 46.21522 ], [ 6.16593, 46.22246 ], [ 6.1667, 46.22447 ], [ 6.14894, 46.22779 ], [ 6.14588, 46.22873 ], [ 6.1437, 46.2301 ], [ 6.14343, 46.23064 ], [ 6.14286, 46.2293 ], [ 6.13853, 46.23029 ], [ 6.13882, 46.22875 ], [ 6.13849, 46.22817 ], [ 6.13794, 46.22818 ], [ 6.13744, 46.22849 ], [ 6.13634, 46.23036 ], [ 6.13456, 46.23067 ], [ 6.13307, 46.23189 ], [ 6.12826, 46.22853 ], [ 6.12861, 46.22798 ], [ 6.12769, 46.22735 ], [ 6.12698, 46.22779 ], [ 6.12617, 46.2271 ], [ 6.12578, 46.22735 ], [ 6.12422, 46.22573 ], [ 6.12189, 46.22671 ], [ 6.12121, 46.22598 ], [ 6.12209, 46.22515 ], [ 6.12175, 46.22484 ], [ 6.11767, 46.22193 ], [ 6.11743, 46.22207 ], [ 6.11383, 46.22027 ], [ 6.11625, 46.21756 ], [ 6.11925, 46.21621 ], [ 6.11843, 46.21603 ], [ 6.11609, 46.21256 ], [ 6.11463, 46.21108 ], [ 6.11491, 46.21095 ], [ 6.11473, 46.2107 ], [ 6.11247, 46.20862 ], [ 6.11027, 46.20577 ], [ 6.11074, 46.20242 ], [ 6.11104, 46.20164 ], [ 6.11127, 46.20173 ], [ 6.11137, 46.19908 ], [ 6.11183, 46.1971 ], [ 6.11238, 46.19683 ], [ 6.12156, 46.19761 ], [ 6.12155, 46.19612 ], [ 6.12344, 46.19584 ], [ 6.12737, 46.1971 ], [ 6.12684, 46.19541 ], [ 6.12712, 46.19537 ], [ 6.12695, 46.1946 ], [ 6.12791, 46.19465 ], [ 6.12765, 46.18777 ], [ 6.12885, 46.18792 ], [ 6.13502, 46.19084 ], [ 6.13701, 46.18881 ], [ 6.1397, 46.18864 ], [ 6.14144, 46.18908 ], [ 6.14195, 46.188 ], [ 6.14391, 46.18694 ], [ 6.15308, 46.18644 ], [ 6.15418, 46.18566 ], [ 6.15453, 46.18471 ], [ 6.15383, 46.17984 ], [ 6.15406, 46.17937 ], [ 6.15477, 46.17852 ], [ 6.15576, 46.17799 ], [ 6.15722, 46.17777 ], [ 6.15838, 46.17802 ], [ 6.15947, 46.17885 ], [ 6.16003, 46.1815 ], [ 6.16226, 46.18491 ], [ 6.16241, 46.18714 ], [ 6.16356, 46.18798 ], [ 6.16505, 46.18818 ], [ 6.16786, 46.18727 ], [ 6.16737, 46.18987 ], [ 6.17259, 46.19381 ], [ 6.17124, 46.19451 ], [ 6.17435, 46.19831 ], [ 6.17473, 46.19944 ], [ 6.17422, 46.19957 ], [ 6.17432, 46.19984 ], [ 6.17582, 46.20133 ], [ 6.17373, 46.20248 ], [ 6.17339, 46.20296 ], [ 6.17496, 46.20401 ], [ 6.17398, 46.20447 ], [ 6.17585, 46.20579 ], [ 6.17488, 46.20703 ], [ 6.17173, 46.20588 ], [ 6.17075, 46.2067 ], [ 6.17088, 46.20765 ], [ 6.17328, 46.2096 ], [ 6.17138, 46.21106 ], [ 6.17255, 46.2116 ], [ 6.17236, 46.21189 ], [ 6.1619, 46.21522 ] ] ] } },
{ "type": "Feature", "properties": { "stadt": "Basel" }, "geometry": { "type": "Polygon", "coordinates": [ [ [ 7.61116, 47.57818 ], [ 7.60489, 47.57788 ], [ 7.60534, 47.57989 ], [ 7.60477, 47.58041 ], [ 7.6047, 47.58118 ], [ 7.60406, 47.58134 ], [ 7.60459, 47.58281 ], [ 7.60482, 47.58493 ], [ 7.59847, 47.58764 ], [ 7.58905, 47.5899 ], [ 7.58573, 47.58409 ], [ 7.58474, 47.58086 ], [ 7.5844, 47.57858 ], [ 7.58466, 47.57552 ], [ 7.57886, 47.57667 ], [ 7.57525, 47.57614 ], [ 7.57161, 47.57711 ], [ 7.56649, 47.57767 ], [ 7.56544, 47.57622 ], [ 7.5569, 47.57247 ], [ 7.55646, 47.57139 ], [ 7.55934, 47.56939 ], [ 7.5573, 47.56503 ], [ 7.55466, 47.56437 ], [ 7.55793, 47.56263 ], [ 7.55988, 47.56054 ], [ 7.56458, 47.55704 ], [ 7.56125, 47.55173 ], [ 7.55876, 47.55236 ], [ 7.55589, 47.54434 ], [ 7.56479, 47.54569 ], [ 7.5757, 47.54396 ], [ 7.58148, 47.54383 ], [ 7.58727, 47.54191 ], [ 7.58549, 47.53859 ], [ 7.58593, 47.53741 ], [ 7.5827, 47.53247 ], [ 7.58279, 47.53198 ], [ 7.58386, 47.53092 ], [ 7.58569, 47.53133 ], [ 7.58587, 47.52928 ], [ 7.58847, 47.52906 ], [ 7.58848, 47.52829 ], [ 7.58949, 47.52793 ], [ 7.58997, 47.52574 ], [ 7.58932, 47.52296 ], [ 7.59025, 47.51979 ], [ 7.59479, 47.5193 ], [ 7.60177, 47.52535 ], [ 7.60471, 47.52929 ], [ 7.60462, 47.5298 ], [ 7.60555, 47.52979 ], [ 7.60565, 47.53075 ], [ 7.60604, 47.53078 ], [ 7.60919, 47.53502 ], [ 7.61023, 47.53563 ], [ 7.61049, 47.53522 ], [ 7.61139, 47.53545 ], [ 7.61104, 47.53596 ], [ 7.61274, 47.53705 ], [ 7.61305, 47.53851 ], [ 7.61358, 47.53913 ], [ 7.61697, 47.54011 ], [ 7.61817, 47.54081 ], [ 7.62231, 47.53978 ], [ 7.62289, 47.54996 ], [ 7.62175, 47.55172 ], [ 7.61842, 47.55364 ], [ 7.61778, 47.55433 ], [ 7.61762, 47.55865 ], [ 7.62737, 47.56152 ], [ 7.6326, 47.56151 ], [ 7.63415, 47.56555 ], [ 7.63135, 47.56795 ], [ 7.62825, 47.56643 ], [ 7.62497, 47.56993 ], [ 7.62377, 47.56889 ], [ 7.62269, 47.56963 ], [ 7.6208, 47.57341 ], [ 7.62339, 47.57537 ], [ 7.62702, 47.57735 ], [ 7.62455, 47.57942 ], [ 7.61914, 47.57687 ], [ 7.61498, 47.578 ], [ 7.61116, 47.57818 ] ] ] } },
{ "type": "Feature", "properties": { "stadt": "Lausanne" }, "geometry": { "type": "MultiPolygon", "coordinates": [ [ [ [ 6.58424, 46.52076 ], [ 6.58665, 46.51742 ], [ 6.58505, 46.45558 ], [ 6.64061, 46.45487 ], [ 6.64204, 46.50585 ], [ 6.64101, 46.50676 ], [ 6.64101, 46.50757 ], [ 6.64038, 46.50743 ], [ 6.64037, 46.50812 ], [ 6.63972, 46.5085 ], [ 6.63936, 46.5104 ], [ 6.64202, 46.51182 ], [ 6.64235, 46.51164 ], [ 6.64427, 46.51207 ], [ 6.64514, 46.51275 ], [ 6.64652, 46.51254 ], [ 6.6484, 46.51306 ], [ 6.64875, 46.51269 ], [ 6.6499, 46.51281 ], [ 6.65162, 46.51371 ], [ 6.65193, 46.51329 ], [ 6.65367, 46.51329 ], [ 6.65431, 46.51496 ], [ 6.65376, 46.51589 ], [ 6.654, 46.51631 ], [ 6.65374, 46.51707 ], [ 6.65415, 46.51809 ], [ 6.65632, 46.5192 ], [ 6.65673, 46.5189 ], [ 6.65897, 46.51995 ], [ 6.65957, 46.52049 ], [ 6.6601, 46.52193 ], [ 6.66013, 46.5223 ], [ 6.65981, 46.52233 ], [ 6.6604, 46.52305 ], [ 6.66146, 46.52384 ], [ 6.66254, 46.52406 ], [ 6.66459, 46.52632 ], [ 6.66862, 46.52636 ], [ 6.66885, 46.52862 ], [ 6.67036, 46.52862 ], [ 6.67004, 46.53146 ], [ 6.67012, 46.53226 ], [ 6.67078, 46.5329 ], [ 6.67367, 46.53394 ], [ 6.67733, 46.5341 ], [ 6.67756, 46.53492 ], [ 6.67928, 46.53651 ], [ 6.68093, 46.53652 ], [ 6.68502, 46.53786 ], [ 6.68525, 46.53859 ], [ 6.68623, 46.53912 ], [ 6.68629, 46.53972 ], [ 6.68708, 46.53996 ], [ 6.68717, 46.54036 ], [ 6.68779, 46.54042 ], [ 6.68814, 46.54091 ], [ 6.68819, 46.54198 ], [ 6.68928, 46.54241 ], [ 6.69126, 46.54455 ], [ 6.69345, 46.54442 ], [ 6.69372, 46.54375 ], [ 6.69462, 46.54348 ], [ 6.69464, 46.54317 ], [ 6.6959, 46.54249 ], [ 6.69744, 46.54278 ], [ 6.69817, 46.54261 ], [ 6.69818, 46.54425 ], [ 6.69864, 46.54466 ], [ 6.69831, 46.54497 ], [ 6.69917, 46.54551 ], [ 6.69921, 46.54632 ], [ 6.69994, 46.54675 ], [ 6.6998, 46.54727 ], [ 6.70046, 46.54824 ], [ 6.7, 46.5485 ], [ 6.70023, 46.54885 ], [ 6.69988, 46.54923 ], [ 6.70017, 46.54942 ], [ 6.69998, 46.5496 ], [ 6.70021, 46.55011 ], [ 6.70063, 46.55028 ], [ 6.70103, 46.55113 ], [ 6.70188, 46.55122 ], [ 6.70224, 46.55179 ], [ 6.70381, 46.55224 ], [ 6.7039, 46.55313 ], [ 6.70443, 46.55383 ], [ 6.70483, 46.55382 ], [ 6.70461, 46.55409 ], [ 6.70501, 46.55416 ], [ 6.70511, 46.55506 ], [ 6.70544, 46.55507 ], [ 6.70591, 46.55622 ], [ 6.70679, 46.55692 ], [ 6.707, 46.55881 ], [ 6.70867, 46.56053 ], [ 6.70885, 46.56109 ], [ 6.70857, 46.56137 ], [ 6.70978, 46.56308 ], [ 6.70951, 46.56423 ], [ 6.7103, 46.56497 ], [ 6.71028, 46.56534 ], [ 6.71111, 46.56578 ], [ 6.71215, 46.56566 ], [ 6.71298, 46.56612 ], [ 6.71523, 46.56917 ], [ 6.71724, 46.57129 ], [ 6.71799, 46.57244 ], [ 6.71785, 46.57417 ], [ 6.71857, 46.57518 ], [ 6.71864, 46.5768 ], [ 6.71908, 46.57817 ], [ 6.72081, 46.58041 ], [ 6.71076, 46.58121 ], [ 6.70023, 46.58111 ], [ 6.68902, 46.58818 ], [ 6.68801, 46.58846 ], [ 6.68631, 46.59041 ], [ 6.68392, 46.59153 ], [ 6.68202, 46.59162 ], [ 6.68143, 46.59258 ], [ 6.68247, 46.59419 ], [ 6.68246, 46.59462 ], [ 6.68117, 46.59482 ], [ 6.68016, 46.59546 ], [ 6.6811, 46.59611 ], [ 6.6806, 46.59637 ], [ 6.6801, 46.59606 ], [ 6.67869, 46.59599 ], [ 6.6783, 46.59624 ], [ 6.67771, 46.59571 ], [ 6.67597, 46.59538 ], [ 6.67362, 46.59438 ], [ 6.67314, 46.59466 ], [ 6.67331, 46.59645 ], [ 6.67296, 46.59646 ], [ 6.6726, 46.59783 ], [ 6.66946, 46.59791 ], [ 6.66832, 46.59718 ], [ 6.66712, 46.59917 ], [ 6.66657, 46.59942 ], [ 6.66622, 46.60085 ], [ 6.66563, 46.60116 ], [ 6.66534, 46.60177 ], [ 6.66316, 46.60226 ], [ 6.66147, 46.60207 ], [ 6.66032, 46.60258 ], [ 6.66009, 46.60168 ], [ 6.65926, 46.60085 ], [ 6.65847, 46.59932 ], [ 6.65738, 46.59921 ], [ 6.65982, 46.59614 ], [ 6.65965, 46.59569 ], [ 6.65642, 46.59422 ], [ 6.65625, 46.59387 ], [ 6.6561, 46.59426 ], [ 6.65557, 46.59441 ], [ 6.65487, 46.5939 ], [ 6.65383, 46.59378 ], [ 6.6538, 46.59425 ], [ 6.65308, 46.59403 ], [ 6.65283, 46.59383 ], [ 6.65304, 46.59319 ], [ 6.64998, 46.59255 ], [ 6.64645, 46.59028 ], [ 6.64734, 46.5893 ], [ 6.6482, 46.58891 ], [ 6.64851, 46.58828 ], [ 6.64983, 46.58873 ], [ 6.65118, 46.58837 ], [ 6.65296, 46.58704 ], [ 6.65284, 46.5844 ], [ 6.65348, 46.58409 ], [ 6.65376, 46.58233 ], [ 6.65476, 46.58105 ], [ 6.65528, 46.58088 ], [ 6.65621, 46.57907 ], [ 6.65719, 46.57452 ], [ 6.65879, 46.57429 ], [ 6.65949, 46.57459 ], [ 6.65942, 46.57279 ], [ 6.65859, 46.57265 ], [ 6.65974, 46.56955 ], [ 6.65991, 46.56703 ], [ 6.65777, 46.56433 ], [ 6.65714, 46.56159 ], [ 6.66109, 46.56021 ], [ 6.66134, 46.56134 ], [ 6.66095, 46.56238 ], [ 6.6618, 46.56316 ], [ 6.66348, 46.56434 ], [ 6.66473, 46.56459 ], [ 6.66541, 46.56531 ], [ 6.66793, 46.56606 ], [ 6.66818, 46.56652 ], [ 6.66906, 46.56678 ], [ 6.6708, 46.56656 ], [ 6.67236, 46.56546 ], [ 6.67377, 46.56541 ], [ 6.67228, 46.5645 ], [ 6.67084, 46.5645 ], [ 6.66894, 46.56214 ], [ 6.67012, 46.56105 ], [ 6.66963, 46.56085 ], [ 6.67067, 46.5604 ], [ 6.67332, 46.55841 ], [ 6.67402, 46.55836 ], [ 6.67441, 46.55819 ], [ 6.67423, 46.55794 ], [ 6.67555, 46.55755 ], [ 6.67519, 46.55732 ], [ 6.67574, 46.55686 ], [ 6.67825, 46.5558 ], [ 6.67936, 46.55674 ], [ 6.68122, 46.5556 ], [ 6.68149, 46.5558 ], [ 6.68367, 46.55549 ], [ 6.6847, 46.55668 ], [ 6.6856, 46.5562 ], [ 6.68664, 46.55396 ], [ 6.68626, 46.55261 ], [ 6.6853, 46.55217 ], [ 6.6853, 46.55175 ], [ 6.6847, 46.5516 ], [ 6.68435, 46.5508 ], [ 6.68444, 46.54963 ], [ 6.68482, 46.54905 ], [ 6.68401, 46.54866 ], [ 6.6826, 46.54726 ], [ 6.68157, 46.54692 ], [ 6.68129, 46.54624 ], [ 6.67801, 46.54447 ], [ 6.67787, 46.54366 ], [ 6.67723, 46.54325 ], [ 6.67745, 46.5422 ], [ 6.67715, 46.54143 ], [ 6.67573, 46.54077 ], [ 6.67495, 46.53886 ], [ 6.67426, 46.53799 ], [ 6.66896, 46.53892 ], [ 6.6689, 46.53865 ], [ 6.66824, 46.53888 ], [ 6.66733, 46.53985 ], [ 6.66691, 46.53962 ], [ 6.66514, 46.5403 ], [ 6.66482, 46.5407 ], [ 6.66459, 46.54051 ], [ 6.66167, 46.54148 ], [ 6.66144, 46.54116 ], [ 6.65907, 46.54185 ], [ 6.65819, 46.54166 ], [ 6.65796, 46.54273 ], [ 6.65568, 46.5419 ], [ 6.65387, 46.54277 ], [ 6.65298, 46.54394 ], [ 6.64939, 46.54498 ], [ 6.64726, 46.54608 ], [ 6.64681, 46.54675 ], [ 6.64468, 46.54644 ], [ 6.64353, 46.54593 ], [ 6.64246, 46.54366 ], [ 6.63945, 46.54365 ], [ 6.63825, 46.5425 ], [ 6.63667, 46.54163 ], [ 6.63494, 46.54227 ], [ 6.6314, 46.54147 ], [ 6.63105, 46.54 ], [ 6.62887, 46.53883 ], [ 6.62875, 46.54 ], [ 6.62845, 46.53997 ], [ 6.62756, 46.5412 ], [ 6.62552, 46.54118 ], [ 6.62586, 46.54177 ], [ 6.62543, 46.54265 ], [ 6.62587, 46.54289 ], [ 6.62518, 46.54337 ], [ 6.62538, 46.54425 ], [ 6.62246, 46.54558 ], [ 6.62237, 46.54651 ], [ 6.62175, 46.54743 ], [ 6.62185, 46.54878 ], [ 6.62012, 46.54912 ], [ 6.62018, 46.54943 ], [ 6.61952, 46.55005 ], [ 6.61929, 46.551 ], [ 6.61991, 46.55114 ], [ 6.61745, 46.55096 ], [ 6.61447, 46.54897 ], [ 6.61434, 46.54979 ], [ 6.61233, 46.55012 ], [ 6.61157, 46.54742 ], [ 6.61128, 46.54482 ], [ 6.61194, 46.54229 ], [ 6.61099, 46.54209 ], [ 6.61172, 46.54021 ], [ 6.61024, 46.53979 ], [ 6.61112, 46.53876 ], [ 6.61286, 46.53538 ], [ 6.61124, 46.53462 ], [ 6.61172, 46.53393 ], [ 6.61058, 46.53359 ], [ 6.61087, 46.53319 ], [ 6.6098, 46.53249 ], [ 6.60943, 46.53274 ], [ 6.60737, 46.53145 ], [ 6.60753, 46.52845 ], [ 6.60559, 46.52838 ], [ 6.60375, 46.52879 ], [ 6.60394, 46.52835 ], [ 6.60317, 46.52675 ], [ 6.6034, 46.52672 ], [ 6.60328, 46.52593 ], [ 6.60363, 46.52593 ], [ 6.6038, 46.52504 ], [ 6.60332, 46.52503 ], [ 6.60333, 46.52464 ], [ 6.60211, 46.52463 ], [ 6.60058, 46.52363 ], [ 6.60086, 46.52352 ], [ 6.59939, 46.52332 ], [ 6.59526, 46.52421 ], [ 6.59088, 46.52641 ], [ 6.5909, 46.52706 ], [ 6.58935, 46.52762 ], [ 6.58747, 46.52546 ], [ 6.58693, 46.52567 ], [ 6.58588, 46.52233 ], [ 6.58659, 46.52178 ], [ 6.58693, 46.52088 ], [ 6.58565, 46.52116 ], [ 6.58424, 46.52076 ] ] ], [ [ [ 6.61202, 46.56793 ], [ 6.61538, 46.56818 ], [ 6.6174, 46.56782 ], [ 6.61741, 46.5667 ], [ 6.61781, 46.56609 ], [ 6.61882, 46.56692 ], [ 6.62267, 46.56812 ], [ 6.62482, 46.57034 ], [ 6.62661, 46.57132 ], [ 6.62813, 46.57282 ], [ 6.6287, 46.57447 ], [ 6.62995, 46.57575 ], [ 6.62969, 46.57612 ], [ 6.63002, 46.57654 ], [ 6.62971, 46.57708 ], [ 6.62998, 46.57864 ], [ 6.62911, 46.57915 ], [ 6.62662, 46.57873 ], [ 6.62536, 46.57944 ], [ 6.62416, 46.57938 ], [ 6.62365, 46.57996 ], [ 6.62201, 46.58046 ], [ 6.62185, 46.58094 ], [ 6.62131, 46.58113 ], [ 6.62087, 46.58076 ], [ 6.62026, 46.58119 ], [ 6.62051, 46.58156 ], [ 6.6199, 46.58185 ], [ 6.61953, 46.5815 ], [ 6.61455, 46.5818 ], [ 6.61339, 46.5811 ], [ 6.61112, 46.58096 ], [ 6.61128, 46.58074 ], [ 6.61003, 46.58012 ], [ 6.60941, 46.58042 ], [ 6.6091, 46.58015 ], [ 6.60615, 46.58125 ], [ 6.6045, 46.58124 ], [ 6.6033, 46.58164 ], [ 6.60192, 46.58127 ], [ 6.60184, 46.58086 ], [ 6.59942, 46.57919 ], [ 6.5989, 46.57781 ], [ 6.59648, 46.57668 ], [ 6.59359, 46.57458 ], [ 6.59265, 46.57359 ], [ 6.59248, 46.57286 ], [ 6.59164, 46.57238 ], [ 6.59189, 46.572 ], [ 6.591, 46.57118 ], [ 6.59028, 46.56966 ], [ 6.58933, 46.56853 ], [ 6.58906, 46.56855 ], [ 6.58944, 46.56795 ], [ 6.58877, 46.56683 ], [ 6.58879, 46.56595 ], [ 6.5885, 46.5654 ], [ 6.5868, 46.56437 ], [ 6.58603, 46.56325 ], [ 6.58599, 46.56183 ], [ 6.58515, 46.56081 ], [ 6.58549, 46.55965 ], [ 6.58495, 46.55769 ], [ 6.5846, 46.5574 ], [ 6.58505, 46.55675 ], [ 6.58446, 46.55524 ], [ 6.58472, 46.55451 ], [ 6.58525, 46.55414 ], [ 6.58472, 46.55385 ], [ 6.58488, 46.55337 ], [ 6.58438, 46.55319 ], [ 6.58448, 46.55289 ], [ 6.58386, 46.55188 ], [ 6.58632, 46.55184 ], [ 6.5884, 46.55338 ], [ 6.58943, 46.55623 ], [ 6.59066, 46.5572 ], [ 6.59305, 46.56072 ], [ 6.59421, 46.56146 ], [ 6.59529, 46.56268 ], [ 6.59709, 46.56266 ], [ 6.59648, 46.56314 ], [ 6.59515, 46.56555 ], [ 6.59625, 46.56627 ], [ 6.59709, 46.56774 ], [ 6.5998, 46.56737 ], [ 6.60062, 46.56856 ], [ 6.60072, 46.56976 ], [ 6.61148, 46.56936 ], [ 6.61211, 46.56921 ], [ 6.61202, 46.56793 ] ] ] ] } },
{ "type": "Feature", "properties": { "stadt": "Bern" }, "geometry": { "type": "Polygon", "coordinates": [ [ [ 7.32678, 46.92376 ], [ 7.32746, 46.91903 ], [ 7.33937, 46.91967 ], [ 7.33878, 46.92454 ], [ 7.34799, 46.92524 ], [ 7.35106, 46.92589 ], [ 7.35395, 46.92603 ], [ 7.35393, 46.92681 ], [ 7.36056, 46.9272 ], [ 7.36041, 46.92859 ], [ 7.36529, 46.92922 ], [ 7.36831, 46.93043 ], [ 7.36841, 46.93089 ], [ 7.36744, 46.93179 ], [ 7.36807, 46.93239 ], [ 7.36993, 46.93181 ], [ 7.37072, 46.93224 ], [ 7.37489, 46.93271 ], [ 7.37487, 46.93143 ], [ 7.37818, 46.93171 ], [ 7.37853, 46.93272 ], [ 7.38095, 46.93233 ], [ 7.38048, 46.93083 ], [ 7.38079, 46.93036 ], [ 7.38002, 46.92989 ], [ 7.38166, 46.92854 ], [ 7.38231, 46.92728 ], [ 7.3841, 46.92847 ], [ 7.38442, 46.92823 ], [ 7.38526, 46.92866 ], [ 7.38626, 46.92934 ], [ 7.38637, 46.92987 ], [ 7.38757, 46.93045 ], [ 7.39334, 46.92642 ], [ 7.39608, 46.92537 ], [ 7.40148, 46.92119 ], [ 7.40141, 46.92229 ], [ 7.4009, 46.92283 ], [ 7.40213, 46.9242 ], [ 7.40571, 46.9247 ], [ 7.40807, 46.92563 ], [ 7.40727, 46.92644 ], [ 7.40752, 46.92755 ], [ 7.40709, 46.92822 ], [ 7.40708, 46.93038 ], [ 7.40823, 46.93098 ], [ 7.40978, 46.93097 ], [ 7.40987, 46.93068 ], [ 7.41384, 46.93157 ], [ 7.41342, 46.93258 ], [ 7.41415, 46.93401 ], [ 7.41469, 46.93682 ], [ 7.41768, 46.93635 ], [ 7.42121, 46.93416 ], [ 7.42172, 46.93459 ], [ 7.4243, 46.93383 ], [ 7.42499, 46.93464 ], [ 7.42698, 46.93344 ], [ 7.43018, 46.93253 ], [ 7.43203, 46.93137 ], [ 7.43764, 46.93074 ], [ 7.43776, 46.93103 ], [ 7.4338, 46.93312 ], [ 7.43542, 46.93497 ], [ 7.43923, 46.93415 ], [ 7.44664, 46.93113 ], [ 7.44764, 46.93043 ], [ 7.44889, 46.93189 ], [ 7.45019, 46.93185 ], [ 7.45107, 46.93229 ], [ 7.45192, 46.93207 ], [ 7.45247, 46.933 ], [ 7.45695, 46.93475 ], [ 7.45857, 46.93484 ], [ 7.46059, 46.93395 ], [ 7.46205, 46.93153 ], [ 7.46319, 46.93054 ], [ 7.47077, 46.9255 ], [ 7.47129, 46.92578 ], [ 7.47045, 46.92738 ], [ 7.4692, 46.9287 ], [ 7.46911, 46.92924 ], [ 7.47094, 46.92982 ], [ 7.47399, 46.93188 ], [ 7.47378, 46.93263 ], [ 7.47535, 46.93299 ], [ 7.4747, 46.93392 ], [ 7.47604, 46.93439 ], [ 7.47578, 46.93464 ], [ 7.47685, 46.93507 ], [ 7.47811, 46.93625 ], [ 7.47667, 46.93695 ], [ 7.47919, 46.93748 ], [ 7.48599, 46.93666 ], [ 7.48577, 46.93722 ], [ 7.4895, 46.93687 ], [ 7.4908, 46.93876 ], [ 7.49265, 46.93836 ], [ 7.49351, 46.93766 ], [ 7.49437, 46.93882 ], [ 7.49495, 46.93862 ], [ 7.49556, 46.93962 ], [ 7.49143, 46.94257 ], [ 7.49075, 46.94185 ], [ 7.48826, 46.94371 ], [ 7.48611, 46.94427 ], [ 7.48523, 46.94509 ], [ 7.48498, 46.94461 ], [ 7.48339, 46.9452 ], [ 7.48391, 46.94755 ], [ 7.48332, 46.94771 ], [ 7.48405, 46.94999 ], [ 7.48001, 46.95319 ], [ 7.47804, 46.95419 ], [ 7.47722, 46.95413 ], [ 7.47701, 46.95446 ], [ 7.47718, 46.95512 ], [ 7.4769, 46.95552 ], [ 7.47859, 46.95569 ], [ 7.47978, 46.9566 ], [ 7.47893, 46.95878 ], [ 7.47944, 46.95915 ], [ 7.47951, 46.95965 ], [ 7.4792, 46.95988 ], [ 7.47969, 46.96007 ], [ 7.47945, 46.9604 ], [ 7.48029, 46.96068 ], [ 7.47847, 46.9629 ], [ 7.4808, 46.96383 ], [ 7.4858, 46.96468 ], [ 7.48552, 46.96522 ], [ 7.48634, 46.96647 ], [ 7.48562, 46.96679 ], [ 7.48613, 46.9679 ], [ 7.4852, 46.96795 ], [ 7.48452, 46.97016 ], [ 7.48392, 46.97075 ], [ 7.48255, 46.97129 ], [ 7.48062, 46.97154 ], [ 7.47968, 46.9712 ], [ 7.47816, 46.97118 ], [ 7.47701, 46.97051 ], [ 7.47675, 46.9697 ], [ 7.47345, 46.96943 ], [ 7.47106, 46.96858 ], [ 7.47019, 46.96741 ], [ 7.47079, 46.97 ], [ 7.47006, 46.971 ], [ 7.46984, 46.97285 ], [ 7.46859, 46.97394 ], [ 7.46804, 46.97583 ], [ 7.46702, 46.97547 ], [ 7.46618, 46.9761 ], [ 7.46548, 46.97622 ], [ 7.45601, 46.97708 ], [ 7.45465, 46.97782 ], [ 7.45278, 46.98357 ], [ 7.45221, 46.98968 ], [ 7.45146, 46.99012 ], [ 7.45067, 46.99015 ], [ 7.44849, 46.98926 ], [ 7.44764, 46.98811 ], [ 7.44714, 46.98544 ], [ 7.44663, 46.98437 ], [ 7.44493, 46.98251 ], [ 7.44173, 46.9805 ], [ 7.44128, 46.97982 ], [ 7.44156, 46.97904 ], [ 7.44405, 46.97807 ], [ 7.44652, 46.97901 ], [ 7.4477, 46.97901 ], [ 7.44867, 46.97832 ], [ 7.44905, 46.97701 ], [ 7.44838, 46.97564 ], [ 7.44702, 46.9749 ], [ 7.44569, 46.97479 ], [ 7.44329, 46.97682 ], [ 7.44125, 46.97679 ], [ 7.4399, 46.97537 ], [ 7.43959, 46.97447 ], [ 7.43934, 46.97003 ], [ 7.43859, 46.96892 ], [ 7.43785, 46.96843 ], [ 7.43649, 46.96818 ], [ 7.43536, 46.96844 ], [ 7.43474, 46.96907 ], [ 7.43399, 46.97134 ], [ 7.43271, 46.97269 ], [ 7.43113, 46.97342 ], [ 7.42817, 46.9738 ], [ 7.42134, 46.97156 ], [ 7.41594, 46.97105 ], [ 7.40829, 46.96869 ], [ 7.40005, 46.96918 ], [ 7.3938, 46.96693 ], [ 7.38321, 46.9663 ], [ 7.38069, 46.96552 ], [ 7.37851, 46.96147 ], [ 7.37503, 46.95984 ], [ 7.37151, 46.96073 ], [ 7.36984, 46.95925 ], [ 7.37049, 46.95896 ], [ 7.36939, 46.95735 ], [ 7.36851, 46.95663 ], [ 7.35984, 46.95227 ], [ 7.35818, 46.95171 ], [ 7.3582, 46.95118 ], [ 7.35309, 46.95193 ], [ 7.35251, 46.95053 ], [ 7.35056, 46.95021 ], [ 7.35136, 46.94855 ], [ 7.34766, 46.94766 ], [ 7.34735, 46.94829 ], [ 7.34682, 46.94812 ], [ 7.34664, 46.94943 ], [ 7.34346, 46.94879 ], [ 7.34385, 46.94737 ], [ 7.3415, 46.94719 ], [ 7.34141, 46.94608 ], [ 7.33755, 46.94632 ], [ 7.33573, 46.946 ], [ 7.33391, 46.94628 ], [ 7.33216, 46.94609 ], [ 7.33103, 46.94663 ], [ 7.32845, 46.94641 ], [ 7.3262, 46.94519 ], [ 7.32613, 46.94461 ], [ 7.32474, 46.94329 ], [ 7.31699, 46.94226 ], [ 7.31493, 46.94248 ], [ 7.31373, 46.94182 ], [ 7.30981, 46.9415 ], [ 7.30686, 46.94037 ], [ 7.30686, 46.94004 ], [ 7.30644, 46.93996 ], [ 7.30634, 46.9392 ], [ 7.30465, 46.93834 ], [ 7.3047, 46.93687 ], [ 7.30434, 46.93623 ], [ 7.30452, 46.93529 ], [ 7.30511, 46.93493 ], [ 7.30598, 46.93322 ], [ 7.30525, 46.93302 ], [ 7.3061, 46.93209 ], [ 7.3064, 46.93138 ], [ 7.30615, 46.93094 ], [ 7.30408, 46.93024 ], [ 7.30172, 46.92849 ], [ 7.29848, 46.92759 ], [ 7.2954, 46.92505 ], [ 7.29431, 46.92374 ], [ 7.29497, 46.92287 ], [ 7.30685, 46.92225 ], [ 7.31176, 46.92272 ], [ 7.32018, 46.92519 ], [ 7.32478, 46.92512 ], [ 7.32678, 46.92376 ] ] ] } },
{ "type": "Feature", "properties": { "stadt": "Winterthur" }, "geometry": { "type": "Polygon", "coordinates": [ [ [ 8.72653, 47.52192 ], [ 8.72446, 47.52185 ], [ 8.72462, 47.52201 ], [ 8.71978, 47.52325 ], [ 8.71783, 47.52285 ], [ 8.71551, 47.52296 ], [ 8.71303, 47.52339 ], [ 8.71072, 47.5243 ], [ 8.71111, 47.52352 ], [ 8.70694, 47.52421 ], [ 8.70551, 47.524 ], [ 8.70228, 47.52159 ], [ 8.70164, 47.52213 ], [ 8.70099, 47.52174 ], [ 8.70005, 47.52222 ], [ 8.69951, 47.5231 ], [ 8.69986, 47.52351 ], [ 8.69864, 47.5234 ], [ 8.69835, 47.52539 ], [ 8.70102, 47.52605 ], [ 8.69969, 47.52861 ], [ 8.7005, 47.5292 ], [ 8.6997, 47.52989 ], [ 8.70208, 47.53093 ], [ 8.7011, 47.53287 ], [ 8.70071, 47.53309 ], [ 8.69811, 47.5328 ], [ 8.6938, 47.53311 ], [ 8.6936, 47.53293 ], [ 8.69396, 47.53205 ], [ 8.69238, 47.53221 ], [ 8.68759, 47.53152 ], [ 8.68852, 47.53002 ], [ 8.68741, 47.5298 ], [ 8.68785, 47.52889 ], [ 8.68687, 47.52868 ], [ 8.68703, 47.52759 ], [ 8.6863, 47.52765 ], [ 8.68389, 47.52567 ], [ 8.6825, 47.5251 ], [ 8.6829, 47.52442 ], [ 8.68274, 47.52346 ], [ 8.68174, 47.52365 ], [ 8.68137, 47.52288 ], [ 8.68068, 47.52334 ], [ 8.67908, 47.52096 ], [ 8.67983, 47.52056 ], [ 8.67914, 47.52032 ], [ 8.67861, 47.51936 ], [ 8.6771, 47.51785 ], [ 8.67512, 47.5186 ], [ 8.67528, 47.51797 ], [ 8.67243, 47.51763 ], [ 8.66796, 47.5159 ], [ 8.66114, 47.51624 ], [ 8.66101, 47.51507 ], [ 8.65893, 47.51532 ], [ 8.6592, 47.51492 ], [ 8.65824, 47.5124 ], [ 8.65846, 47.51197 ], [ 8.65661, 47.50858 ], [ 8.65708, 47.50769 ], [ 8.6596, 47.50543 ], [ 8.65851, 47.50538 ], [ 8.65894, 47.50433 ], [ 8.65821, 47.50381 ], [ 8.6599, 47.50123 ], [ 8.65866, 47.50059 ], [ 8.65979, 47.49939 ], [ 8.65931, 47.49917 ], [ 8.65996, 47.49862 ], [ 8.65793, 47.49686 ], [ 8.65802, 47.49537 ], [ 8.65996, 47.49494 ], [ 8.65911, 47.49361 ], [ 8.65917, 47.49307 ], [ 8.66075, 47.49336 ], [ 8.66108, 47.49273 ], [ 8.66107, 47.49109 ], [ 8.66054, 47.49015 ], [ 8.66113, 47.48966 ], [ 8.66367, 47.48932 ], [ 8.66554, 47.4881 ], [ 8.66488, 47.48779 ], [ 8.66493, 47.48755 ], [ 8.6668, 47.48637 ], [ 8.66736, 47.48466 ], [ 8.6686, 47.48368 ], [ 8.66866, 47.48335 ], [ 8.66826, 47.48306 ], [ 8.66997, 47.48337 ], [ 8.6704, 47.48308 ], [ 8.67172, 47.48315 ], [ 8.67277, 47.48207 ], [ 8.67452, 47.48217 ], [ 8.67908, 47.48584 ], [ 8.68159, 47.48682 ], [ 8.68207, 47.48634 ], [ 8.68204, 47.48503 ], [ 8.68294, 47.48427 ], [ 8.68369, 47.48278 ], [ 8.68493, 47.48224 ], [ 8.68561, 47.48107 ], [ 8.68727, 47.47993 ], [ 8.68878, 47.47969 ], [ 8.68916, 47.47905 ], [ 8.69077, 47.4782 ], [ 8.69216, 47.47615 ], [ 8.69478, 47.47562 ], [ 8.6962, 47.47413 ], [ 8.69562, 47.47249 ], [ 8.69754, 47.47234 ], [ 8.69811, 47.471 ], [ 8.69939, 47.47066 ], [ 8.70009, 47.47002 ], [ 8.6999, 47.46921 ], [ 8.6963, 47.46936 ], [ 8.69523, 47.46837 ], [ 8.6945, 47.46811 ], [ 8.69457, 47.46772 ], [ 8.69496, 47.46761 ], [ 8.69303, 47.46767 ], [ 8.69296, 47.46721 ], [ 8.69412, 47.46649 ], [ 8.70136, 47.46759 ], [ 8.70164, 47.46737 ], [ 8.70249, 47.46792 ], [ 8.70288, 47.46725 ], [ 8.70424, 47.46648 ], [ 8.70486, 47.46742 ], [ 8.70628, 47.46686 ], [ 8.7066, 47.46421 ], [ 8.70706, 47.46303 ], [ 8.70621, 47.46278 ], [ 8.70557, 47.46168 ], [ 8.70316, 47.46088 ], [ 8.70236, 47.45853 ], [ 8.70781, 47.45826 ], [ 8.70675, 47.45494 ], [ 8.70687, 47.45406 ], [ 8.70554, 47.45142 ], [ 8.70759, 47.45035 ], [ 8.70962, 47.44983 ], [ 8.71062, 47.45185 ], [ 8.71213, 47.45126 ], [ 8.71434, 47.44977 ], [ 8.715, 47.44972 ], [ 8.71551, 47.45036 ], [ 8.71596, 47.45129 ], [ 8.71464, 47.45305 ], [ 8.71651, 47.4539 ], [ 8.71684, 47.45377 ], [ 8.71802, 47.45561 ], [ 8.71796, 47.4565 ], [ 8.71884, 47.45649 ], [ 8.71751, 47.45985 ], [ 8.7179, 47.46118 ], [ 8.72186, 47.46024 ], [ 8.72901, 47.46163 ], [ 8.72916, 47.45957 ], [ 8.72978, 47.45867 ], [ 8.73119, 47.45802 ], [ 8.73284, 47.45805 ], [ 8.73381, 47.45844 ], [ 8.73452, 47.45916 ], [ 8.73469, 47.45985 ], [ 8.73435, 47.46242 ], [ 8.73481, 47.46306 ], [ 8.73569, 47.46345 ], [ 8.74146, 47.46347 ], [ 8.74493, 47.46185 ], [ 8.74731, 47.46131 ], [ 8.74873, 47.46158 ], [ 8.74929, 47.46208 ], [ 8.75239, 47.46807 ], [ 8.75312, 47.4686 ], [ 8.75427, 47.4688 ], [ 8.75574, 47.46833 ], [ 8.75817, 47.46576 ], [ 8.75834, 47.46489 ], [ 8.7577, 47.46316 ], [ 8.75833, 47.46227 ], [ 8.76146, 47.46089 ], [ 8.76195, 47.46118 ], [ 8.76176, 47.46137 ], [ 8.7719, 47.45909 ], [ 8.772, 47.45936 ], [ 8.77162, 47.45957 ], [ 8.77187, 47.45995 ], [ 8.77344, 47.46015 ], [ 8.77466, 47.45985 ], [ 8.77612, 47.46079 ], [ 8.78044, 47.46202 ], [ 8.78184, 47.46269 ], [ 8.78206, 47.4632 ], [ 8.78694, 47.46376 ], [ 8.78934, 47.46501 ], [ 8.79162, 47.46557 ], [ 8.79323, 47.46639 ], [ 8.79545, 47.46809 ], [ 8.79661, 47.47168 ], [ 8.8009, 47.47451 ], [ 8.80562, 47.47543 ], [ 8.80946, 47.47576 ], [ 8.80746, 47.4786 ], [ 8.808, 47.47903 ], [ 8.80756, 47.47925 ], [ 8.80789, 47.47951 ], [ 8.80775, 47.48058 ], [ 8.80696, 47.481 ], [ 8.80594, 47.4807 ], [ 8.80462, 47.48205 ], [ 8.80681, 47.48296 ], [ 8.80894, 47.48303 ], [ 8.80935, 47.4833 ], [ 8.80785, 47.48363 ], [ 8.80717, 47.48612 ], [ 8.8097, 47.48658 ], [ 8.80946, 47.48789 ], [ 8.80994, 47.48796 ], [ 8.80959, 47.4894 ], [ 8.80816, 47.48912 ], [ 8.80795, 47.49044 ], [ 8.80824, 47.49097 ], [ 8.80574, 47.491 ], [ 8.80579, 47.49218 ], [ 8.79959, 47.49183 ], [ 8.79923, 47.49148 ], [ 8.79932, 47.49216 ], [ 8.79897, 47.49231 ], [ 8.79823, 47.49205 ], [ 8.79552, 47.49244 ], [ 8.79276, 47.4922 ], [ 8.79166, 47.49239 ], [ 8.79116, 47.49305 ], [ 8.79116, 47.49442 ], [ 8.79099, 47.49506 ], [ 8.79102, 47.49479 ], [ 8.7903, 47.49427 ], [ 8.78949, 47.49465 ], [ 8.78945, 47.49503 ], [ 8.78753, 47.49539 ], [ 8.7863, 47.49651 ], [ 8.78465, 47.49639 ], [ 8.78373, 47.49681 ], [ 8.78306, 47.49639 ], [ 8.78282, 47.49655 ], [ 8.78265, 47.49707 ], [ 8.78207, 47.49716 ], [ 8.78097, 47.49839 ], [ 8.7815, 47.499 ], [ 8.78338, 47.49926 ], [ 8.78364, 47.4996 ], [ 8.78132, 47.50073 ], [ 8.78123, 47.501 ], [ 8.78214, 47.5018 ], [ 8.77889, 47.50247 ], [ 8.78063, 47.50485 ], [ 8.78146, 47.5045 ], [ 8.78213, 47.50488 ], [ 8.78275, 47.50637 ], [ 8.78379, 47.50694 ], [ 8.78783, 47.50851 ], [ 8.79192, 47.50831 ], [ 8.79125, 47.50925 ], [ 8.7922, 47.50989 ], [ 8.79367, 47.50882 ], [ 8.79719, 47.50962 ], [ 8.79946, 47.51072 ], [ 8.79785, 47.5118 ], [ 8.79677, 47.51304 ], [ 8.7913, 47.51216 ], [ 8.79113, 47.5118 ], [ 8.7895, 47.51158 ], [ 8.7867, 47.51167 ], [ 8.78603, 47.51217 ], [ 8.78487, 47.51427 ], [ 8.78339, 47.51426 ], [ 8.78277, 47.51557 ], [ 8.78094, 47.51499 ], [ 8.77832, 47.51519 ], [ 8.77474, 47.51495 ], [ 8.7743, 47.5188 ], [ 8.77227, 47.51826 ], [ 8.77138, 47.51741 ], [ 8.76969, 47.51806 ], [ 8.77082, 47.51935 ], [ 8.76902, 47.51982 ], [ 8.76714, 47.52086 ], [ 8.76794, 47.52385 ], [ 8.768, 47.52557 ], [ 8.76945, 47.52595 ], [ 8.77069, 47.52938 ], [ 8.77109, 47.5295 ], [ 8.77223, 47.52881 ], [ 8.77227, 47.5285 ], [ 8.77291, 47.52847 ], [ 8.77288, 47.52886 ], [ 8.77373, 47.52959 ], [ 8.77552, 47.52948 ], [ 8.77695, 47.53075 ], [ 8.77893, 47.53113 ], [ 8.77961, 47.5317 ], [ 8.78545, 47.53423 ], [ 8.7854, 47.53459 ], [ 8.78411, 47.53425 ], [ 8.78306, 47.53602 ], [ 8.78453, 47.53625 ], [ 8.78435, 47.53657 ], [ 8.78221, 47.53661 ], [ 8.78113, 47.53732 ], [ 8.77944, 47.53599 ], [ 8.77625, 47.54102 ], [ 8.77747, 47.54144 ], [ 8.77674, 47.54312 ], [ 8.77584, 47.54414 ], [ 8.77469, 47.54366 ], [ 8.77379, 47.5445 ], [ 8.7706, 47.54551 ], [ 8.77073, 47.54628 ], [ 8.76902, 47.54623 ], [ 8.76883, 47.54676 ], [ 8.7682, 47.54701 ], [ 8.76676, 47.54688 ], [ 8.76502, 47.54554 ], [ 8.76369, 47.54678 ], [ 8.76225, 47.54695 ], [ 8.7615, 47.54745 ], [ 8.7582, 47.54665 ], [ 8.75675, 47.54763 ], [ 8.75604, 47.54739 ], [ 8.75512, 47.548 ], [ 8.75456, 47.54705 ], [ 8.75334, 47.54736 ], [ 8.75322, 47.54672 ], [ 8.75386, 47.54633 ], [ 8.75376, 47.54582 ], [ 8.75414, 47.54574 ], [ 8.75328, 47.54558 ], [ 8.75349, 47.54472 ], [ 8.75173, 47.5435 ], [ 8.75136, 47.54289 ], [ 8.75135, 47.54243 ], [ 8.75248, 47.54203 ], [ 8.75237, 47.54156 ], [ 8.7521, 47.54159 ], [ 8.75191, 47.53949 ], [ 8.75075, 47.53898 ], [ 8.74963, 47.53932 ], [ 8.74946, 47.53892 ], [ 8.75023, 47.53871 ], [ 8.75069, 47.53789 ], [ 8.74873, 47.53772 ], [ 8.74893, 47.53677 ], [ 8.74829, 47.53643 ], [ 8.74641, 47.53636 ], [ 8.74621, 47.53473 ], [ 8.74563, 47.53334 ], [ 8.74481, 47.53309 ], [ 8.74437, 47.53188 ], [ 8.7425, 47.532 ], [ 8.74107, 47.53002 ], [ 8.73933, 47.5292 ], [ 8.73678, 47.52969 ], [ 8.73706, 47.52732 ], [ 8.73584, 47.52713 ], [ 8.73601, 47.52568 ], [ 8.7367, 47.52557 ], [ 8.73694, 47.5248 ], [ 8.73676, 47.52364 ], [ 8.73563, 47.52369 ], [ 8.73692, 47.52304 ], [ 8.73702, 47.52248 ], [ 8.73469, 47.52235 ], [ 8.73424, 47.52203 ], [ 8.73337, 47.52256 ], [ 8.73265, 47.52201 ], [ 8.73122, 47.52204 ], [ 8.73066, 47.52166 ], [ 8.73107, 47.52125 ], [ 8.73076, 47.52043 ], [ 8.72951, 47.52068 ], [ 8.72847, 47.52142 ], [ 8.72653, 47.52192 ] ] ] } },
{ "type": "Feature", "properties": { "stadt": "Luzern" }, "geometry": { "type": "MultiPolygon", "coordinates": [ [ [ [ 8.42674, 46.99944 ], [ 8.42677, 47.00225 ], [ 8.42799, 47.01721 ], [ 8.40645, 47.01559 ], [ 8.3838, 47.01771 ], [ 8.3847, 47.00292 ], [ 8.38419, 47.00217 ], [ 8.3827, 47.00138 ], [ 8.38283, 47.00055 ], [ 8.38559, 46.99832 ], [ 8.39038, 46.99958 ], [ 8.39427, 47.00008 ], [ 8.39635, 47.00087 ], [ 8.39998, 46.99984 ], [ 8.40308, 46.99999 ], [ 8.40395, 46.99973 ], [ 8.4056, 47.00019 ], [ 8.40977, 46.99925 ], [ 8.4103, 46.99945 ], [ 8.41377, 46.99823 ], [ 8.41693, 46.99841 ], [ 8.42241, 46.998 ], [ 8.42601, 46.99814 ], [ 8.42744, 46.9988 ], [ 8.42674, 46.99944 ] ] ], [ [ [ 8.2916, 47.06619 ], [ 8.29166, 47.06714 ], [ 8.29053, 47.06813 ], [ 8.2888, 47.06717 ], [ 8.28178, 47.06717 ], [ 8.28006, 47.06795 ], [ 8.27585, 47.07154 ], [ 8.27464, 47.0721 ], [ 8.27327, 47.07228 ], [ 8.27111, 47.07184 ], [ 8.27002, 47.07118 ], [ 8.26237, 47.0648 ], [ 8.26121, 47.06623 ], [ 8.26127, 47.06701 ], [ 8.26037, 47.06848 ], [ 8.2565, 47.0695 ], [ 8.25257, 47.06678 ], [ 8.24322, 47.06804 ], [ 8.2467, 47.07261 ], [ 8.24574, 47.07345 ], [ 8.24296, 47.07497 ], [ 8.24211, 47.0743 ], [ 8.24105, 47.07441 ], [ 8.24094, 47.07402 ], [ 8.24026, 47.07377 ], [ 8.23563, 47.07659 ], [ 8.23563, 47.07715 ], [ 8.23086, 47.07884 ], [ 8.22919, 47.08034 ], [ 8.22741, 47.08284 ], [ 8.22726, 47.08352 ], [ 8.22551, 47.08237 ], [ 8.22008, 47.08006 ], [ 8.21914, 47.07999 ], [ 8.21929, 47.07877 ], [ 8.21873, 47.07536 ], [ 8.21766, 47.07475 ], [ 8.21557, 47.07521 ], [ 8.21341, 47.0748 ], [ 8.21283, 47.07533 ], [ 8.21071, 47.07525 ], [ 8.20974, 47.0749 ], [ 8.20803, 47.07324 ], [ 8.20683, 47.07278 ], [ 8.20652, 47.07234 ], [ 8.20667, 47.07129 ], [ 8.20734, 47.07067 ], [ 8.20696, 47.07033 ], [ 8.20736, 47.06925 ], [ 8.20964, 47.06785 ], [ 8.21397, 47.06763 ], [ 8.21494, 47.06676 ], [ 8.21679, 47.06589 ], [ 8.222, 47.06423 ], [ 8.22488, 47.06393 ], [ 8.22661, 47.06442 ], [ 8.22871, 47.06239 ], [ 8.23092, 47.063 ], [ 8.23184, 47.06097 ], [ 8.23376, 47.0599 ], [ 8.23732, 47.05979 ], [ 8.23865, 47.05861 ], [ 8.23947, 47.0591 ], [ 8.24144, 47.0579 ], [ 8.24148, 47.05754 ], [ 8.24286, 47.05726 ], [ 8.24322, 47.05592 ], [ 8.24395, 47.055 ], [ 8.24585, 47.05391 ], [ 8.24849, 47.05353 ], [ 8.24725, 47.05236 ], [ 8.24751, 47.05184 ], [ 8.24571, 47.05016 ], [ 8.24299, 47.04979 ], [ 8.24359, 47.04846 ], [ 8.23825, 47.04739 ], [ 8.23858, 47.04562 ], [ 8.24078, 47.04146 ], [ 8.24067, 47.04013 ], [ 8.24032, 47.03963 ], [ 8.23936, 47.03931 ], [ 8.23971, 47.03866 ], [ 8.24139, 47.03914 ], [ 8.24373, 47.03878 ], [ 8.25218, 47.04038 ], [ 8.25796, 47.04231 ], [ 8.25769, 47.04268 ], [ 8.26065, 47.04343 ], [ 8.26242, 47.0435 ], [ 8.26205, 47.04422 ], [ 8.26707, 47.04497 ], [ 8.26698, 47.04577 ], [ 8.27198, 47.04576 ], [ 8.272, 47.0465 ], [ 8.27327, 47.04662 ], [ 8.27536, 47.04613 ], [ 8.27937, 47.04666 ], [ 8.28808, 47.04369 ], [ 8.29368, 47.0427 ], [ 8.29573, 47.0416 ], [ 8.29592, 47.04101 ], [ 8.29833, 47.03959 ], [ 8.29914, 47.03789 ], [ 8.29779, 47.03679 ], [ 8.29748, 47.03541 ], [ 8.30258, 47.0264 ], [ 8.30572, 47.02725 ], [ 8.30814, 47.03265 ], [ 8.30816, 47.03333 ], [ 8.30773, 47.03406 ], [ 8.30879, 47.03403 ], [ 8.31077, 47.03486 ], [ 8.31325, 47.03535 ], [ 8.31322, 47.03566 ], [ 8.31401, 47.03559 ], [ 8.31739, 47.03387 ], [ 8.32067, 47.03357 ], [ 8.32306, 47.0343 ], [ 8.32349, 47.0347 ], [ 8.32448, 47.03413 ], [ 8.3242, 47.03321 ], [ 8.32472, 47.03291 ], [ 8.32445, 47.03237 ], [ 8.32469, 47.0321 ], [ 8.3261, 47.03247 ], [ 8.32614, 47.0316 ], [ 8.32734, 47.03237 ], [ 8.32955, 47.03288 ], [ 8.32998, 47.03281 ], [ 8.3308, 47.03179 ], [ 8.3319, 47.03172 ], [ 8.33224, 47.03291 ], [ 8.33192, 47.03341 ], [ 8.33369, 47.03543 ], [ 8.35342, 47.03844 ], [ 8.35773, 47.03977 ], [ 8.35636, 47.04216 ], [ 8.35703, 47.04237 ], [ 8.35655, 47.04313 ], [ 8.35573, 47.04285 ], [ 8.35321, 47.04297 ], [ 8.35264, 47.04417 ], [ 8.35048, 47.04531 ], [ 8.35037, 47.0464 ], [ 8.34985, 47.04736 ], [ 8.34984, 47.04873 ], [ 8.35138, 47.049 ], [ 8.35254, 47.04996 ], [ 8.35061, 47.05084 ], [ 8.35235, 47.05202 ], [ 8.35232, 47.05259 ], [ 8.35417, 47.05266 ], [ 8.35591, 47.05323 ], [ 8.35724, 47.05272 ], [ 8.35801, 47.05327 ], [ 8.35823, 47.05366 ], [ 8.35728, 47.05548 ], [ 8.3572, 47.0569 ], [ 8.35589, 47.05877 ], [ 8.35484, 47.05834 ], [ 8.35472, 47.05903 ], [ 8.354, 47.05992 ], [ 8.35311, 47.06037 ], [ 8.35355, 47.06116 ], [ 8.35337, 47.06148 ], [ 8.35143, 47.06249 ], [ 8.349, 47.06215 ], [ 8.34756, 47.06235 ], [ 8.34564, 47.06395 ], [ 8.34784, 47.06545 ], [ 8.34536, 47.06797 ], [ 8.34323, 47.06695 ], [ 8.34144, 47.0669 ], [ 8.34044, 47.0675 ], [ 8.33676, 47.06704 ], [ 8.33593, 47.06754 ], [ 8.33482, 47.06713 ], [ 8.33044, 47.06757 ], [ 8.32875, 47.06672 ], [ 8.32766, 47.0674 ], [ 8.32577, 47.06787 ], [ 8.32402, 47.06789 ], [ 8.32228, 47.06893 ], [ 8.32072, 47.06854 ], [ 8.32007, 47.06788 ], [ 8.31813, 47.06698 ], [ 8.31671, 47.06669 ], [ 8.31427, 47.0685 ], [ 8.31377, 47.06924 ], [ 8.30032, 47.06356 ], [ 8.29682, 47.06263 ], [ 8.29574, 47.06354 ], [ 8.29596, 47.0637 ], [ 8.29449, 47.06414 ], [ 8.2921, 47.06299 ], [ 8.2919, 47.06331 ], [ 8.29253, 47.06395 ], [ 8.29265, 47.06455 ], [ 8.2916, 47.06619 ] ] ] ] } },
{ "type": "Feature", "properties": { "stadt": "St. Gallen" }, "geometry": { "type": "Polygon", "coordinates": [ [ [ 9.32473, 47.40065 ], [ 9.32516, 47.40038 ], [ 9.32737, 47.4012 ], [ 9.32934, 47.4013 ], [ 9.33224, 47.40049 ], [ 9.3322, 47.40003 ], [ 9.33264, 47.39949 ], [ 9.33431, 47.39993 ], [ 9.33584, 47.3991 ], [ 9.33812, 47.40021 ], [ 9.33968, 47.3996 ], [ 9.34046, 47.40007 ], [ 9.34249, 47.40001 ], [ 9.34536, 47.40053 ], [ 9.35107, 47.40209 ], [ 9.35434, 47.40342 ], [ 9.35631, 47.40232 ], [ 9.35857, 47.40204 ], [ 9.35957, 47.40268 ], [ 9.35983, 47.4034 ], [ 9.36352, 47.40457 ], [ 9.36409, 47.40439 ], [ 9.3646, 47.40468 ], [ 9.36627, 47.4047 ], [ 9.3679, 47.40591 ], [ 9.36875, 47.40619 ], [ 9.36911, 47.4068 ], [ 9.37168, 47.40771 ], [ 9.3727, 47.40711 ], [ 9.37508, 47.40769 ], [ 9.37598, 47.40726 ], [ 9.37722, 47.40752 ], [ 9.37848, 47.40727 ], [ 9.37915, 47.40666 ], [ 9.37994, 47.40678 ], [ 9.38153, 47.40622 ], [ 9.38315, 47.40632 ], [ 9.38509, 47.40567 ], [ 9.38779, 47.40534 ], [ 9.38933, 47.40445 ], [ 9.38969, 47.40454 ], [ 9.39077, 47.40201 ], [ 9.39271, 47.40102 ], [ 9.39506, 47.40124 ], [ 9.39745, 47.40058 ], [ 9.39797, 47.40068 ], [ 9.39785, 47.40143 ], [ 9.39883, 47.40144 ], [ 9.3998, 47.40077 ], [ 9.40187, 47.40084 ], [ 9.404, 47.40126 ], [ 9.40536, 47.40222 ], [ 9.40818, 47.40228 ], [ 9.40924, 47.40255 ], [ 9.40923, 47.4032 ], [ 9.41066, 47.40313 ], [ 9.41116, 47.40409 ], [ 9.41293, 47.40459 ], [ 9.41282, 47.40544 ], [ 9.4132, 47.40555 ], [ 9.41411, 47.40494 ], [ 9.41664, 47.40507 ], [ 9.41972, 47.40595 ], [ 9.42217, 47.40612 ], [ 9.42649, 47.40752 ], [ 9.42794, 47.40892 ], [ 9.42989, 47.40961 ], [ 9.42972, 47.4101 ], [ 9.42995, 47.4104 ], [ 9.42859, 47.40994 ], [ 9.42837, 47.41049 ], [ 9.42788, 47.41045 ], [ 9.42792, 47.41148 ], [ 9.42918, 47.41214 ], [ 9.42864, 47.41271 ], [ 9.43054, 47.41149 ], [ 9.43202, 47.41257 ], [ 9.43297, 47.41397 ], [ 9.43202, 47.41422 ], [ 9.43198, 47.41522 ], [ 9.43137, 47.41523 ], [ 9.43155, 47.4156 ], [ 9.43094, 47.41698 ], [ 9.43037, 47.4171 ], [ 9.42998, 47.41783 ], [ 9.43026, 47.41819 ], [ 9.4333, 47.41871 ], [ 9.43286, 47.4194 ], [ 9.43394, 47.42004 ], [ 9.43378, 47.42069 ], [ 9.43504, 47.42083 ], [ 9.43445, 47.42246 ], [ 9.43486, 47.42358 ], [ 9.43463, 47.42409 ], [ 9.43515, 47.42473 ], [ 9.43466, 47.42572 ], [ 9.43482, 47.42598 ], [ 9.43445, 47.42621 ], [ 9.43472, 47.42642 ], [ 9.43285, 47.4289 ], [ 9.43308, 47.42925 ], [ 9.43252, 47.42951 ], [ 9.43278, 47.43038 ], [ 9.43398, 47.4318 ], [ 9.43475, 47.43207 ], [ 9.43524, 47.4336 ], [ 9.43476, 47.4337 ], [ 9.43501, 47.43429 ], [ 9.43399, 47.43555 ], [ 9.43099, 47.43626 ], [ 9.4312, 47.43666 ], [ 9.43037, 47.43762 ], [ 9.43079, 47.43847 ], [ 9.42991, 47.43944 ], [ 9.42967, 47.44064 ], [ 9.42848, 47.44167 ], [ 9.42951, 47.44238 ], [ 9.43012, 47.44368 ], [ 9.43149, 47.44458 ], [ 9.42958, 47.44721 ], [ 9.42955, 47.45043 ], [ 9.42793, 47.4515 ], [ 9.42552, 47.45195 ], [ 9.42502, 47.45286 ], [ 9.42357, 47.45217 ], [ 9.42172, 47.45216 ], [ 9.42092, 47.45108 ], [ 9.41956, 47.4524 ], [ 9.41843, 47.45127 ], [ 9.41794, 47.45001 ], [ 9.41688, 47.44941 ], [ 9.41449, 47.45097 ], [ 9.41498, 47.45128 ], [ 9.41437, 47.45163 ], [ 9.41369, 47.45092 ], [ 9.41369, 47.45128 ], [ 9.41313, 47.45142 ], [ 9.41349, 47.45193 ], [ 9.41313, 47.452 ], [ 9.40958, 47.45165 ], [ 9.40865, 47.45193 ], [ 9.40791, 47.45131 ], [ 9.40563, 47.45283 ], [ 9.40576, 47.45235 ], [ 9.40537, 47.45222 ], [ 9.40458, 47.45269 ], [ 9.40417, 47.45216 ], [ 9.40198, 47.45229 ], [ 9.40134, 47.45121 ], [ 9.39751, 47.45163 ], [ 9.3965, 47.44945 ], [ 9.39613, 47.44771 ], [ 9.39523, 47.44782 ], [ 9.39433, 47.44628 ], [ 9.39514, 47.44602 ], [ 9.39441, 47.44473 ], [ 9.39481, 47.44465 ], [ 9.39446, 47.4439 ], [ 9.39473, 47.44384 ], [ 9.39406, 47.44225 ], [ 9.39097, 47.44309 ], [ 9.38913, 47.44439 ], [ 9.38878, 47.44501 ], [ 9.39107, 47.446 ], [ 9.39027, 47.44951 ], [ 9.38896, 47.45048 ], [ 9.38128, 47.44838 ], [ 9.38095, 47.44889 ], [ 9.38184, 47.45083 ], [ 9.38095, 47.45299 ], [ 9.37812, 47.4526 ], [ 9.37725, 47.45158 ], [ 9.37658, 47.45191 ], [ 9.37589, 47.45123 ], [ 9.37431, 47.452 ], [ 9.37452, 47.45134 ], [ 9.3742, 47.45068 ], [ 9.37499, 47.44967 ], [ 9.37657, 47.44908 ], [ 9.37693, 47.44789 ], [ 9.37612, 47.44726 ], [ 9.37494, 47.44775 ], [ 9.37516, 47.44811 ], [ 9.37313, 47.44845 ], [ 9.37269, 47.44928 ], [ 9.37094, 47.44927 ], [ 9.37097, 47.44867 ], [ 9.36996, 47.44856 ], [ 9.36931, 47.44807 ], [ 9.36768, 47.44816 ], [ 9.36537, 47.4473 ], [ 9.36779, 47.44531 ], [ 9.36766, 47.44405 ], [ 9.36423, 47.44454 ], [ 9.36255, 47.4452 ], [ 9.362, 47.44511 ], [ 9.36242, 47.44442 ], [ 9.36183, 47.44353 ], [ 9.36098, 47.44326 ], [ 9.35968, 47.44374 ], [ 9.35874, 47.44348 ], [ 9.35862, 47.44273 ], [ 9.35909, 47.44192 ], [ 9.35811, 47.44059 ], [ 9.35781, 47.43948 ], [ 9.36078, 47.4366 ], [ 9.36129, 47.43547 ], [ 9.36126, 47.43424 ], [ 9.3604, 47.43341 ], [ 9.35865, 47.43362 ], [ 9.35701, 47.43276 ], [ 9.35589, 47.43053 ], [ 9.35378, 47.4289 ], [ 9.35026, 47.42806 ], [ 9.34859, 47.42674 ], [ 9.34453, 47.42604 ], [ 9.34245, 47.42433 ], [ 9.33942, 47.42533 ], [ 9.33885, 47.42523 ], [ 9.33855, 47.42444 ], [ 9.33879, 47.42384 ], [ 9.33672, 47.42382 ], [ 9.33443, 47.42312 ], [ 9.33463, 47.423 ], [ 9.33297, 47.42217 ], [ 9.33116, 47.42028 ], [ 9.32912, 47.41943 ], [ 9.3278, 47.4195 ], [ 9.32726, 47.41869 ], [ 9.3264, 47.41866 ], [ 9.32557, 47.418 ], [ 9.3239, 47.41807 ], [ 9.32363, 47.41772 ], [ 9.3174, 47.41642 ], [ 9.31515, 47.41665 ], [ 9.31257, 47.41542 ], [ 9.30959, 47.41464 ], [ 9.30872, 47.41395 ], [ 9.3075, 47.41485 ], [ 9.30631, 47.41448 ], [ 9.30443, 47.41586 ], [ 9.30382, 47.4157 ], [ 9.30349, 47.41617 ], [ 9.30639, 47.41817 ], [ 9.30826, 47.42109 ], [ 9.30663, 47.42132 ], [ 9.30503, 47.42219 ], [ 9.3031, 47.42224 ], [ 9.30231, 47.4216 ], [ 9.30177, 47.42185 ], [ 9.30091, 47.42061 ], [ 9.3002, 47.4208 ], [ 9.29606, 47.41858 ], [ 9.29727, 47.41278 ], [ 9.29767, 47.4082 ], [ 9.29451, 47.40857 ], [ 9.29399, 47.40767 ], [ 9.29336, 47.40755 ], [ 9.29218, 47.40599 ], [ 9.29256, 47.40577 ], [ 9.29202, 47.40446 ], [ 9.29171, 47.40452 ], [ 9.29152, 47.40405 ], [ 9.29221, 47.40252 ], [ 9.29532, 47.40086 ], [ 9.29559, 47.40011 ], [ 9.2968, 47.39936 ], [ 9.29678, 47.39895 ], [ 9.29544, 47.39755 ], [ 9.29504, 47.39764 ], [ 9.29421, 47.39698 ], [ 9.29415, 47.3964 ], [ 9.29498, 47.39669 ], [ 9.29476, 47.39623 ], [ 9.29629, 47.39643 ], [ 9.29842, 47.39619 ], [ 9.30065, 47.3953 ], [ 9.30199, 47.39515 ], [ 9.30216, 47.39549 ], [ 9.30295, 47.39522 ], [ 9.30532, 47.39584 ], [ 9.30665, 47.39585 ], [ 9.30862, 47.39658 ], [ 9.3103, 47.39651 ], [ 9.31051, 47.39682 ], [ 9.31484, 47.39764 ], [ 9.31767, 47.39775 ], [ 9.31813, 47.39729 ], [ 9.31836, 47.39792 ], [ 9.32028, 47.39819 ], [ 9.32119, 47.39899 ], [ 9.32297, 47.39956 ], [ 9.32473, 47.40065 ] ] ] } },
{ "type": "Feature", "properties": { "stadt": "Lugano" }, "geometry": { "type": "Polygon", "coordinates": [ [ [ 8.95663, 46.02284 ], [ 8.95391, 46.02336 ], [ 8.95359, 46.02257 ], [ 8.9528, 46.02199 ], [ 8.9531, 46.02165 ], [ 8.95134, 46.0209 ], [ 8.9501, 46.0197 ], [ 8.95072, 46.0192 ], [ 8.95032, 46.01893 ], [ 8.95157, 46.01823 ], [ 8.95118, 46.01699 ], [ 8.95043, 46.01665 ], [ 8.94989, 46.01498 ], [ 8.95066, 46.01418 ], [ 8.95129, 46.01415 ], [ 8.94927, 46.01176 ], [ 8.94798, 46.01112 ], [ 8.94686, 46.01 ], [ 8.94683, 46.00962 ], [ 8.94777, 46.00848 ], [ 8.94673, 46.00884 ], [ 8.9467, 46.00833 ], [ 8.94536, 46.00916 ], [ 8.94443, 46.00831 ], [ 8.94347, 46.00852 ], [ 8.94192, 46.00802 ], [ 8.94166, 46.00849 ], [ 8.94066, 46.00829 ], [ 8.93942, 46.00942 ], [ 8.93636, 46.01071 ], [ 8.9364, 46.01127 ], [ 8.93549, 46.01226 ], [ 8.93978, 46.01542 ], [ 8.93633, 46.01687 ], [ 8.93389, 46.01702 ], [ 8.93281, 46.01756 ], [ 8.93123, 46.01744 ], [ 8.93001, 46.01895 ], [ 8.9287, 46.0193 ], [ 8.92749, 46.01868 ], [ 8.92605, 46.01645 ], [ 8.92515, 46.01647 ], [ 8.92225, 46.01293 ], [ 8.92069, 46.01182 ], [ 8.91848, 46.00935 ], [ 8.91731, 46.00723 ], [ 8.9159, 46.00619 ], [ 8.91534, 46.00496 ], [ 8.91543, 46.00411 ], [ 8.91587, 46.00405 ], [ 8.91557, 46.00385 ], [ 8.9157, 46.00351 ], [ 8.91658, 46.00347 ], [ 8.91658, 46.00324 ], [ 8.91731, 46.0034 ], [ 8.91886, 46.00244 ], [ 8.92094, 46.00226 ], [ 8.92082, 46.00165 ], [ 8.92163, 46.00156 ], [ 8.92406, 46.00034 ], [ 8.92544, 45.99876 ], [ 8.92745, 45.9991 ], [ 8.92908, 46.00072 ], [ 8.93152, 46.00178 ], [ 8.93132, 46.00391 ], [ 8.93174, 46.00482 ], [ 8.93311, 46.00448 ], [ 8.93364, 46.00462 ], [ 8.93378, 46.00505 ], [ 8.93429, 46.00482 ], [ 8.93458, 46.00516 ], [ 8.93416, 46.0054 ], [ 8.93546, 46.00729 ], [ 8.93615, 46.0072 ], [ 8.93612, 46.00586 ], [ 8.93577, 46.00518 ], [ 8.93674, 46.00512 ], [ 8.93665, 46.00472 ], [ 8.93745, 46.00478 ], [ 8.9383, 46.00224 ], [ 8.93984, 46.00211 ], [ 8.94131, 46.0007 ], [ 8.94298, 46.00027 ], [ 8.94302, 45.99979 ], [ 8.94273, 45.99984 ], [ 8.94237, 45.99939 ], [ 8.94281, 45.99921 ], [ 8.94197, 45.99866 ], [ 8.94066, 45.99834 ], [ 8.94215, 45.99804 ], [ 8.94183, 45.99734 ], [ 8.9404, 45.99739 ], [ 8.9402, 45.99693 ], [ 8.93985, 45.99696 ], [ 8.9407, 45.99515 ], [ 8.93946, 45.9951 ], [ 8.93873, 45.99436 ], [ 8.93752, 45.9939 ], [ 8.93874, 45.99376 ], [ 8.93837, 45.99346 ], [ 8.93868, 45.99331 ], [ 8.93819, 45.99091 ], [ 8.93864, 45.99084 ], [ 8.93787, 45.99013 ], [ 8.93835, 45.98967 ], [ 8.93823, 45.98936 ], [ 8.9378, 45.98944 ], [ 8.93718, 45.98894 ], [ 8.93541, 45.98955 ], [ 8.93429, 45.98912 ], [ 8.93222, 45.98907 ], [ 8.93144, 45.98877 ], [ 8.93079, 45.98903 ], [ 8.92978, 45.98841 ], [ 8.92975, 45.988 ], [ 8.92923, 45.98759 ], [ 8.92852, 45.98765 ], [ 8.9269, 45.98644 ], [ 8.92654, 45.98662 ], [ 8.92566, 45.98564 ], [ 8.92523, 45.98559 ], [ 8.92537, 45.98528 ], [ 8.92403, 45.9839 ], [ 8.92384, 45.98273 ], [ 8.9258, 45.98204 ], [ 8.9266, 45.98054 ], [ 8.92803, 45.97972 ], [ 8.92772, 45.97932 ], [ 8.92867, 45.97908 ], [ 8.92906, 45.97507 ], [ 8.92866, 45.97354 ], [ 8.93192, 45.97323 ], [ 8.9317, 45.97108 ], [ 8.93104, 45.97025 ], [ 8.93124, 45.96913 ], [ 8.93076, 45.96859 ], [ 8.93102, 45.96856 ], [ 8.9309, 45.96769 ], [ 8.93114, 45.96735 ], [ 8.93185, 45.96734 ], [ 8.93183, 45.9668 ], [ 8.93031, 45.96592 ], [ 8.92976, 45.96424 ], [ 8.92696, 45.96268 ], [ 8.92685, 45.96147 ], [ 8.92584, 45.96032 ], [ 8.92424, 45.96106 ], [ 8.92534, 45.96298 ], [ 8.92541, 45.96448 ], [ 8.92489, 45.96752 ], [ 8.92165, 45.96636 ], [ 8.92123, 45.96512 ], [ 8.91813, 45.96274 ], [ 8.91674, 45.96401 ], [ 8.9149, 45.96431 ], [ 8.91433, 45.9648 ], [ 8.91362, 45.96366 ], [ 8.91374, 45.96327 ], [ 8.91476, 45.96296 ], [ 8.91417, 45.96255 ], [ 8.91203, 45.96154 ], [ 8.90942, 45.96213 ], [ 8.90922, 45.96097 ], [ 8.9086, 45.96025 ], [ 8.90883, 45.95957 ], [ 8.90866, 45.95833 ], [ 8.9046, 45.9614 ], [ 8.90258, 45.961 ], [ 8.90237, 45.9625 ], [ 8.90509, 45.96349 ], [ 8.90529, 45.96481 ], [ 8.9046, 45.96448 ], [ 8.905, 45.96549 ], [ 8.90272, 45.96527 ], [ 8.90109, 45.96445 ], [ 8.90096, 45.96481 ], [ 8.89414, 45.96384 ], [ 8.89366, 45.95898 ], [ 8.89665, 45.95475 ], [ 8.89671, 45.95133 ], [ 8.89807, 45.94936 ], [ 8.90358, 45.94783 ], [ 8.90538, 45.94679 ], [ 8.90766, 45.94682 ], [ 8.90829, 45.94672 ], [ 8.90891, 45.94616 ], [ 8.91207, 45.94596 ], [ 8.91227, 45.94548 ], [ 8.91416, 45.94448 ], [ 8.91531, 45.94431 ], [ 8.9168, 45.9431 ], [ 8.92688, 45.93974 ], [ 8.92857, 45.9419 ], [ 8.92795, 45.94297 ], [ 8.92919, 45.94352 ], [ 8.93014, 45.94338 ], [ 8.93192, 45.94247 ], [ 8.93257, 45.94249 ], [ 8.93374, 45.94484 ], [ 8.93325, 45.94547 ], [ 8.93459, 45.94601 ], [ 8.93553, 45.94783 ], [ 8.93686, 45.94908 ], [ 8.93687, 45.95024 ], [ 8.93943, 45.95161 ], [ 8.93919, 45.95219 ], [ 8.93998, 45.95252 ], [ 8.93978, 45.95281 ], [ 8.94067, 45.95305 ], [ 8.94046, 45.9535 ], [ 8.94104, 45.95367 ], [ 8.94205, 45.95576 ], [ 8.9427, 45.95821 ], [ 8.94346, 45.9584 ], [ 8.94384, 45.95927 ], [ 8.94355, 45.95967 ], [ 8.94394, 45.95992 ], [ 8.94408, 45.96136 ], [ 8.94321, 45.96226 ], [ 8.94345, 45.96279 ], [ 8.94314, 45.96296 ], [ 8.94324, 45.96646 ], [ 8.9441, 45.96802 ], [ 8.94487, 45.96866 ], [ 8.94521, 45.96984 ], [ 8.94705, 45.97089 ], [ 8.95227, 45.97658 ], [ 8.95216, 45.97796 ], [ 8.96252, 45.97385 ], [ 8.96415, 45.97616 ], [ 8.96488, 45.97982 ], [ 8.96708, 45.98415 ], [ 8.97725, 45.98304 ], [ 8.97764, 45.98231 ], [ 8.97867, 45.98216 ], [ 8.97829, 45.98154 ], [ 8.97876, 45.98083 ], [ 8.97998, 45.98032 ], [ 8.98065, 45.97967 ], [ 8.98231, 45.97958 ], [ 8.9834, 45.9792 ], [ 8.98334, 45.97876 ], [ 8.98366, 45.97851 ], [ 8.9849, 45.97863 ], [ 8.98657, 45.97811 ], [ 8.9869, 45.97772 ], [ 8.98976, 45.97717 ], [ 8.99089, 45.97591 ], [ 8.99085, 45.97458 ], [ 8.99008, 45.97255 ], [ 8.99096, 45.97168 ], [ 8.99235, 45.97256 ], [ 8.99331, 45.97192 ], [ 8.99465, 45.97164 ], [ 8.99582, 45.97283 ], [ 8.99632, 45.97438 ], [ 8.99583, 45.97508 ], [ 8.99607, 45.97592 ], [ 8.99506, 45.97688 ], [ 8.99547, 45.97768 ], [ 8.99533, 45.97822 ], [ 8.99602, 45.97875 ], [ 8.99529, 45.98049 ], [ 9.00109, 45.98036 ], [ 9.00182, 45.98018 ], [ 9.0023, 45.97949 ], [ 9.00466, 45.97977 ], [ 9.00526, 45.98033 ], [ 9.00735, 45.9803 ], [ 9.00833, 45.98076 ], [ 9.00876, 45.98206 ], [ 9.01115, 45.98318 ], [ 9.01084, 45.9853 ], [ 9.01158, 45.9867 ], [ 9.01136, 45.9879 ], [ 9.01322, 45.98876 ], [ 9.0159, 45.98785 ], [ 9.01808, 45.98765 ], [ 9.0225, 45.98954 ], [ 9.02289, 45.99276 ], [ 9.02846, 45.99363 ], [ 9.02507, 46.00027 ], [ 9.02451, 46.00076 ], [ 9.02254, 46.01686 ], [ 9.02131, 46.01756 ], [ 9.02079, 46.01863 ], [ 9.01926, 46.01929 ], [ 9.01836, 46.02059 ], [ 9.01526, 46.02213 ], [ 9.01476, 46.02343 ], [ 9.0141, 46.02413 ], [ 9.00907, 46.02684 ], [ 9.00965, 46.02737 ], [ 9.00759, 46.0298 ], [ 9.00881, 46.03157 ], [ 9.00952, 46.03729 ], [ 9.01689, 46.0431 ], [ 9.01751, 46.04478 ], [ 9.01675, 46.0454 ], [ 9.01595, 46.04674 ], [ 9.01686, 46.04797 ], [ 9.01721, 46.04973 ], [ 9.02035, 46.05173 ], [ 9.02248, 46.05204 ], [ 9.02267, 46.05269 ], [ 9.02564, 46.05245 ], [ 9.02734, 46.05304 ], [ 9.02876, 46.05302 ], [ 9.0344, 46.05579 ], [ 9.03657, 46.05728 ], [ 9.03798, 46.05758 ], [ 9.03937, 46.05894 ], [ 9.04355, 46.05935 ], [ 9.04477, 46.05897 ], [ 9.04653, 46.05995 ], [ 9.04797, 46.06156 ], [ 9.05023, 46.06236 ], [ 9.05542, 46.06214 ], [ 9.05638, 46.06116 ], [ 9.05772, 46.06077 ], [ 9.05878, 46.06102 ], [ 9.06042, 46.06066 ], [ 9.06519, 46.06194 ], [ 9.06674, 46.06207 ], [ 9.06767, 46.06175 ], [ 9.07033, 46.06264 ], [ 9.07396, 46.06254 ], [ 9.07607, 46.06388 ], [ 9.07714, 46.06412 ], [ 9.0783, 46.06532 ], [ 9.07869, 46.0672 ], [ 9.07832, 46.06889 ], [ 9.07789, 46.06934 ], [ 9.078, 46.07094 ], [ 9.07858, 46.07227 ], [ 9.07862, 46.07493 ], [ 9.07907, 46.07592 ], [ 9.08033, 46.07681 ], [ 9.08266, 46.07746 ], [ 9.0842, 46.07874 ], [ 9.08407, 46.07953 ], [ 9.08943, 46.08569 ], [ 9.08962, 46.08702 ], [ 9.08915, 46.09007 ], [ 9.08127, 46.10216 ], [ 9.07973, 46.10658 ], [ 9.07805, 46.10931 ], [ 9.0779, 46.11023 ], [ 9.07661, 46.11093 ], [ 9.07499, 46.11322 ], [ 9.07387, 46.11413 ], [ 9.07322, 46.11674 ], [ 9.07248, 46.11792 ], [ 9.07032, 46.11906 ], [ 9.06879, 46.11915 ], [ 9.06027, 46.11702 ], [ 9.05467, 46.11426 ], [ 9.05235, 46.11344 ], [ 9.04146, 46.11306 ], [ 9.03386, 46.11116 ], [ 9.03307, 46.11052 ], [ 9.03239, 46.10898 ], [ 9.03132, 46.10777 ], [ 9.03038, 46.1048 ], [ 9.02868, 46.10351 ], [ 9.02841, 46.10296 ], [ 9.02768, 46.1028 ], [ 9.02749, 46.10081 ], [ 9.02523, 46.10048 ], [ 9.02707, 46.0985 ], [ 9.02761, 46.0956 ], [ 9.02679, 46.09417 ], [ 9.02533, 46.09288 ], [ 9.02498, 46.09167 ], [ 9.02453, 46.09171 ], [ 9.02549, 46.08839 ], [ 9.02519, 46.08661 ], [ 9.02422, 46.08622 ], [ 9.02253, 46.08642 ], [ 9.02259, 46.08556 ], [ 9.02198, 46.08445 ], [ 9.02075, 46.08497 ], [ 9.01686, 46.08502 ], [ 9.01727, 46.08374 ], [ 9.01712, 46.08273 ], [ 9.01838, 46.08031 ], [ 9.01811, 46.07981 ], [ 9.01463, 46.07846 ], [ 9.0125, 46.07845 ], [ 9.01141, 46.078 ], [ 9.00778, 46.07757 ], [ 9.00634, 46.0769 ], [ 9.0058, 46.0762 ], [ 9.00423, 46.07523 ], [ 9.00252, 46.07477 ], [ 9.0025, 46.07398 ], [ 9.00059, 46.07406 ], [ 8.99904, 46.07335 ], [ 8.99764, 46.07357 ], [ 8.99686, 46.07297 ], [ 8.99584, 46.07316 ], [ 8.99427, 46.07267 ], [ 8.99322, 46.07197 ], [ 8.99181, 46.07189 ], [ 8.98944, 46.07121 ], [ 8.9873, 46.06938 ], [ 8.98439, 46.06888 ], [ 8.98369, 46.06797 ], [ 8.98289, 46.06762 ], [ 8.98276, 46.06697 ], [ 8.97972, 46.06496 ], [ 8.9793, 46.06435 ], [ 8.9796, 46.06396 ], [ 8.97934, 46.06324 ], [ 8.97781, 46.06269 ], [ 8.97746, 46.06195 ], [ 8.97739, 46.06041 ], [ 8.97681, 46.05986 ], [ 8.97681, 46.05889 ], [ 8.9781, 46.05742 ], [ 8.9779, 46.05501 ], [ 8.97669, 46.05387 ], [ 8.97507, 46.05359 ], [ 8.9749, 46.05271 ], [ 8.97576, 46.05071 ], [ 8.97505, 46.05049 ], [ 8.97414, 46.04958 ], [ 8.97465, 46.04905 ], [ 8.9729, 46.04772 ], [ 8.97284, 46.04739 ], [ 8.97312, 46.04737 ], [ 8.97183, 46.04541 ], [ 8.97293, 46.04228 ], [ 8.97242, 46.04028 ], [ 8.97159, 46.03861 ], [ 8.97254, 46.03563 ], [ 8.973, 46.03502 ], [ 8.97267, 46.03471 ], [ 8.97305, 46.0343 ], [ 8.97298, 46.03387 ], [ 8.97233, 46.03255 ], [ 8.97269, 46.03095 ], [ 8.97005, 46.03029 ], [ 8.96942, 46.02957 ], [ 8.96881, 46.02791 ], [ 8.96825, 46.02742 ], [ 8.96632, 46.02699 ], [ 8.96336, 46.02494 ], [ 8.96113, 46.02487 ], [ 8.95992, 46.02442 ], [ 8.95777, 46.02232 ], [ 8.95663, 46.02284 ] ], [ [ 8.96916, 45.99168 ], [ 8.96708, 45.98416 ], [ 8.95606, 45.98394 ], [ 8.95575, 45.98315 ], [ 8.95238, 45.98278 ], [ 8.95014, 45.9842 ], [ 8.94735, 45.98413 ], [ 8.94556, 45.98622 ], [ 8.94377, 45.98609 ], [ 8.94397, 45.98548 ], [ 8.94381, 45.98539 ], [ 8.94319, 45.98611 ], [ 8.94139, 45.98671 ], [ 8.94079, 45.98834 ], [ 8.93978, 45.988 ], [ 8.93849, 45.98642 ], [ 8.93636, 45.98622 ], [ 8.93879, 45.9875 ], [ 8.93914, 45.98866 ], [ 8.94043, 45.99019 ], [ 8.94164, 45.99065 ], [ 8.94436, 45.99268 ], [ 8.94681, 45.99338 ], [ 8.94875, 45.99433 ], [ 8.96225, 45.99415 ], [ 8.96728, 45.99299 ], [ 8.96916, 45.99168 ] ] ] } },
{ "type": "Feature", "properties": { "stadt": "Biel/Bienne" }, "geometry": { "type": "Polygon", "coordinates": [ [ [ 7.21373, 47.12843 ], [ 7.21553, 47.12717 ], [ 7.21718, 47.12826 ], [ 7.21786, 47.12836 ], [ 7.21742, 47.12851 ], [ 7.21825, 47.12918 ], [ 7.21854, 47.12911 ], [ 7.21877, 47.12922 ], [ 7.21846, 47.12934 ], [ 7.21885, 47.12957 ], [ 7.2208, 47.13047 ], [ 7.22187, 47.13021 ], [ 7.22108, 47.13067 ], [ 7.22286, 47.13119 ], [ 7.22366, 47.13171 ], [ 7.22348, 47.13182 ], [ 7.22529, 47.13233 ], [ 7.22642, 47.13304 ], [ 7.22726, 47.13336 ], [ 7.22787, 47.13317 ], [ 7.22903, 47.13375 ], [ 7.23015, 47.13373 ], [ 7.2302, 47.13408 ], [ 7.23119, 47.13351 ], [ 7.23256, 47.13469 ], [ 7.23278, 47.13457 ], [ 7.23196, 47.13393 ], [ 7.23177, 47.13334 ], [ 7.23358, 47.13211 ], [ 7.23435, 47.1321 ], [ 7.232, 47.13102 ], [ 7.23091, 47.12991 ], [ 7.23568, 47.13131 ], [ 7.23615, 47.13036 ], [ 7.23993, 47.12954 ], [ 7.24037, 47.12977 ], [ 7.24191, 47.12798 ], [ 7.24623, 47.13022 ], [ 7.24635, 47.12971 ], [ 7.24707, 47.12915 ], [ 7.24668, 47.12891 ], [ 7.24682, 47.12846 ], [ 7.25254, 47.12604 ], [ 7.25217, 47.12547 ], [ 7.2531, 47.12519 ], [ 7.25267, 47.12453 ], [ 7.25323, 47.12437 ], [ 7.25259, 47.1233 ], [ 7.25439, 47.12218 ], [ 7.25536, 47.1229 ], [ 7.25584, 47.12376 ], [ 7.25866, 47.1233 ], [ 7.26248, 47.12461 ], [ 7.26169, 47.12508 ], [ 7.26239, 47.12518 ], [ 7.26349, 47.12643 ], [ 7.2675, 47.12799 ], [ 7.26658, 47.12944 ], [ 7.26949, 47.13045 ], [ 7.27077, 47.13182 ], [ 7.26889, 47.13313 ], [ 7.26839, 47.13315 ], [ 7.26644, 47.13658 ], [ 7.27017, 47.13804 ], [ 7.27309, 47.13853 ], [ 7.27464, 47.13926 ], [ 7.27518, 47.13807 ], [ 7.27597, 47.13748 ], [ 7.2839, 47.13889 ], [ 7.28332, 47.14043 ], [ 7.28384, 47.14135 ], [ 7.28279, 47.14248 ], [ 7.28422, 47.14243 ], [ 7.28435, 47.14294 ], [ 7.28715, 47.14259 ], [ 7.28734, 47.14412 ], [ 7.28779, 47.14485 ], [ 7.28716, 47.14552 ], [ 7.28519, 47.1463 ], [ 7.29008, 47.14674 ], [ 7.29458, 47.14816 ], [ 7.29416, 47.1483 ], [ 7.29592, 47.14932 ], [ 7.29829, 47.15142 ], [ 7.3001, 47.15243 ], [ 7.29812, 47.15631 ], [ 7.29903, 47.15768 ], [ 7.30227, 47.15836 ], [ 7.30419, 47.15836 ], [ 7.30899, 47.16004 ], [ 7.31274, 47.16067 ], [ 7.31213, 47.16304 ], [ 7.31142, 47.16376 ], [ 7.31114, 47.16369 ], [ 7.31097, 47.16459 ], [ 7.30817, 47.16426 ], [ 7.30373, 47.16307 ], [ 7.30266, 47.16478 ], [ 7.30084, 47.16364 ], [ 7.29871, 47.1655 ], [ 7.29704, 47.16519 ], [ 7.29707, 47.16597 ], [ 7.29756, 47.16656 ], [ 7.29725, 47.16748 ], [ 7.29328, 47.17309 ], [ 7.29389, 47.17464 ], [ 7.29298, 47.17705 ], [ 7.28886, 47.17603 ], [ 7.28565, 47.17463 ], [ 7.27456, 47.17167 ], [ 7.27176, 47.17124 ], [ 7.27046, 47.16825 ], [ 7.26712, 47.16834 ], [ 7.26505, 47.16737 ], [ 7.2606, 47.16822 ], [ 7.26024, 47.16734 ], [ 7.25869, 47.16684 ], [ 7.25748, 47.16777 ], [ 7.25437, 47.16753 ], [ 7.25323, 47.16798 ], [ 7.25241, 47.16747 ], [ 7.25174, 47.16633 ], [ 7.25058, 47.16659 ], [ 7.24993, 47.16618 ], [ 7.24701, 47.16552 ], [ 7.24527, 47.16479 ], [ 7.24461, 47.16394 ], [ 7.2431, 47.16314 ], [ 7.24215, 47.16336 ], [ 7.24111, 47.16242 ], [ 7.23833, 47.16197 ], [ 7.23732, 47.15977 ], [ 7.23473, 47.15888 ], [ 7.23339, 47.15788 ], [ 7.23292, 47.1568 ], [ 7.23129, 47.15619 ], [ 7.23088, 47.15562 ], [ 7.22747, 47.15385 ], [ 7.23588, 47.15442 ], [ 7.2448, 47.15722 ], [ 7.24945, 47.15617 ], [ 7.24894, 47.15559 ], [ 7.24891, 47.1548 ], [ 7.24756, 47.15394 ], [ 7.24741, 47.15338 ], [ 7.24494, 47.15161 ], [ 7.24182, 47.14995 ], [ 7.2417, 47.1487 ], [ 7.2403, 47.14721 ], [ 7.23609, 47.14678 ], [ 7.23557, 47.1455 ], [ 7.23178, 47.14387 ], [ 7.22979, 47.14436 ], [ 7.22953, 47.14484 ], [ 7.22765, 47.14434 ], [ 7.22239, 47.14211 ], [ 7.22029, 47.14069 ], [ 7.21963, 47.14087 ], [ 7.21851, 47.14006 ], [ 7.21683, 47.1399 ], [ 7.21463, 47.13885 ], [ 7.21413, 47.1391 ], [ 7.21319, 47.13835 ], [ 7.21202, 47.13895 ], [ 7.20804, 47.1367 ], [ 7.20799, 47.13626 ], [ 7.20589, 47.13484 ], [ 7.20527, 47.13514 ], [ 7.20419, 47.13375 ], [ 7.20262, 47.13278 ], [ 7.20111, 47.13294 ], [ 7.20326, 47.13125 ], [ 7.20697, 47.12907 ], [ 7.20776, 47.12907 ], [ 7.21212, 47.12757 ], [ 7.21373, 47.12843 ] ] ] } },
{ "type": "Feature", "properties": { "stadt": "Luxemburg" }, "geometry": { "type": "Polygon", "coordinates": [ [ [ 6.10174, 49.56497 ], [ 6.10174, 49.56465 ], [ 6.10212, 49.56466 ], [ 6.10619, 49.56674 ], [ 6.10915, 49.56652 ], [ 6.10823, 49.5621 ], [ 6.11371, 49.56099 ], [ 6.11566, 49.56103 ], [ 6.11628, 49.56228 ], [ 6.11926, 49.56534 ], [ 6.11772, 49.56499 ], [ 6.11738, 49.56612 ], [ 6.11547, 49.56809 ], [ 6.1202, 49.56863 ], [ 6.12125, 49.5693 ], [ 6.12433, 49.57003 ], [ 6.12568, 49.57073 ], [ 6.1234, 49.57318 ], [ 6.12274, 49.57445 ], [ 6.11981, 49.57419 ], [ 6.12023, 49.57528 ], [ 6.12181, 49.5764 ], [ 6.1232, 49.57808 ], [ 6.12404, 49.58029 ], [ 6.12547, 49.58135 ], [ 6.12727, 49.58214 ], [ 6.12885, 49.58038 ], [ 6.1304, 49.57938 ], [ 6.13164, 49.58074 ], [ 6.13326, 49.58159 ], [ 6.13423, 49.58338 ], [ 6.13586, 49.58393 ], [ 6.13598, 49.58494 ], [ 6.1349, 49.58576 ], [ 6.13516, 49.5861 ], [ 6.13899, 49.58806 ], [ 6.14191, 49.58906 ], [ 6.14232, 49.58853 ], [ 6.14495, 49.58985 ], [ 6.14645, 49.58878 ], [ 6.15039, 49.59096 ], [ 6.14898, 49.5919 ], [ 6.15082, 49.59203 ], [ 6.15349, 49.59355 ], [ 6.15373, 49.59372 ], [ 6.15312, 49.59513 ], [ 6.16071, 49.60141 ], [ 6.16366, 49.60299 ], [ 6.16349, 49.60328 ], [ 6.16435, 49.60341 ], [ 6.16644, 49.60451 ], [ 6.16767, 49.60551 ], [ 6.16902, 49.60573 ], [ 6.17108, 49.60682 ], [ 6.17287, 49.6068 ], [ 6.17529, 49.60763 ], [ 6.17761, 49.60752 ], [ 6.17904, 49.60698 ], [ 6.18123, 49.60704 ], [ 6.18468, 49.60827 ], [ 6.18702, 49.60775 ], [ 6.18763, 49.6072 ], [ 6.18764, 49.60658 ], [ 6.18823, 49.60572 ], [ 6.18985, 49.60511 ], [ 6.18983, 49.60488 ], [ 6.19181, 49.60489 ], [ 6.19347, 49.60606 ], [ 6.19566, 49.60701 ], [ 6.20178, 49.61056 ], [ 6.20238, 49.61273 ], [ 6.20365, 49.61304 ], [ 6.2033, 49.61379 ], [ 6.20128, 49.61401 ], [ 6.19969, 49.61458 ], [ 6.1985, 49.61585 ], [ 6.19893, 49.61601 ], [ 6.19726, 49.617 ], [ 6.19527, 49.61734 ], [ 6.19399, 49.61791 ], [ 6.19133, 49.61811 ], [ 6.19123, 49.61909 ], [ 6.1898, 49.61902 ], [ 6.18951, 49.62037 ], [ 6.19034, 49.62026 ], [ 6.19041, 49.62084 ], [ 6.19148, 49.62085 ], [ 6.18543, 49.62145 ], [ 6.19035, 49.62278 ], [ 6.18929, 49.62556 ], [ 6.18373, 49.62402 ], [ 6.18303, 49.62448 ], [ 6.18067, 49.62399 ], [ 6.18048, 49.62324 ], [ 6.17911, 49.62366 ], [ 6.17831, 49.62427 ], [ 6.17947, 49.62488 ], [ 6.17921, 49.62536 ], [ 6.17982, 49.62578 ], [ 6.17949, 49.6262 ], [ 6.18165, 49.62759 ], [ 6.18109, 49.62838 ], [ 6.18111, 49.62894 ], [ 6.18247, 49.62947 ], [ 6.18223, 49.6301 ], [ 6.18321, 49.63038 ], [ 6.18303, 49.63075 ], [ 6.18328, 49.63106 ], [ 6.18609, 49.63236 ], [ 6.18588, 49.63255 ], [ 6.18523, 49.63226 ], [ 6.18489, 49.63294 ], [ 6.18204, 49.6351 ], [ 6.18281, 49.63564 ], [ 6.18263, 49.6365 ], [ 6.18049, 49.63627 ], [ 6.17918, 49.63698 ], [ 6.17385, 49.6373 ], [ 6.17261, 49.63775 ], [ 6.1707, 49.63789 ], [ 6.16904, 49.6377 ], [ 6.16516, 49.63876 ], [ 6.1634, 49.6383 ], [ 6.15837, 49.63838 ], [ 6.15509, 49.6379 ], [ 6.15254, 49.63696 ], [ 6.1511, 49.63677 ], [ 6.14686, 49.63524 ], [ 6.14582, 49.63444 ], [ 6.14276, 49.6331 ], [ 6.14348, 49.63378 ], [ 6.14334, 49.63396 ], [ 6.14588, 49.63616 ], [ 6.14877, 49.63737 ], [ 6.15441, 49.63921 ], [ 6.16431, 49.64069 ], [ 6.16313, 49.64177 ], [ 6.16416, 49.64371 ], [ 6.16542, 49.64484 ], [ 6.16515, 49.64496 ], [ 6.16359, 49.644 ], [ 6.16251, 49.64231 ], [ 6.15352, 49.6413 ], [ 6.15277, 49.64224 ], [ 6.15253, 49.64191 ], [ 6.15024, 49.64142 ], [ 6.14872, 49.64184 ], [ 6.15041, 49.64238 ], [ 6.15159, 49.64342 ], [ 6.15697, 49.64623 ], [ 6.15765, 49.64667 ], [ 6.15748, 49.64692 ], [ 6.15885, 49.64741 ], [ 6.15857, 49.64778 ], [ 6.1597, 49.64886 ], [ 6.15937, 49.64935 ], [ 6.16059, 49.6506 ], [ 6.16109, 49.65294 ], [ 6.15972, 49.65487 ], [ 6.15726, 49.65387 ], [ 6.15794, 49.65339 ], [ 6.15806, 49.65226 ], [ 6.15451, 49.6508 ], [ 6.15332, 49.65052 ], [ 6.15021, 49.65071 ], [ 6.14331, 49.64922 ], [ 6.14368, 49.64962 ], [ 6.14227, 49.64941 ], [ 6.13979, 49.65086 ], [ 6.13874, 49.65049 ], [ 6.13858, 49.65073 ], [ 6.13365, 49.65003 ], [ 6.13345, 49.65031 ], [ 6.12878, 49.64922 ], [ 6.11936, 49.64809 ], [ 6.11847, 49.64837 ], [ 6.11686, 49.65016 ], [ 6.11319, 49.65033 ], [ 6.10795, 49.64892 ], [ 6.10589, 49.64689 ], [ 6.10116, 49.64627 ], [ 6.09143, 49.64601 ], [ 6.07974, 49.64646 ], [ 6.07837, 49.64684 ], [ 6.07722, 49.64457 ], [ 6.07691, 49.64163 ], [ 6.0741, 49.63831 ], [ 6.07302, 49.6364 ], [ 6.06996, 49.63374 ], [ 6.06924, 49.63216 ], [ 6.06939, 49.63081 ], [ 6.07061, 49.62889 ], [ 6.07286, 49.62742 ], [ 6.07932, 49.62868 ], [ 6.08277, 49.62873 ], [ 6.08871, 49.62782 ], [ 6.08783, 49.62708 ], [ 6.09102, 49.62536 ], [ 6.08925, 49.62444 ], [ 6.08911, 49.62321 ], [ 6.09293, 49.62475 ], [ 6.09549, 49.62419 ], [ 6.09881, 49.62415 ], [ 6.10377, 49.62488 ], [ 6.10299, 49.62368 ], [ 6.10133, 49.62303 ], [ 6.10157, 49.62259 ], [ 6.10079, 49.62247 ], [ 6.10099, 49.62219 ], [ 6.09774, 49.61986 ], [ 6.09802, 49.61976 ], [ 6.09756, 49.61859 ], [ 6.09707, 49.61874 ], [ 6.09506, 49.61518 ], [ 6.09329, 49.6155 ], [ 6.09166, 49.61332 ], [ 6.09069, 49.61334 ], [ 6.08784, 49.60899 ], [ 6.0852, 49.60703 ], [ 6.08119, 49.60498 ], [ 6.0816, 49.60426 ], [ 6.08101, 49.60431 ], [ 6.08095, 49.60319 ], [ 6.07829, 49.60322 ], [ 6.07851, 49.60159 ], [ 6.07712, 49.60148 ], [ 6.07698, 49.60189 ], [ 6.07466, 49.60105 ], [ 6.07559, 49.60002 ], [ 6.0756, 49.59699 ], [ 6.07676, 49.59689 ], [ 6.07783, 49.59551 ], [ 6.07142, 49.59066 ], [ 6.06929, 49.58982 ], [ 6.06988, 49.58866 ], [ 6.07059, 49.58881 ], [ 6.07098, 49.58769 ], [ 6.07294, 49.58931 ], [ 6.07376, 49.58934 ], [ 6.07423, 49.58977 ], [ 6.07436, 49.58939 ], [ 6.07619, 49.58935 ], [ 6.07675, 49.5875 ], [ 6.07623, 49.58728 ], [ 6.07929, 49.58524 ], [ 6.07976, 49.58437 ], [ 6.07906, 49.5842 ], [ 6.07814, 49.58133 ], [ 6.07856, 49.58088 ], [ 6.07823, 49.58041 ], [ 6.07923, 49.57911 ], [ 6.07903, 49.57823 ], [ 6.0794, 49.57738 ], [ 6.08113, 49.57766 ], [ 6.08325, 49.5771 ], [ 6.08492, 49.57623 ], [ 6.09351, 49.57851 ], [ 6.09412, 49.57735 ], [ 6.09398, 49.57557 ], [ 6.09527, 49.57518 ], [ 6.09819, 49.57145 ], [ 6.09936, 49.57119 ], [ 6.1004, 49.57157 ], [ 6.10278, 49.57096 ], [ 6.10432, 49.57014 ], [ 6.10362, 49.56917 ], [ 6.10185, 49.56828 ], [ 6.09962, 49.56646 ], [ 6.10174, 49.56497 ] ] ] } },
{ "type": "Feature", "properties": { "stadt": "Tübingen" }, "geometry": { "type": "Polygon", "coordinates": [ [ [ 8.98938, 48.51308 ], [ 8.99074, 48.51403 ], [ 8.99197, 48.51386 ], [ 8.99401, 48.5117 ], [ 8.99441, 48.51287 ], [ 8.9952, 48.5139 ], [ 8.9965, 48.51418 ], [ 8.9973, 48.51396 ], [ 8.99666, 48.51347 ], [ 8.99605, 48.5122 ], [ 8.9962, 48.51165 ], [ 8.99754, 48.51018 ], [ 8.99693, 48.50939 ], [ 8.99724, 48.50836 ], [ 8.99896, 48.5081 ], [ 8.99886, 48.50641 ], [ 8.99728, 48.50639 ], [ 8.99532, 48.50745 ], [ 8.99023, 48.50657 ], [ 8.98653, 48.50765 ], [ 8.98593, 48.5081 ], [ 8.98418, 48.50761 ], [ 8.98361, 48.50723 ], [ 8.98392, 48.50639 ], [ 8.98296, 48.50642 ], [ 8.98234, 48.50592 ], [ 8.98237, 48.50477 ], [ 8.98198, 48.50451 ], [ 8.983, 48.50368 ], [ 8.98292, 48.5033 ], [ 8.97982, 48.50388 ], [ 8.97973, 48.50079 ], [ 8.97861, 48.50079 ], [ 8.97839, 48.49531 ], [ 8.97729, 48.49545 ], [ 8.97718, 48.49498 ], [ 8.97636, 48.49514 ], [ 8.97567, 48.49378 ], [ 8.97612, 48.49336 ], [ 8.97484, 48.49259 ], [ 8.97473, 48.49206 ], [ 8.97565, 48.49105 ], [ 8.97774, 48.49242 ], [ 8.9789, 48.49126 ], [ 8.98162, 48.49213 ], [ 8.9856, 48.49284 ], [ 8.98786, 48.49289 ], [ 8.98824, 48.49083 ], [ 8.98941, 48.4892 ], [ 8.99059, 48.48968 ], [ 8.99089, 48.48861 ], [ 8.99075, 48.4879 ], [ 8.98538, 48.48581 ], [ 8.98429, 48.48481 ], [ 8.98666, 48.48295 ], [ 8.9882, 48.48129 ], [ 8.98499, 48.47959 ], [ 8.98569, 48.47871 ], [ 8.98761, 48.47933 ], [ 8.98966, 48.47638 ], [ 8.99065, 48.47383 ], [ 8.99277, 48.47343 ], [ 8.99464, 48.47221 ], [ 8.99539, 48.47066 ], [ 8.99589, 48.4686 ], [ 8.99643, 48.46805 ], [ 8.99629, 48.46779 ], [ 8.99881, 48.46576 ], [ 8.99832, 48.46522 ], [ 8.99817, 48.46437 ], [ 8.99866, 48.46419 ], [ 8.99844, 48.46334 ], [ 8.99881, 48.4633 ], [ 8.99938, 48.46196 ], [ 9.00055, 48.46162 ], [ 9.001, 48.46107 ], [ 9.00069, 48.46048 ], [ 9.00086, 48.46001 ], [ 9.00019, 48.45978 ], [ 9.0004, 48.4588 ], [ 8.99927, 48.45868 ], [ 8.99849, 48.45755 ], [ 8.99903, 48.45751 ], [ 8.99862, 48.4572 ], [ 8.99929, 48.4569 ], [ 8.99933, 48.45659 ], [ 8.99964, 48.45681 ], [ 8.99983, 48.45653 ], [ 9.00028, 48.45661 ], [ 9.00007, 48.45641 ], [ 9.00068, 48.45587 ], [ 9.00026, 48.45549 ], [ 9.00186, 48.45445 ], [ 9.00152, 48.45413 ], [ 9.0019, 48.45384 ], [ 9.00173, 48.45356 ], [ 9.00385, 48.4525 ], [ 9.00498, 48.45295 ], [ 9.00662, 48.4525 ], [ 9.0067, 48.45212 ], [ 9.00711, 48.45205 ], [ 9.00657, 48.45145 ], [ 9.00841, 48.45073 ], [ 9.00941, 48.451 ], [ 9.01051, 48.45058 ], [ 9.0114, 48.45121 ], [ 9.01192, 48.45093 ], [ 9.01276, 48.45091 ], [ 9.01285, 48.45115 ], [ 9.01432, 48.45097 ], [ 9.01472, 48.45059 ], [ 9.01517, 48.45085 ], [ 9.01763, 48.4506 ], [ 9.02145, 48.4508 ], [ 9.02395, 48.45285 ], [ 9.02205, 48.45385 ], [ 9.0196, 48.45442 ], [ 9.01798, 48.45552 ], [ 9.01831, 48.45863 ], [ 9.01877, 48.45908 ], [ 9.02952, 48.46168 ], [ 9.034, 48.46241 ], [ 9.03649, 48.46227 ], [ 9.03882, 48.46269 ], [ 9.04167, 48.4641 ], [ 9.04509, 48.46459 ], [ 9.04585, 48.46544 ], [ 9.04703, 48.46554 ], [ 9.04923, 48.4667 ], [ 9.0504, 48.46689 ], [ 9.05053, 48.46751 ], [ 9.04896, 48.46959 ], [ 9.04984, 48.47026 ], [ 9.0541, 48.47182 ], [ 9.05489, 48.47134 ], [ 9.05703, 48.47265 ], [ 9.05662, 48.47378 ], [ 9.05761, 48.47345 ], [ 9.05859, 48.47459 ], [ 9.06119, 48.47489 ], [ 9.06166, 48.47603 ], [ 9.06269, 48.47699 ], [ 9.06396, 48.48198 ], [ 9.06594, 48.48459 ], [ 9.06632, 48.48578 ], [ 9.06771, 48.48477 ], [ 9.06703, 48.4839 ], [ 9.06983, 48.48366 ], [ 9.07163, 48.48279 ], [ 9.07273, 48.48341 ], [ 9.07514, 48.48384 ], [ 9.07546, 48.48498 ], [ 9.0764, 48.48584 ], [ 9.0751, 48.48656 ], [ 9.07545, 48.48712 ], [ 9.0747, 48.48764 ], [ 9.07458, 48.48813 ], [ 9.07556, 48.48963 ], [ 9.07684, 48.48858 ], [ 9.07603, 48.4876 ], [ 9.0783, 48.4865 ], [ 9.08171, 48.48585 ], [ 9.08179, 48.48685 ], [ 9.07875, 48.48957 ], [ 9.07793, 48.49179 ], [ 9.07397, 48.49226 ], [ 9.0739, 48.49381 ], [ 9.07465, 48.49821 ], [ 9.07651, 48.49891 ], [ 9.07653, 48.50015 ], [ 9.08174, 48.50089 ], [ 9.08033, 48.50343 ], [ 9.07901, 48.50496 ], [ 9.07929, 48.50528 ], [ 9.08164, 48.50476 ], [ 9.08275, 48.50349 ], [ 9.08555, 48.50239 ], [ 9.08519, 48.50557 ], [ 9.08697, 48.506 ], [ 9.08842, 48.50847 ], [ 9.08838, 48.50903 ], [ 9.08659, 48.51011 ], [ 9.08881, 48.51202 ], [ 9.08984, 48.5116 ], [ 9.09211, 48.51189 ], [ 9.09322, 48.5125 ], [ 9.09417, 48.51365 ], [ 9.09577, 48.51432 ], [ 9.09906, 48.5135 ], [ 9.10005, 48.51289 ], [ 9.10277, 48.51355 ], [ 9.10106, 48.51545 ], [ 9.10216, 48.51565 ], [ 9.10315, 48.51522 ], [ 9.10398, 48.51552 ], [ 9.10382, 48.51626 ], [ 9.10674, 48.51749 ], [ 9.10673, 48.51904 ], [ 9.10591, 48.51907 ], [ 9.1061, 48.51964 ], [ 9.10965, 48.523 ], [ 9.11157, 48.52628 ], [ 9.10733, 48.52946 ], [ 9.11223, 48.53205 ], [ 9.11991, 48.53343 ], [ 9.12429, 48.53297 ], [ 9.12479, 48.53518 ], [ 9.13004, 48.53483 ], [ 9.12946, 48.5363 ], [ 9.12736, 48.53687 ], [ 9.12718, 48.53723 ], [ 9.12527, 48.53799 ], [ 9.12456, 48.54161 ], [ 9.12486, 48.54229 ], [ 9.12774, 48.54282 ], [ 9.13107, 48.54426 ], [ 9.12898, 48.54576 ], [ 9.12872, 48.54743 ], [ 9.12798, 48.54862 ], [ 9.12549, 48.55005 ], [ 9.12137, 48.55147 ], [ 9.11982, 48.55263 ], [ 9.11801, 48.55665 ], [ 9.11857, 48.55818 ], [ 9.12165, 48.56024 ], [ 9.12535, 48.5663 ], [ 9.12833, 48.56939 ], [ 9.12789, 48.57018 ], [ 9.12781, 48.57242 ], [ 9.12725, 48.57379 ], [ 9.12622, 48.58169 ], [ 9.1259, 48.58209 ], [ 9.12478, 48.58223 ], [ 9.12334, 48.58172 ], [ 9.12281, 48.58201 ], [ 9.12092, 48.58144 ], [ 9.11977, 48.5815 ], [ 9.11899, 48.58178 ], [ 9.11959, 48.58234 ], [ 9.11914, 48.58242 ], [ 9.11865, 48.58302 ], [ 9.11742, 48.58342 ], [ 9.11609, 48.58335 ], [ 9.11237, 48.58205 ], [ 9.09946, 48.58093 ], [ 9.0961, 48.57966 ], [ 9.09483, 48.57858 ], [ 9.09398, 48.57856 ], [ 9.09387, 48.57916 ], [ 9.09501, 48.58024 ], [ 9.09485, 48.58124 ], [ 9.09384, 48.58246 ], [ 9.09478, 48.58544 ], [ 9.09195, 48.58637 ], [ 9.08933, 48.58598 ], [ 9.08532, 48.58806 ], [ 9.08065, 48.58464 ], [ 9.07871, 48.59 ], [ 9.0762, 48.5901 ], [ 9.07085, 48.59366 ], [ 9.06561, 48.59334 ], [ 9.06214, 48.59217 ], [ 9.05692, 48.59145 ], [ 9.05648, 48.59366 ], [ 9.05309, 48.59316 ], [ 9.05206, 48.59341 ], [ 9.05188, 48.5929 ], [ 9.05119, 48.59281 ], [ 9.04992, 48.59169 ], [ 9.04832, 48.59145 ], [ 9.04697, 48.5906 ], [ 9.04567, 48.59051 ], [ 9.045, 48.58984 ], [ 9.04525, 48.58958 ], [ 9.04508, 48.58872 ], [ 9.04445, 48.58871 ], [ 9.04407, 48.5882 ], [ 9.04365, 48.58838 ], [ 9.04323, 48.58781 ], [ 9.04215, 48.58806 ], [ 9.04109, 48.58782 ], [ 9.03992, 48.58688 ], [ 9.04012, 48.5861 ], [ 9.0392, 48.58555 ], [ 9.03968, 48.58493 ], [ 9.03813, 48.58469 ], [ 9.03839, 48.58422 ], [ 9.03802, 48.58388 ], [ 9.03849, 48.58386 ], [ 9.03823, 48.58354 ], [ 9.0383, 48.58175 ], [ 9.03773, 48.58146 ], [ 9.03793, 48.58117 ], [ 9.03704, 48.58085 ], [ 9.03748, 48.58046 ], [ 9.03723, 48.58012 ], [ 9.03596, 48.5799 ], [ 9.03585, 48.57848 ], [ 9.03528, 48.57795 ], [ 9.03498, 48.57678 ], [ 9.03529, 48.57633 ], [ 9.03484, 48.57596 ], [ 9.03411, 48.57637 ], [ 9.03192, 48.5758 ], [ 9.03137, 48.57311 ], [ 9.03035, 48.57148 ], [ 9.02998, 48.57013 ], [ 9.02788, 48.56926 ], [ 9.02605, 48.56755 ], [ 9.02079, 48.5643 ], [ 9.02067, 48.56361 ], [ 9.01985, 48.56289 ], [ 9.01689, 48.5617 ], [ 9.01621, 48.56089 ], [ 9.01511, 48.55913 ], [ 9.01507, 48.5584 ], [ 9.0198, 48.55625 ], [ 9.01959, 48.55567 ], [ 9.01836, 48.55633 ], [ 9.01715, 48.5564 ], [ 9.01562, 48.55515 ], [ 9.01594, 48.55581 ], [ 9.0134, 48.55596 ], [ 9.01397, 48.55498 ], [ 9.01259, 48.5535 ], [ 9.00836, 48.55278 ], [ 9.00714, 48.55225 ], [ 9.00592, 48.55125 ], [ 9.00394, 48.55052 ], [ 8.99538, 48.55253 ], [ 8.99143, 48.54971 ], [ 8.98947, 48.54937 ], [ 8.98767, 48.54642 ], [ 8.9862, 48.54636 ], [ 8.98491, 48.54552 ], [ 8.98579, 48.54489 ], [ 8.98635, 48.54357 ], [ 8.9859, 48.54174 ], [ 8.98275, 48.54219 ], [ 8.9821, 48.54347 ], [ 8.98007, 48.54188 ], [ 8.97973, 48.54224 ], [ 8.97921, 48.54201 ], [ 8.97614, 48.53972 ], [ 8.97491, 48.53843 ], [ 8.97444, 48.53606 ], [ 8.97649, 48.53562 ], [ 8.97683, 48.53481 ], [ 8.97642, 48.53457 ], [ 8.9771, 48.53366 ], [ 8.97567, 48.5328 ], [ 8.97323, 48.53195 ], [ 8.9736, 48.53157 ], [ 8.97249, 48.53095 ], [ 8.97017, 48.53113 ], [ 8.96918, 48.52995 ], [ 8.97102, 48.5286 ], [ 8.97393, 48.52708 ], [ 8.97386, 48.5267 ], [ 8.97349, 48.52599 ], [ 8.96466, 48.51735 ], [ 8.96517, 48.51394 ], [ 8.97015, 48.51432 ], [ 8.97222, 48.51387 ], [ 8.97445, 48.51447 ], [ 8.97585, 48.51314 ], [ 8.9769, 48.51338 ], [ 8.97932, 48.51469 ], [ 8.98003, 48.51413 ], [ 8.98047, 48.51451 ], [ 8.98142, 48.51452 ], [ 8.98241, 48.51337 ], [ 8.98938, 48.51308 ] ], [ [ 9.0082, 48.51642 ], [ 9.00979, 48.51631 ], [ 9.00943, 48.51572 ], [ 9.0075, 48.51432 ], [ 9.00748, 48.51359 ], [ 9.00834, 48.5121 ], [ 9.01091, 48.51094 ], [ 9.01269, 48.51067 ], [ 9.00794, 48.50982 ], [ 9.00506, 48.51019 ], [ 9.00206, 48.50896 ], [ 9.00222, 48.51132 ], [ 9.00276, 48.51264 ], [ 9.00247, 48.51307 ], [ 9.00271, 48.514 ], [ 9.00406, 48.51427 ], [ 9.00419, 48.51556 ], [ 9.0082, 48.51642 ] ], [ [ 8.99679, 48.52105 ], [ 8.99627, 48.52041 ], [ 8.99529, 48.5175 ], [ 8.99374, 48.51755 ], [ 8.98655, 48.51658 ], [ 8.98674, 48.51761 ], [ 8.98526, 48.51795 ], [ 8.98372, 48.5169 ], [ 8.98001, 48.51769 ], [ 8.98129, 48.5186 ], [ 8.97695, 48.51937 ], [ 8.97796, 48.5207 ], [ 8.98, 48.52039 ], [ 8.98041, 48.5216 ], [ 8.98609, 48.52074 ], [ 8.98651, 48.52196 ], [ 8.9896, 48.52093 ], [ 8.99061, 48.52113 ], [ 8.99064, 48.52153 ], [ 8.99166, 48.52194 ], [ 8.99346, 48.52228 ], [ 8.99504, 48.52137 ], [ 8.99679, 48.52105 ] ] ] } },
{ "type": "Feature", "properties": { "stadt": "Pirmasens" }, "geometry": { "type": "Polygon", "coordinates": [ [ [ 7.61915, 49.16079 ], [ 7.62404, 49.16034 ], [ 7.62595, 49.16111 ], [ 7.62855, 49.16141 ], [ 7.62935, 49.16123 ], [ 7.63539, 49.16324 ], [ 7.63636, 49.165 ], [ 7.63821, 49.16674 ], [ 7.63837, 49.16864 ], [ 7.63989, 49.1701 ], [ 7.64182, 49.17102 ], [ 7.64101, 49.17239 ], [ 7.64035, 49.17282 ], [ 7.63915, 49.17502 ], [ 7.6364, 49.17485 ], [ 7.63438, 49.17411 ], [ 7.6337, 49.17446 ], [ 7.6322, 49.17444 ], [ 7.63137, 49.17575 ], [ 7.63284, 49.17644 ], [ 7.63244, 49.17677 ], [ 7.63279, 49.17693 ], [ 7.63269, 49.17745 ], [ 7.63236, 49.17744 ], [ 7.63257, 49.17806 ], [ 7.64103, 49.1769 ], [ 7.64129, 49.17885 ], [ 7.64011, 49.17968 ], [ 7.64169, 49.18113 ], [ 7.64466, 49.18282 ], [ 7.65002, 49.18426 ], [ 7.65577, 49.18651 ], [ 7.65575, 49.18693 ], [ 7.65476, 49.18773 ], [ 7.65065, 49.18706 ], [ 7.65233, 49.18847 ], [ 7.65632, 49.19035 ], [ 7.65611, 49.1909 ], [ 7.65447, 49.19187 ], [ 7.65397, 49.19419 ], [ 7.65473, 49.19612 ], [ 7.65551, 49.19672 ], [ 7.65567, 49.19757 ], [ 7.66016, 49.20006 ], [ 7.6626, 49.20309 ], [ 7.66248, 49.20355 ], [ 7.66281, 49.20394 ], [ 7.66951, 49.20983 ], [ 7.6679, 49.20929 ], [ 7.66648, 49.20958 ], [ 7.66243, 49.2132 ], [ 7.66133, 49.21365 ], [ 7.65971, 49.21376 ], [ 7.66, 49.21447 ], [ 7.66239, 49.21427 ], [ 7.66329, 49.21565 ], [ 7.66635, 49.21855 ], [ 7.66746, 49.22177 ], [ 7.67007, 49.22306 ], [ 7.67205, 49.22501 ], [ 7.67397, 49.2283 ], [ 7.67217, 49.2298 ], [ 7.67152, 49.23099 ], [ 7.66926, 49.23226 ], [ 7.6686, 49.23229 ], [ 7.6659, 49.23031 ], [ 7.66644, 49.22982 ], [ 7.66663, 49.22907 ], [ 7.65927, 49.2284 ], [ 7.65932, 49.22813 ], [ 7.65833, 49.22798 ], [ 7.65513, 49.22861 ], [ 7.65334, 49.22862 ], [ 7.6521, 49.22743 ], [ 7.65147, 49.22489 ], [ 7.65057, 49.22384 ], [ 7.64649, 49.22293 ], [ 7.64144, 49.2236 ], [ 7.63683, 49.223 ], [ 7.63618, 49.22347 ], [ 7.63485, 49.22283 ], [ 7.63438, 49.22227 ], [ 7.63181, 49.22241 ], [ 7.62568, 49.2209 ], [ 7.62266, 49.21921 ], [ 7.62087, 49.22024 ], [ 7.6199, 49.21925 ], [ 7.61832, 49.21837 ], [ 7.61645, 49.21783 ], [ 7.6144, 49.21773 ], [ 7.61404, 49.21806 ], [ 7.6141, 49.21963 ], [ 7.61356, 49.22005 ], [ 7.61329, 49.22145 ], [ 7.61423, 49.22394 ], [ 7.61428, 49.22539 ], [ 7.6151, 49.22657 ], [ 7.61407, 49.22782 ], [ 7.61327, 49.22643 ], [ 7.60534, 49.22682 ], [ 7.60526, 49.2264 ], [ 7.60386, 49.2264 ], [ 7.60373, 49.2239 ], [ 7.60173, 49.22414 ], [ 7.60183, 49.22376 ], [ 7.60153, 49.22374 ], [ 7.6009, 49.22587 ], [ 7.60099, 49.22673 ], [ 7.60164, 49.22924 ], [ 7.60286, 49.23096 ], [ 7.6026, 49.23258 ], [ 7.60078, 49.23255 ], [ 7.59968, 49.23216 ], [ 7.59427, 49.23147 ], [ 7.59358, 49.23172 ], [ 7.58671, 49.23176 ], [ 7.5848, 49.23139 ], [ 7.57397, 49.23241 ], [ 7.56912, 49.23387 ], [ 7.56557, 49.23218 ], [ 7.56088, 49.22898 ], [ 7.56077, 49.22724 ], [ 7.56133, 49.22631 ], [ 7.55375, 49.22059 ], [ 7.55321, 49.21945 ], [ 7.55083, 49.21943 ], [ 7.55093, 49.21873 ], [ 7.54774, 49.2187 ], [ 7.5464, 49.2182 ], [ 7.54376, 49.21786 ], [ 7.53956, 49.21815 ], [ 7.53956, 49.21837 ], [ 7.53394, 49.21682 ], [ 7.53072, 49.21463 ], [ 7.5272, 49.21415 ], [ 7.52578, 49.21464 ], [ 7.5243, 49.21688 ], [ 7.51749, 49.2139 ], [ 7.51326, 49.21283 ], [ 7.51561, 49.21035 ], [ 7.5186, 49.21109 ], [ 7.52017, 49.21072 ], [ 7.51978, 49.21011 ], [ 7.51923, 49.21009 ], [ 7.51937, 49.20807 ], [ 7.51903, 49.20643 ], [ 7.51789, 49.20414 ], [ 7.51835, 49.20283 ], [ 7.52031, 49.2031 ], [ 7.51661, 49.20086 ], [ 7.51555, 49.20103 ], [ 7.51582, 49.20074 ], [ 7.51514, 49.20073 ], [ 7.51614, 49.19982 ], [ 7.5169, 49.19775 ], [ 7.51959, 49.19683 ], [ 7.52084, 49.19542 ], [ 7.52235, 49.19463 ], [ 7.52551, 49.19403 ], [ 7.52811, 49.19227 ], [ 7.53085, 49.19102 ], [ 7.53085, 49.18871 ], [ 7.53151, 49.18789 ], [ 7.53281, 49.18777 ], [ 7.53229, 49.18702 ], [ 7.53242, 49.18671 ], [ 7.53357, 49.18621 ], [ 7.53601, 49.18608 ], [ 7.5362, 49.18509 ], [ 7.53922, 49.18368 ], [ 7.53962, 49.18299 ], [ 7.54092, 49.18253 ], [ 7.54159, 49.18168 ], [ 7.54446, 49.18086 ], [ 7.54504, 49.18029 ], [ 7.54567, 49.17853 ], [ 7.54634, 49.17776 ], [ 7.5482, 49.17673 ], [ 7.54864, 49.17612 ], [ 7.55034, 49.17542 ], [ 7.55152, 49.17378 ], [ 7.55374, 49.17256 ], [ 7.55647, 49.16996 ], [ 7.55935, 49.16813 ], [ 7.56041, 49.16637 ], [ 7.56193, 49.16541 ], [ 7.56465, 49.16473 ], [ 7.56826, 49.16496 ], [ 7.57115, 49.16645 ], [ 7.57143, 49.16673 ], [ 7.57102, 49.16714 ], [ 7.57341, 49.16843 ], [ 7.57431, 49.16936 ], [ 7.57694, 49.17016 ], [ 7.57932, 49.17181 ], [ 7.58061, 49.17114 ], [ 7.58243, 49.17223 ], [ 7.5828, 49.17174 ], [ 7.59123, 49.1739 ], [ 7.59415, 49.17399 ], [ 7.59444, 49.17279 ], [ 7.59418, 49.17223 ], [ 7.59365, 49.17216 ], [ 7.59137, 49.16953 ], [ 7.59166, 49.16936 ], [ 7.58874, 49.16782 ], [ 7.58962, 49.16764 ], [ 7.59103, 49.1661 ], [ 7.59106, 49.16513 ], [ 7.59077, 49.16482 ], [ 7.58885, 49.16398 ], [ 7.5889, 49.163 ], [ 7.59066, 49.16253 ], [ 7.59097, 49.16182 ], [ 7.5889, 49.15985 ], [ 7.58731, 49.15766 ], [ 7.5847, 49.15576 ], [ 7.58146, 49.15525 ], [ 7.5817, 49.15489 ], [ 7.58452, 49.15524 ], [ 7.58398, 49.15402 ], [ 7.58254, 49.15265 ], [ 7.58165, 49.15116 ], [ 7.5811, 49.15011 ], [ 7.58132, 49.14956 ], [ 7.58108, 49.14903 ], [ 7.57951, 49.14741 ], [ 7.57678, 49.14693 ], [ 7.57684, 49.14645 ], [ 7.57957, 49.1468 ], [ 7.57932, 49.14565 ], [ 7.57743, 49.14394 ], [ 7.57711, 49.14218 ], [ 7.57758, 49.14137 ], [ 7.57749, 49.14223 ], [ 7.57807, 49.14374 ], [ 7.57913, 49.14504 ], [ 7.58106, 49.14451 ], [ 7.58374, 49.14497 ], [ 7.58494, 49.14563 ], [ 7.58677, 49.14608 ], [ 7.58815, 49.1461 ], [ 7.58871, 49.14794 ], [ 7.58942, 49.14897 ], [ 7.59377, 49.15195 ], [ 7.59956, 49.15718 ], [ 7.6101, 49.16481 ], [ 7.61108, 49.16481 ], [ 7.6108, 49.16307 ], [ 7.61228, 49.16022 ], [ 7.61452, 49.161 ], [ 7.61721, 49.16133 ], [ 7.6184, 49.16128 ], [ 7.61915, 49.16079 ] ] ] } },
{ "type": "Feature", "properties": { "stadt": "Marburg" }, "geometry": { "type": "Polygon", "coordinates": [ [ [ 8.84008, 50.83639 ], [ 8.84239, 50.83625 ], [ 8.84312, 50.8379 ], [ 8.84342, 50.84104 ], [ 8.84483, 50.84239 ], [ 8.84626, 50.84264 ], [ 8.84765, 50.84337 ], [ 8.84718, 50.84375 ], [ 8.84414, 50.84302 ], [ 8.83735, 50.84444 ], [ 8.83745, 50.8442 ], [ 8.83685, 50.84406 ], [ 8.83656, 50.84492 ], [ 8.83522, 50.84474 ], [ 8.83526, 50.84668 ], [ 8.82979, 50.84683 ], [ 8.82562, 50.8477 ], [ 8.82372, 50.84654 ], [ 8.82083, 50.84606 ], [ 8.81768, 50.84651 ], [ 8.81588, 50.84748 ], [ 8.81337, 50.8471 ], [ 8.81208, 50.85064 ], [ 8.81133, 50.85183 ], [ 8.8108, 50.85171 ], [ 8.8094, 50.85282 ], [ 8.8082, 50.85328 ], [ 8.8023, 50.8578 ], [ 8.79974, 50.85705 ], [ 8.79762, 50.85602 ], [ 8.79674, 50.85586 ], [ 8.79573, 50.85614 ], [ 8.7949, 50.85273 ], [ 8.79366, 50.85039 ], [ 8.79124, 50.84724 ], [ 8.78803, 50.84422 ], [ 8.78332, 50.8427 ], [ 8.78082, 50.8424 ], [ 8.77603, 50.84243 ], [ 8.77355, 50.84326 ], [ 8.77251, 50.84241 ], [ 8.77247, 50.84188 ], [ 8.77172, 50.84308 ], [ 8.7714, 50.84542 ], [ 8.77166, 50.84551 ], [ 8.77095, 50.84704 ], [ 8.76806, 50.85078 ], [ 8.7669, 50.85149 ], [ 8.76484, 50.85186 ], [ 8.76234, 50.85131 ], [ 8.76197, 50.85179 ], [ 8.7585, 50.85134 ], [ 8.75617, 50.85208 ], [ 8.75247, 50.85239 ], [ 8.7486, 50.8538 ], [ 8.74766, 50.85472 ], [ 8.74726, 50.85572 ], [ 8.74678, 50.85576 ], [ 8.74666, 50.85547 ], [ 8.74161, 50.85363 ], [ 8.73884, 50.85209 ], [ 8.73871, 50.85231 ], [ 8.73675, 50.85178 ], [ 8.73261, 50.85164 ], [ 8.72951, 50.85094 ], [ 8.72929, 50.85119 ], [ 8.72847, 50.851 ], [ 8.72791, 50.85223 ], [ 8.72819, 50.85414 ], [ 8.72678, 50.85623 ], [ 8.72486, 50.85735 ], [ 8.72463, 50.85713 ], [ 8.72363, 50.85851 ], [ 8.72225, 50.85873 ], [ 8.72017, 50.85833 ], [ 8.71615, 50.85628 ], [ 8.71435, 50.85664 ], [ 8.71093, 50.85651 ], [ 8.70928, 50.85558 ], [ 8.70771, 50.85675 ], [ 8.70683, 50.85627 ], [ 8.70391, 50.8562 ], [ 8.70263, 50.85429 ], [ 8.70264, 50.85213 ], [ 8.70231, 50.85175 ], [ 8.69922, 50.85232 ], [ 8.69624, 50.85201 ], [ 8.69523, 50.85162 ], [ 8.69556, 50.8514 ], [ 8.694, 50.85103 ], [ 8.69227, 50.85016 ], [ 8.69215, 50.84878 ], [ 8.69116, 50.84794 ], [ 8.68948, 50.8488 ], [ 8.68855, 50.84832 ], [ 8.68514, 50.846 ], [ 8.686, 50.84522 ], [ 8.68681, 50.84539 ], [ 8.68871, 50.84322 ], [ 8.69331, 50.8432 ], [ 8.69345, 50.84256 ], [ 8.69289, 50.84243 ], [ 8.69339, 50.84114 ], [ 8.69163, 50.84071 ], [ 8.68799, 50.84054 ], [ 8.68665, 50.84019 ], [ 8.68494, 50.83922 ], [ 8.68322, 50.83784 ], [ 8.68377, 50.83695 ], [ 8.68374, 50.83635 ], [ 8.68342, 50.83575 ], [ 8.68185, 50.83449 ], [ 8.67963, 50.83541 ], [ 8.67585, 50.83595 ], [ 8.67396, 50.83373 ], [ 8.67091, 50.83376 ], [ 8.6692, 50.83314 ], [ 8.66858, 50.83359 ], [ 8.66803, 50.83331 ], [ 8.66715, 50.83412 ], [ 8.66574, 50.83371 ], [ 8.66517, 50.83415 ], [ 8.66463, 50.83375 ], [ 8.6632, 50.83422 ], [ 8.66362, 50.83333 ], [ 8.66197, 50.83278 ], [ 8.66151, 50.83307 ], [ 8.66056, 50.83303 ], [ 8.65704, 50.8323 ], [ 8.64847, 50.83168 ], [ 8.64628, 50.83177 ], [ 8.64506, 50.83187 ], [ 8.64679, 50.83247 ], [ 8.64648, 50.83357 ], [ 8.64756, 50.83511 ], [ 8.64035, 50.83458 ], [ 8.64045, 50.83611 ], [ 8.63971, 50.83659 ], [ 8.63734, 50.83729 ], [ 8.63482, 50.83729 ], [ 8.63375, 50.83712 ], [ 8.63288, 50.83647 ], [ 8.63217, 50.83511 ], [ 8.63244, 50.83426 ], [ 8.62946, 50.83335 ], [ 8.62748, 50.83217 ], [ 8.62954, 50.83095 ], [ 8.6295, 50.83035 ], [ 8.63052, 50.82905 ], [ 8.63069, 50.82813 ], [ 8.63014, 50.82707 ], [ 8.63049, 50.82685 ], [ 8.62898, 50.82557 ], [ 8.62927, 50.82407 ], [ 8.62994, 50.82344 ], [ 8.63139, 50.82321 ], [ 8.63589, 50.82438 ], [ 8.63503, 50.82359 ], [ 8.6349, 50.82307 ], [ 8.63504, 50.8227 ], [ 8.63724, 50.82167 ], [ 8.63664, 50.82128 ], [ 8.63749, 50.82087 ], [ 8.63712, 50.8199 ], [ 8.63803, 50.81898 ], [ 8.63583, 50.8176 ], [ 8.6393, 50.81592 ], [ 8.63757, 50.81486 ], [ 8.63852, 50.81459 ], [ 8.63976, 50.81478 ], [ 8.63972, 50.81368 ], [ 8.64283, 50.81319 ], [ 8.64275, 50.81217 ], [ 8.64301, 50.81173 ], [ 8.64686, 50.81176 ], [ 8.6519, 50.8109 ], [ 8.65219, 50.81017 ], [ 8.65335, 50.8098 ], [ 8.65391, 50.81056 ], [ 8.655, 50.80981 ], [ 8.65462, 50.80953 ], [ 8.65621, 50.8084 ], [ 8.6571, 50.80895 ], [ 8.65675, 50.80942 ], [ 8.65859, 50.81 ], [ 8.6602, 50.80973 ], [ 8.6596, 50.8072 ], [ 8.66095, 50.80741 ], [ 8.66061, 50.80692 ], [ 8.6609, 50.80609 ], [ 8.65583, 50.80483 ], [ 8.6552, 50.80403 ], [ 8.65747, 50.80296 ], [ 8.65872, 50.80299 ], [ 8.66229, 50.80228 ], [ 8.66539, 50.80263 ], [ 8.66681, 50.80206 ], [ 8.66768, 50.80109 ], [ 8.66906, 50.80043 ], [ 8.6684, 50.79993 ], [ 8.67092, 50.79905 ], [ 8.67048, 50.79812 ], [ 8.66895, 50.79702 ], [ 8.66497, 50.79591 ], [ 8.6665, 50.7952 ], [ 8.66632, 50.79355 ], [ 8.66659, 50.79225 ], [ 8.66733, 50.79096 ], [ 8.66758, 50.78949 ], [ 8.66845, 50.78751 ], [ 8.67096, 50.78687 ], [ 8.67106, 50.78449 ], [ 8.67229, 50.78428 ], [ 8.67156, 50.78347 ], [ 8.67215, 50.78308 ], [ 8.67069, 50.78264 ], [ 8.67052, 50.78207 ], [ 8.67167, 50.78203 ], [ 8.67159, 50.78123 ], [ 8.67664, 50.78017 ], [ 8.6812, 50.7801 ], [ 8.68248, 50.77965 ], [ 8.68232, 50.7772 ], [ 8.6826, 50.77359 ], [ 8.68544, 50.77364 ], [ 8.68692, 50.77326 ], [ 8.68873, 50.77359 ], [ 8.69124, 50.77321 ], [ 8.69192, 50.77339 ], [ 8.69252, 50.7726 ], [ 8.69422, 50.77261 ], [ 8.69496, 50.77322 ], [ 8.69774, 50.7726 ], [ 8.69981, 50.7733 ], [ 8.70175, 50.77318 ], [ 8.70254, 50.77221 ], [ 8.70511, 50.77194 ], [ 8.70742, 50.7728 ], [ 8.70751, 50.77228 ], [ 8.70966, 50.77316 ], [ 8.71119, 50.77214 ], [ 8.71189, 50.77118 ], [ 8.71688, 50.7723 ], [ 8.71752, 50.77347 ], [ 8.71831, 50.77418 ], [ 8.72508, 50.77551 ], [ 8.73207, 50.77496 ], [ 8.73567, 50.77412 ], [ 8.73761, 50.77419 ], [ 8.74038, 50.77321 ], [ 8.74134, 50.772 ], [ 8.74113, 50.77167 ], [ 8.74215, 50.77117 ], [ 8.74228, 50.77036 ], [ 8.74171, 50.76801 ], [ 8.74221, 50.76784 ], [ 8.74192, 50.76709 ], [ 8.74262, 50.7669 ], [ 8.74315, 50.76772 ], [ 8.74393, 50.7671 ], [ 8.74466, 50.76709 ], [ 8.74502, 50.76661 ], [ 8.74599, 50.76631 ], [ 8.74684, 50.7666 ], [ 8.74753, 50.76627 ], [ 8.74658, 50.76473 ], [ 8.75072, 50.76323 ], [ 8.75111, 50.76182 ], [ 8.75151, 50.76158 ], [ 8.75063, 50.76055 ], [ 8.74996, 50.76084 ], [ 8.74619, 50.75979 ], [ 8.74634, 50.75955 ], [ 8.74406, 50.75642 ], [ 8.74398, 50.75562 ], [ 8.74491, 50.75409 ], [ 8.74567, 50.75441 ], [ 8.74622, 50.75349 ], [ 8.74572, 50.75255 ], [ 8.74441, 50.75142 ], [ 8.74601, 50.75041 ], [ 8.74681, 50.75159 ], [ 8.75142, 50.75088 ], [ 8.75066, 50.75029 ], [ 8.75012, 50.74888 ], [ 8.7446, 50.74535 ], [ 8.74546, 50.74397 ], [ 8.74526, 50.74326 ], [ 8.74687, 50.74271 ], [ 8.74917, 50.74263 ], [ 8.75109, 50.74164 ], [ 8.75249, 50.74084 ], [ 8.75288, 50.7394 ], [ 8.75413, 50.7389 ], [ 8.75475, 50.73803 ], [ 8.75936, 50.73913 ], [ 8.76032, 50.73985 ], [ 8.76074, 50.74154 ], [ 8.76284, 50.74213 ], [ 8.76448, 50.73897 ], [ 8.76529, 50.73848 ], [ 8.77118, 50.73996 ], [ 8.77237, 50.74 ], [ 8.7732, 50.74206 ], [ 8.77703, 50.742 ], [ 8.7814, 50.74242 ], [ 8.78322, 50.74212 ], [ 8.78385, 50.74239 ], [ 8.78495, 50.74395 ], [ 8.78706, 50.74259 ], [ 8.78754, 50.74291 ], [ 8.78965, 50.74246 ], [ 8.78982, 50.74319 ], [ 8.79176, 50.7429 ], [ 8.79318, 50.74307 ], [ 8.7957, 50.74571 ], [ 8.79775, 50.74685 ], [ 8.79879, 50.74785 ], [ 8.79856, 50.74929 ], [ 8.79773, 50.74958 ], [ 8.79773, 50.75116 ], [ 8.79702, 50.75371 ], [ 8.78611, 50.75399 ], [ 8.78434, 50.75531 ], [ 8.78367, 50.75651 ], [ 8.78469, 50.75853 ], [ 8.78533, 50.75901 ], [ 8.78699, 50.75934 ], [ 8.78881, 50.75913 ], [ 8.79156, 50.76034 ], [ 8.79228, 50.76115 ], [ 8.79197, 50.76148 ], [ 8.79233, 50.7618 ], [ 8.79381, 50.76221 ], [ 8.79413, 50.76187 ], [ 8.79511, 50.76222 ], [ 8.80082, 50.76527 ], [ 8.80194, 50.76837 ], [ 8.80139, 50.77002 ], [ 8.79994, 50.77036 ], [ 8.80393, 50.77228 ], [ 8.80548, 50.77236 ], [ 8.80345, 50.77141 ], [ 8.80375, 50.77089 ], [ 8.8024, 50.77026 ], [ 8.80474, 50.77055 ], [ 8.80839, 50.77004 ], [ 8.81103, 50.77081 ], [ 8.81103, 50.76807 ], [ 8.8129, 50.76591 ], [ 8.81597, 50.76704 ], [ 8.81713, 50.76571 ], [ 8.81645, 50.76542 ], [ 8.81749, 50.76433 ], [ 8.81996, 50.7636 ], [ 8.82087, 50.76236 ], [ 8.82274, 50.76249 ], [ 8.82396, 50.76116 ], [ 8.82353, 50.76103 ], [ 8.82342, 50.76036 ], [ 8.82648, 50.76085 ], [ 8.82672, 50.75944 ], [ 8.82607, 50.75834 ], [ 8.82591, 50.75701 ], [ 8.83393, 50.75751 ], [ 8.83385, 50.75841 ], [ 8.83638, 50.75849 ], [ 8.83663, 50.75948 ], [ 8.8384, 50.75911 ], [ 8.83948, 50.75926 ], [ 8.83969, 50.76005 ], [ 8.83921, 50.76154 ], [ 8.8391, 50.76401 ], [ 8.8409, 50.76373 ], [ 8.84063, 50.7651 ], [ 8.83938, 50.76566 ], [ 8.83961, 50.7685 ], [ 8.83997, 50.76854 ], [ 8.83911, 50.77017 ], [ 8.84096, 50.77034 ], [ 8.84051, 50.77154 ], [ 8.84011, 50.77154 ], [ 8.84009, 50.77228 ], [ 8.84075, 50.77265 ], [ 8.83967, 50.7733 ], [ 8.8419, 50.77537 ], [ 8.84227, 50.7767 ], [ 8.84514, 50.77674 ], [ 8.84512, 50.7785 ], [ 8.84645, 50.77833 ], [ 8.84696, 50.77975 ], [ 8.84822, 50.78128 ], [ 8.85403, 50.78661 ], [ 8.85812, 50.78713 ], [ 8.85759, 50.78799 ], [ 8.85502, 50.78775 ], [ 8.85374, 50.7891 ], [ 8.85227, 50.79238 ], [ 8.85256, 50.79343 ], [ 8.85337, 50.79373 ], [ 8.85048, 50.79499 ], [ 8.8507, 50.79527 ], [ 8.8494, 50.79646 ], [ 8.85007, 50.79736 ], [ 8.84912, 50.79754 ], [ 8.8483, 50.7992 ], [ 8.84654, 50.7986 ], [ 8.84403, 50.79834 ], [ 8.83869, 50.79833 ], [ 8.83734, 50.79845 ], [ 8.83723, 50.79939 ], [ 8.83594, 50.79936 ], [ 8.83688, 50.8009 ], [ 8.83696, 50.80327 ], [ 8.83544, 50.80682 ], [ 8.83674, 50.80684 ], [ 8.83713, 50.80733 ], [ 8.83723, 50.80832 ], [ 8.83572, 50.80835 ], [ 8.8352, 50.8101 ], [ 8.83569, 50.81088 ], [ 8.83391, 50.81116 ], [ 8.83361, 50.81298 ], [ 8.83876, 50.81354 ], [ 8.84032, 50.81421 ], [ 8.84063, 50.81554 ], [ 8.84034, 50.81608 ], [ 8.84245, 50.81659 ], [ 8.84004, 50.82061 ], [ 8.84104, 50.82081 ], [ 8.84011, 50.82126 ], [ 8.8363, 50.82086 ], [ 8.83292, 50.81935 ], [ 8.83143, 50.81994 ], [ 8.83143, 50.82054 ], [ 8.83116, 50.82059 ], [ 8.83162, 50.82206 ], [ 8.83223, 50.82276 ], [ 8.83391, 50.8237 ], [ 8.8349, 50.82485 ], [ 8.83364, 50.82555 ], [ 8.83291, 50.82537 ], [ 8.83107, 50.82645 ], [ 8.82988, 50.82841 ], [ 8.83186, 50.83041 ], [ 8.83289, 50.83093 ], [ 8.83209, 50.83333 ], [ 8.8323, 50.83396 ], [ 8.8336, 50.8353 ], [ 8.83486, 50.83589 ], [ 8.84008, 50.83639 ] ] ] } },
{ "type": "Feature", "properties": { "stadt": "Niedernhausen" }, "geometry": { "type": "Polygon", "coordinates": [ [ [ 8.25719, 50.18042 ], [ 8.24823, 50.17921 ], [ 8.24587, 50.17804 ], [ 8.24119, 50.17547 ], [ 8.23797, 50.17229 ], [ 8.23793, 50.17155 ], [ 8.23871, 50.17098 ], [ 8.24046, 50.17064 ], [ 8.24305, 50.16803 ], [ 8.22747, 50.16354 ], [ 8.2315, 50.16034 ], [ 8.23002, 50.15911 ], [ 8.23025, 50.15826 ], [ 8.2396, 50.15337 ], [ 8.24096, 50.14844 ], [ 8.24471, 50.14967 ], [ 8.2457, 50.14832 ], [ 8.24939, 50.14819 ], [ 8.25019, 50.14868 ], [ 8.2503, 50.14958 ], [ 8.25321, 50.14936 ], [ 8.25351, 50.14928 ], [ 8.25345, 50.14882 ], [ 8.25468, 50.1488 ], [ 8.26052, 50.14978 ], [ 8.26255, 50.15069 ], [ 8.26658, 50.15038 ], [ 8.26854, 50.14984 ], [ 8.27065, 50.15096 ], [ 8.27101, 50.15061 ], [ 8.27283, 50.15105 ], [ 8.27313, 50.15139 ], [ 8.27531, 50.15128 ], [ 8.27589, 50.15181 ], [ 8.27756, 50.15025 ], [ 8.28233, 50.15075 ], [ 8.28321, 50.14712 ], [ 8.28863, 50.1478 ], [ 8.29155, 50.14744 ], [ 8.29565, 50.14815 ], [ 8.29615, 50.14865 ], [ 8.30214, 50.14949 ], [ 8.30421, 50.15162 ], [ 8.30568, 50.15123 ], [ 8.30642, 50.1502 ], [ 8.31037, 50.14929 ], [ 8.31199, 50.15156 ], [ 8.31381, 50.15086 ], [ 8.31754, 50.15048 ], [ 8.31969, 50.1509 ], [ 8.32324, 50.15107 ], [ 8.32401, 50.15074 ], [ 8.3248, 50.1497 ], [ 8.32668, 50.1487 ], [ 8.32746, 50.14458 ], [ 8.33046, 50.14653 ], [ 8.33309, 50.14998 ], [ 8.33436, 50.15064 ], [ 8.33461, 50.15157 ], [ 8.33715, 50.15172 ], [ 8.339, 50.15233 ], [ 8.33749, 50.15544 ], [ 8.33851, 50.15571 ], [ 8.33859, 50.15709 ], [ 8.33889, 50.15735 ], [ 8.34165, 50.15838 ], [ 8.34296, 50.15766 ], [ 8.34447, 50.15767 ], [ 8.34482, 50.15866 ], [ 8.34537, 50.15859 ], [ 8.34674, 50.16063 ], [ 8.3497, 50.16078 ], [ 8.34985, 50.16128 ], [ 8.35017, 50.16129 ], [ 8.35057, 50.1608 ], [ 8.35119, 50.16078 ], [ 8.35133, 50.1603 ], [ 8.3521, 50.16065 ], [ 8.3524, 50.1605 ], [ 8.35191, 50.16023 ], [ 8.35237, 50.15991 ], [ 8.35436, 50.16023 ], [ 8.35615, 50.15945 ], [ 8.35739, 50.15969 ], [ 8.35865, 50.15848 ], [ 8.35897, 50.15682 ], [ 8.36245, 50.15688 ], [ 8.36492, 50.15572 ], [ 8.36965, 50.1559 ], [ 8.36962, 50.15732 ], [ 8.37022, 50.15923 ], [ 8.36941, 50.15958 ], [ 8.36812, 50.15852 ], [ 8.36484, 50.15781 ], [ 8.36434, 50.15971 ], [ 8.36477, 50.15984 ], [ 8.36371, 50.16074 ], [ 8.36874, 50.16297 ], [ 8.36514, 50.16372 ], [ 8.36377, 50.16438 ], [ 8.36184, 50.16731 ], [ 8.36012, 50.16785 ], [ 8.3612, 50.16947 ], [ 8.36018, 50.16997 ], [ 8.35736, 50.17056 ], [ 8.35518, 50.17019 ], [ 8.3537, 50.16951 ], [ 8.35309, 50.17001 ], [ 8.35185, 50.1696 ], [ 8.35146, 50.16999 ], [ 8.3511, 50.16966 ], [ 8.34829, 50.17178 ], [ 8.34788, 50.17158 ], [ 8.34692, 50.17276 ], [ 8.34678, 50.17398 ], [ 8.34552, 50.17514 ], [ 8.34497, 50.17623 ], [ 8.34524, 50.17644 ], [ 8.34587, 50.17647 ], [ 8.347, 50.17739 ], [ 8.34691, 50.1776 ], [ 8.3515, 50.17966 ], [ 8.35187, 50.18145 ], [ 8.35238, 50.18223 ], [ 8.35648, 50.18194 ], [ 8.35816, 50.18239 ], [ 8.35886, 50.1828 ], [ 8.35941, 50.18382 ], [ 8.35986, 50.18384 ], [ 8.35907, 50.18516 ], [ 8.35304, 50.18796 ], [ 8.3527, 50.18819 ], [ 8.35271, 50.18892 ], [ 8.35223, 50.18923 ], [ 8.35021, 50.18826 ], [ 8.34787, 50.18836 ], [ 8.34561, 50.18764 ], [ 8.34103, 50.18762 ], [ 8.33649, 50.19177 ], [ 8.33517, 50.19161 ], [ 8.33442, 50.19205 ], [ 8.32186, 50.18456 ], [ 8.31614, 50.18263 ], [ 8.30902, 50.18647 ], [ 8.30948, 50.18695 ], [ 8.30474, 50.19055 ], [ 8.30777, 50.19128 ], [ 8.30551, 50.19211 ], [ 8.30734, 50.19281 ], [ 8.30643, 50.19363 ], [ 8.30642, 50.19384 ], [ 8.30778, 50.19403 ], [ 8.30714, 50.19481 ], [ 8.30549, 50.19569 ], [ 8.30326, 50.19511 ], [ 8.30239, 50.19647 ], [ 8.30027, 50.19612 ], [ 8.30035, 50.19536 ], [ 8.29871, 50.19506 ], [ 8.29762, 50.19617 ], [ 8.29533, 50.1962 ], [ 8.28687, 50.19325 ], [ 8.28306, 50.19743 ], [ 8.28117, 50.20129 ], [ 8.27865, 50.2008 ], [ 8.27854, 50.19983 ], [ 8.27937, 50.19816 ], [ 8.27846, 50.19834 ], [ 8.27731, 50.19794 ], [ 8.27777, 50.19723 ], [ 8.27768, 50.1968 ], [ 8.2784, 50.19631 ], [ 8.2736, 50.19591 ], [ 8.27354, 50.19546 ], [ 8.27415, 50.19522 ], [ 8.27417, 50.19442 ], [ 8.27356, 50.18983 ], [ 8.26904, 50.18847 ], [ 8.2697, 50.18719 ], [ 8.26575, 50.18597 ], [ 8.26642, 50.18433 ], [ 8.26265, 50.18291 ], [ 8.25954, 50.18252 ], [ 8.26027, 50.18073 ], [ 8.2587, 50.18086 ], [ 8.25719, 50.18042 ] ] ] } },
{ "type": "Feature", "properties": { "stadt": "Engenhahn" }, "geometry": { "type": "Polygon", "coordinates": [ [ [ 8.25719, 50.18042 ], [ 8.24823, 50.17921 ], [ 8.24587, 50.17804 ], [ 8.24119, 50.17547 ], [ 8.23797, 50.17229 ], [ 8.23793, 50.17155 ], [ 8.23871, 50.17098 ], [ 8.24046, 50.17064 ], [ 8.24305, 50.16803 ], [ 8.22747, 50.16354 ], [ 8.2315, 50.16034 ], [ 8.23002, 50.15911 ], [ 8.23025, 50.15826 ], [ 8.2396, 50.15337 ], [ 8.24096, 50.14844 ], [ 8.24471, 50.14967 ], [ 8.2457, 50.14832 ], [ 8.24939, 50.14819 ], [ 8.25019, 50.14868 ], [ 8.2503, 50.14958 ], [ 8.25321, 50.14936 ], [ 8.25351, 50.14928 ], [ 8.25345, 50.14882 ], [ 8.25468, 50.1488 ], [ 8.26052, 50.14978 ], [ 8.26255, 50.15069 ], [ 8.26658, 50.15038 ], [ 8.26854, 50.14984 ], [ 8.27255, 50.15224 ], [ 8.27324, 50.15249 ], [ 8.27366, 50.15217 ], [ 8.27386, 50.15252 ], [ 8.27358, 50.15325 ], [ 8.2752, 50.15369 ], [ 8.27569, 50.15304 ], [ 8.27434, 50.1527 ], [ 8.27424, 50.15212 ], [ 8.27712, 50.15272 ], [ 8.27719, 50.1524 ], [ 8.27754, 50.15252 ], [ 8.27675, 50.15322 ], [ 8.2775, 50.1531 ], [ 8.27785, 50.15241 ], [ 8.28053, 50.15258 ], [ 8.28043, 50.15305 ], [ 8.28126, 50.15325 ], [ 8.2815, 50.15267 ], [ 8.28355, 50.1536 ], [ 8.28271, 50.15823 ], [ 8.28365, 50.15817 ], [ 8.28528, 50.15871 ], [ 8.28813, 50.16012 ], [ 8.28811, 50.16682 ], [ 8.28057, 50.16503 ], [ 8.27712, 50.17291 ], [ 8.27746, 50.17572 ], [ 8.27495, 50.1767 ], [ 8.27339, 50.17658 ], [ 8.27108, 50.17575 ], [ 8.26791, 50.17547 ], [ 8.26592, 50.17468 ], [ 8.26675, 50.17745 ], [ 8.26609, 50.17803 ], [ 8.26027, 50.18073 ], [ 8.2587, 50.18086 ], [ 8.25719, 50.18042 ] ] ] } }
]
}
